pard_name,exact_match,fuzzy_match,match_score,best_match
NOVAGENIT SRL,True,True,100,novagenit srl
Robinson Healthcare Ltd,True,True,100,robinson healthcare
1stQ GmbH,False,False,57,s t
2 Eyes Vision S. L.,False,False,67,vin dore 24k s l
"21 Century Medical Co., Ltd.",True,True,100,21 century medical co
21D Bioengineering Limited,False,False,70,p and g engineering
21MC Grup İç ve Dış Tic. Ltd. Şti.,False,False,64,anka sağlık gereçleri san i̇ç ve dış tic ltd şti
"23andMe, Inc.",True,True,100,23andme
270 Vision Limited,False,False,74,vision rt
2nd Nature Dental Laboratory Ltd,False,False,62,tin lok dongguan dental laboratory co
2TH Dental Practice,False,False,67,zirc dental products
3 DENTAL MANUFACTURING LTD,False,True,88,dental manufacturing s p a
"3-Point Products, Inc.",False,False,81,pi products
313 Visioncare Ltd,False,False,79,ast visioncare
360 Fabrications Ltd,False,False,59,fabricados triton s l
365 Health Solutions ltd,True,True,100,365 health solutions
3A HEALTH CARE S.r.l.,True,True,100,3a health care s r l
"3A Medical Products Co., Ltd",False,True,86,lch medical products
3B BlackBio Biotech India Limited (a subsidiary of Kilpest India Limited),False,False,47,jiangsu sensida biotechnology co ltd
3B BlackBio Dx Limited,True,True,100,3b blackbio dx
3C-Medical Intelligence GmbH,True,True,100,3c medical intelligence
3CPM Company / Endosure Inc,False,False,65,nanum company co
"3D Biomedicine Science & Technology Co., Ltd",True,True,100,3d biomedicine science technology co
3D Dental Laboratory ltd,False,False,67,helena laboratories
3D Imaging & Simulation Corp Americas,False,False,63,casis cardiac simulation imaging software
3D LifePrints UK Ltd,False,False,59,medicept uk
1987 Media Limited,False,False,67,a medica
1OSD Limited,False,False,57,sdi
1STCHOICE DENTAL LABORATORY LTD,False,False,69,aesthetic experts laboratory
Novak M d.o.o.,False,False,72,mediva d o o
Novamed (Europe) limited,True,True,100,novamed europe
"3D Systems, Inc.",True,True,100,3d systems
3DHISTECH Kft,True,True,100,3dhistech kft
3DIEMME Srl,True,True,100,3diemme srl
3M Company 3M Health Care,False,False,74,help care company aps
3M Deutschland GmbH Health Care Business,False,False,69,3m deutschland gmbh medical
3M ESPE Dental Products,False,True,85,3m company espe dental products
3M Healthcare Germany GmbH,False,False,84,d med healthcare germany
3M United Kingdom PLC,True,True,100,3m united kingdom plc
3M Unitek Orthodontic Products,False,False,78,reliance orthodontic products
3Shape A/S,True,True,100,3shape a s
3Shape TRIOS A/S,True,True,100,3shape trios a s
3TO GmbH,False,False,67,top
4D Ceramix Dental Lab,False,False,69,j b implant and dental ceramics
4D Dental,False,False,84,aad dental
4dentPRO GmbH & Co.KG,True,True,100,4dentpro gmbh co kg
"4L Health Co., Ltd",False,False,76,c4 health
4S Information Systems Ltd trading as 4S DAWN Clinical Software,False,False,59,coral clinical systems a division of tulip diagnostics p ltd
4WEB EU B.V.,True,True,100,4web eu
"66 Vision Tech Co., Ltd.",True,True,100,66 vision tech co
"66 Vision Tech Co., Ltd.",True,True,100,66 vision tech co
6over6 Vision Ltd.,True,True,100,6over6 vision
77 Elektronika Kft.,False,False,69,eku elektronik
7D Surgical ULC,True,True,100,7d surgical ulc
A - Line Dental Services,False,False,76,advena services
A & A  Pretious Dental Laboratory,False,False,69,aurena laboratories ab
3D Metal Printing Ltd.,True,True,100,3d metal printing
3D Orthodontics,False,True,93,db orthodontics
Novarad Corporation,True,True,100,novarad
A & W Dental Laboratory Ltd,False,False,70,aurena laboratories ab
A C  DENTAL SERVICES,False,False,82,advena services
A Ceramics Ltd,False,False,76,dermicus ab
A D G  Dental Services,False,False,78,advena services
A G Spreadbury Dental Laboratory,False,False,61,tin lok dongguan dental laboratory co
A G Stout Optometric Services Ltd,False,False,62,a papaetis services
A J Gunning Limited,False,False,58,jeng guang co
A J Rollings Dental Studio Limited,False,False,73,hall dental studio
A M J Ceramics,False,False,71,fine art ceramics
A ONE M TRADERS LIMITED,False,False,67,lgmed trades oy
A P Cargill Chrome Design Ltd,False,False,62,hill rom s a s
A Plus Dental Laboratory,False,False,70,aurena laboratories ab
A R Cooley LTD,False,False,67,a r c laser
A S Dental Lab,False,False,83,heka dental a s
A-dec Inc,True,True,100,a dec
A-dec Inc,True,True,100,a dec
A. Menarini Diagnostics S.r.l,True,True,100,a menarini diagnostics s r l
A. Menarini Farmaceutica Internazionale SRL,False,False,73,internacional farmaceutica s a de c v
A. SCHWEIZER GmbH,True,True,100,a schweizer
A.D.P. Dental Laboratory.,False,False,69,laboratoire d'etalons d'activite
A.Dougan Dental Laboratory,False,False,76,tin lok dongguan dental laboratory co
A.E Dental laboratory,False,False,70,aurena laboratories ab
A.M.I Agency for Medical Innovations GmbH,True,True,100,a m i agency for medical innovations
A.R.C. Laser GmbH,True,True,100,a r c laser
A.S. Reece Dental Lab,False,False,74,cm dental s r l
A.T.S. Applicazione Tecnologie Speciali srl,False,False,63,stm sistemi tecnologie medicali s r l
A.Vogel B.V.,True,True,100,a vogel
A.Vogel Ltd,True,True,100,a vogel
A/S Orthana Kemisk Fabrik,True,True,100,a s orthana kemisk fabrik
A&D Company Limited,False,False,75,a dec
A & I Lask Opticians,False,False,68,bio optica milano s p a
A & J Brown Optical,False,False,73,jh optical co
Novartis Pharma AG,True,True,100,novartis pharma
Robinson Optics Limited,False,False,69,vision one optics
"A&N Dental Laboratory,A&N Valuedent ltd,The Denture Shop",False,False,60,tin lok dongguan dental laboratory co
A&S Elite dental Laboratory,False,False,67,laboratorios anaclin s l
A&S Moore Limited,False,False,70,moveo s r l
A1 Aesthetics Laboratory Ltd,False,False,81,aesthetic experts laboratory
A1 Pharmaceuticals PLC,False,True,91,jazz pharmaceuticals plc
A3P Biomedical AB (publ),False,False,73,alpha brio medical srl
AAA DENTALAB LTD,False,False,82,aad dental
"Aalto Scientific, Ltd.",False,True,88,alcor scientific
Aaron Optometrists Ltd,False,False,61,amparo prosthetics
AAT Alber Antriebstechnik GmbH,True,True,100,aat alber antriebstechnik
AB DENTAL LABORATORY,False,False,76,aurena laboratories ab
AB Germa,False,False,74,dermacut ab
"AB Medica Group, S.A. - LESSA",False,False,75,ab medica group
ab medica s.p.a.,False,True,93,media lab s p a
ab medica sas,False,True,92,ab medica spa
AB Sciex Pte. Ltd.,True,True,100,ab sciex pte
AB-CT - Advanced Breast-CT GmbH,False,False,62,abc breast care
Abanza Tecnomed S.L.,True,True,100,abanza tecnomed s l
Abatron Limited,True,True,100,abatron
"Abaxis, Inc.",True,True,100,abaxis
ABBE TRADING COMPANY LTD,False,False,77,b s trading bv
Abbexa Ltd,False,False,80,abbexa uk
ABBEY GRANGE DENTAL LABORATORY,False,False,66,tin lok dongguan dental laboratory co
Abbey Laboratory Ltd,False,False,74,abbott laboratories
Abbot Dental Laboratory,False,False,76,abbott laboratories
Abbot Opticians,False,False,69,b2b optica s l
Abbott Dental Laboratory,False,False,74,abbott laboratories
Abbott Diabetes Care Ltd,True,True,100,abbott diabetes care
A&G DENTURES LTD,False,False,67,sure dent
A&J Dental Prosthetics Ltd (Birmingham),False,False,59,bdp biodinamia dental products lda
NovaSpine SAS,False,False,78,novasan sa
Novastep SAS,False,True,85,novastep s a s
Abbott Diagnostics Technologies AS,True,True,100,abbott diagnostics technologies as
Abbott GmbH,True,True,100,abbott
Abbott Ireland,False,False,80,amo ireland
Abbott Ireland Diagnostics Division,False,False,69,abbott diagnostics medical co
Abbott Ireland Diagnostics Division,False,False,69,abbott diagnostics medical co
Abbott Laboratories,True,True,100,abbott laboratories
Abbott Laboratories,True,True,100,abbott laboratories
Abbott Laboratories,True,True,100,abbott laboratories
Abbott Medical,True,True,100,abbott medical
Abbott Medical,True,True,100,abbott medical
Abbott Medical,True,True,100,abbott medical
Abbott Medical,True,True,100,abbott medical
Abbott Medical,True,True,100,abbott medical
Abbott Medical,True,True,100,abbott medical
Abbott Medical,True,True,100,abbott medical
Abbott Medical,True,True,100,abbott medical
Abbott Medical,True,True,100,abbott medical
Abbott Medical,True,True,100,abbott medical
Active Design Limited,False,False,75,base design
"Abbott Diagnostics Medical Co., Ltd.",True,True,100,abbott diagnostics medical co
"Abbott Diagnostics Scarborough, Inc.",True,True,100,abbott diagnostics scarborough
NOVATECH SA,True,True,100,novatech sa
novavision group s.p.a.,False,False,84,novavision group
Novax Pharma,False,True,88,innova pharma
"Danyang Rapid Aid Hot And Cold Therapy Products Co., Ltd",True,True,100,danyang rapid aid hot and cold therapy products co
DDM Health Ltd,False,False,80,bm2 health
Defence Dental Centre,False,False,65,cardex dental
Hockerill Dental Bishop Stortford,False,False,55,hall dental studio
IO DONCASTER LIMITED,False,False,62,caterna vision
MALVESTIO S.p.A.,False,False,72,miat s p a
Meadowbank Dental Practice,False,False,67,metaux precieux dental
NRT X-Ray A/S,False,False,70,rays s p a
PolyMedics Innovations GmbH,True,True,100,polymedics innovations
Radux  Devices LLC,False,False,72,thea devices
Sadler Dental Care (Paterson and Sadler Ltd),False,False,55,shanghai fanta dental materials co ltd
"Sakura Seiki Co., Ltd.",False,False,59,värska vara oü
"Seigla Medical, Inc.",True,True,100,seigla medical
SKYLA CORPORATION HSINCHU SCIENCE PARK BRANCH,True,True,100,skyla corporation hsinchu science park branch
"SunTech Medical, Inc.",False,True,86,natec medical
Technolas Perfect Vision GmbH,True,True,100,technolas perfect vision
The Nightingale Clinic,False,False,67,nightingale glove co
TidalSense Limited,True,True,100,tidalsense
yoursciencebc limited,False,False,75,urosciences
"Zhuhai Pusen Medical Technology Co., Ltd.",False,True,90,zhuhai seesheen medical technology co
"Zhuhai Zhi Li Battery Co., Ltd.",False,True,89,zhuhai zhili battery co
Active Dental Laboratory Ltd,False,False,79,laboratoire d'etalons d'activite
6D Tape Inc,True,True,100,6d tape
BYD Auto Industry Company Limited,False,False,73,dabo industry co
"Cortex Manufacturing, LLC",False,True,87,litex manufacturing
Novel,False,False,83,nouveal
NOVENTURE S.L.,False,True,88,noventure sl
Abbott Molecular Inc.,True,True,100,abbott molecular
Abbott Point of Care,True,True,100,abbott point of care
Abbott Rapid Diagnostics Jena GmbH,True,True,100,abbott rapid diagnostics jena
Abbott S.r.I,False,True,92,abbott s r l
Abbott Toxicology Ltd,True,True,100,abbott toxicology
Abbott Vascular,True,True,100,abbott vascular
AbbVie Inc,True,True,100,abbvie
Abby Louise Dental Laboratory,False,False,71,aurena laboratories ab
ABC Dental Laboratory Limited,False,False,74,aurena laboratories ab
ABC OPTICAL LTD,False,False,75,jh optical co
ABDOS Labtech Pvt. LTD.,False,True,89,abdos labtech private
Abena A/S,True,True,100,abena a s
Abena AB,True,True,100,abena ab
abergavenny dental laboratory,False,False,63,aurena laboratories ab
Abigo Medical AB,True,True,100,abigo medical ab
Abilia AB,True,True,100,abilia ab
Abingdon Health Plc,True,True,100,abingdon health plc
"Abiomed, Inc.",True,True,100,abiomed
"Abiores Technology (Beijing) Co., Ltd.",False,True,94,abiores technology beijing co ltd
"Ablative Solutions, Inc.",True,True,100,ablative solutions
Ablatus Therapeutics,False,False,82,airgas therapeutics
ABLE Human Motion S.L.,False,True,89,able human motion
"AbleNet, Inc.",True,True,100,ablenet
The Dental Workshop Ltd,False,False,68,new york dental kft
Abbott Medical Costa Rica Ltda,False,False,68,bh medical products co ltd
Abbott Medical UK Limited,False,True,90,abbott medical
Novian Health Inc,True,True,100,novian health
Novo Nordisk A/S,True,True,100,novo nordisk a s
Novo Nordisk Limited,False,True,86,novo nordisk a s
Novobrush GmBH,False,False,62,novacor
Abrasive Technology LLC,True,True,100,abrasive technology
Absorbest AB,True,True,100,absorbest ab
Abtech Safety Limited,False,False,79,technosafety bv
Abtrace Limited,False,False,67,thoragen ab
AC Aircontrols GmbH,False,False,69,contipro a s
Acandis GmbH,False,False,74,scandidos ab
"Acare Medical Science Co., Ltd.",False,False,81,sd medical care co
Acarix A/S,True,True,100,acarix a s
Accel-Heal Technologies Limited,True,True,100,accel heal technologies
"Accelerate Diagnostics, Inc.",False,False,80,cancer diagnostics
Accellerate Limited,False,False,67,pellet asc
Access Point Technologies EP Inc.,False,False,75,accel heal technologies
Access Radiotherapy Ltd,False,False,65,de ceunynck radiotherapy nv
Accora Limited,True,True,100,accora
Accrington Surgical Instrument Supplies Ltd,False,False,75,sie ag surgical instrument engineering
Accriva Diagnostics,False,True,85,cc diagnostics
Accro Clearline Ltd,False,False,67,dermaline co
Accubio Limited,True,True,100,accubio
Accurate Dental Laboratory,False,False,70,access dental lab
Accutron Inc.,False,False,71,acuson
The Dentalab,False,False,76,mt dental
Abraham Blacksmith,False,False,54,smooth bor plastics
Abraham Blacksmith Ltd,False,False,54,smooth bor plastics
Absolute Dental,False,False,77,absolute medical
Accuray Incorporated,True,True,100,accuray
Novocure GmbH,True,True,100,novocure
Novodent SA,True,True,100,novodent sa
ACE Medical Devices Pvt Ltd,True,True,100,ace medical devices pvt
Ace Orthotics Ltd,True,True,100,ace orthotics
"ACE Surgical Supply Company, Inc.",False,True,90,ace surgical supply co
ACEKARE,True,True,100,acekare
"ACell, Inc.",False,False,77,jenacell
Aceonedent Korea Ind. Co,False,True,85,aceonedent korea industrial
ACESO LABORATORIES INC.,False,True,91,acon laboratories
ACIME FRAME SAS,False,False,71,corin france sas
"ACIST Medical Systems, Inc.",True,True,100,acist medical systems
Ackermann Instrumente GmbH,True,True,100,ackermann instrumente
ACL GmbH,True,True,100,acl
"Aclarion, Inc",False,False,80,acclaro
ACME COMMERCIAL WAYS (PVT) LTD,True,True,100,acme commercial ways pvt
Acme Dental Laboratories Ltd,False,False,79,helena laboratories
ACON Biotech (Hangzhou) Co Ltd,False,False,76,hangzhou chohotech co
"Acon Laboratories, Inc.",True,True,100,acon laboratories
Acorn Dental Laboratory.,False,False,73,laboratorios conda
Acorn Mobility Services Limited,False,False,68,amico mobility solutions
Acorn Polymers (UK) Ltd,False,False,67,ylla japan polymers
"Acotec Scientific Co., Ltd.",True,True,100,acotec scientific co
"ACRA-CUT, Inc.",True,True,100,acra cut
"Acro Biotech, Inc.",False,False,80,astra biotech
"ACROSS Co., Ltd.",True,True,100,across co
The Denture Centre,False,False,65,the electrode store
Ace Dental Laboratory,False,False,74,access dental lab
"Ace Medical Co., Ltd.",True,True,100,ace medical co
Novomed Group,True,True,100,novomed group
Novotec Medical GmbH,False,True,86,natec medical
Posture Care Ltd,False,False,73,lp care oe
ActiGraph LLC,True,True,100,actigraph
"Action Products, Inc.",True,True,100,action products
Actis Medical Pty Ltd,True,True,100,actis medical pty
"Activ Surgical, Inc.",True,True,100,activ surgical
Bering Limited,True,True,100,bering
Berlin Heart GmbH,False,False,83,berlin heals
Bernafon,False,False,67,benta lyon
Bernhard Foerster,False,False,67,bernard cervos societe
Berries United Oy,True,True,100,berries united oy
Bertec Corporation,True,True,100,bertec
Berwick Upon Tweed VE Limited,False,False,60,thermed volker gericke
BES Healthcare Ltd,False,True,97,best healthcare
BESA GmbH,True,True,100,besa
Besmed Health Business Corp.,True,True,100,besmed health business
Bespoke Dental Ceramics Limited,False,False,63,j b implant and dental ceramics
Bespoke Dental Laboratory,False,False,67,laboratorios cosmodent s l
Bespoke denture clinic,False,False,58,pentron clinical
Bespoke Frameworks by Christopher Hesketh Ltd,False,False,48,christophorus cbc
BESPOKE PROSTHETICS & ORTHOTICS LTD,False,True,88,boston orthotics prosthetics
bess pro gmbh,False,False,71,easy prod
best medical GmbH,True,True,100,best medical
"Best Medical International, Inc.",True,True,100,best medical international
Best Theratronics,False,False,67,best vision international
C B Dental Laboratory Services,False,False,69,aurena laboratories ab
Actegy Ltd,True,True,100,actegy
Actesso Medical Supports Ltd,True,True,100,actesso medical supports
Novoxel Ltd,True,True,100,novoxel
ACTO GmbH,False,False,75,arco
"ACUDERM, Inc.",False,False,71,amaderm
"AcuFocus, Inc.",True,True,100,acufocus
Acuitis Optical and Hearing Exeter LTD,False,False,62,ear technic hearing aids
Acuitis Optical and Hearing York Ltd,False,False,61,ear technic hearing aids
ACUITY CONTACT LENSES,False,False,65,hanita lenses
Acumed LLC,True,True,100,acumed
ACUMEDIC LTD,False,True,88,raumedic
Acurable Limited,True,True,100,acurable
"Acute Ideas Co., Ltd.",True,True,100,acute ideas co
Acutronic Medical Systems AG,False,False,84,mes medical electronic systems
Acutus Medical Inc.,True,True,100,acutus medical
Acutus Medical UK Limited,False,True,90,acutus medical
AD Laboratories,False,True,88,acon laboratories
Ad-Tech Medical Instrument Corporation,False,False,82,eca medical instruments
Ada Health GmbH,True,True,100,ada health
"Adagio Medical, Inc.",False,True,86,cardio medical
Adam Davies,False,False,67,adam’s aid
Adam Lafosse,False,False,64,adam’s aid
Adam Norris Dental Laboratory Ltd,False,False,67,aurena laboratories ab
Adamo S.r.l,True,True,100,adamo s r l
Adams Opticians Ltd,False,False,67,audoptica
Adaptiiv Medical Technologies Inc.,True,True,100,adaptiiv medical technologies
Adaptive Biotechnologies Corporation,True,True,100,adaptive biotechnologies
ADAS3D MEDICAL SL,False,True,91,adas3d medical s l
Coastal Dental Laboratory,False,False,71,laboratorios cosmodent s l
Activinsights Ltd,True,True,100,activinsights
ACTO,False,False,75,arco
Novuqare Pelvic Health B.V.,False,False,67,selvas healthcare
Novus Scientific,False,True,91,novus scientific ab
Adelphi Orthodontics Limited,False,False,80,db orthodontics
Adentatec GmbH,True,True,100,adentatec
adeor medical AG,False,True,88,ardo medical
Adept Dental Laboratory Ltd,False,False,68,laboratoire aguettant
Adept Medical Limited,True,True,100,adept medical
Adherium (NZ) Ltd.,False,False,60,andrius oü
Adhex Technologies SAS,False,False,80,dynex technologies
Adhezion Biomedical LLC,False,False,75,arden medical
Adin Dental Implant Systems Ltd,True,True,100,adin dental implant systems
Aditya Dispomed Products Private Limited,False,False,67,dobersun products private
Adkins Opticians Ltd,False,False,67,infocus optics
ADLER ORTHO SPA,False,False,81,adler ortho s p a
"ADLINK Technology GmbH,",False,True,87,adlink technology
Admetec Solutions Ltd,True,True,100,admetec solutions
Adora Digital Health Ltd,False,False,80,carealytix digital health
Adria srl,False,False,84,artsia srl
Adroit Surgical LLC,False,False,81,d a surgical
ADS Eye Clinic (Stockton),False,False,59,the dry eye clinic
ADSM a Tyber Medical Company,False,False,70,roma medical aids
Adtec Healthcare Limited,True,True,100,adtec healthcare
Advan S.r.l.,True,True,100,advan s r l
Advance Dental Clinic,False,False,74,dental advance sl
"Advance Dx, Inc.",False,False,82,advance
"Advance Medical Designs, Inc.",False,True,90,advanced medical design co
AdEchoTech,False,False,74,anteotech
Adelphi (Tubes) Ltd,True,True,100,adelphi tubes
NovyMed Export BV,False,False,63,novymed international bv
Nox Medical,True,True,100,nox medical
"NOxBOX, Ltd.",True,True,100,noxbox
"NSBS Co., Ltd.",True,True,100,nsbs co
NSDBG,False,False,55,nisgav
NSK Dental Italy S.r.l.,True,True,100,nsk dental italy s r l
Advanced Chrome Design LLP,False,False,77,advanced medical design co
Advanced Cosmetic Dental Studios,False,False,72,advanced medical solutions
Advanced Dental Services Ltd,False,False,78,dental advance sl
Advanced Dental Whitening Supplies Limited,False,False,67,dental advance sl
Advanced denture solutions,False,False,79,paltop advanced dental solutions
Advanced dentures,False,False,76,dental advance sl
advanced fiber tools GmbH,False,False,67,advanced bionics
Advanced Health and Care,False,False,70,advanced healthcare
Advanced Healthcare Ltd,True,True,100,advanced healthcare
ADVANCED HEALTHCARE TECHNOLOGY LIMITED,True,True,100,advanced healthcare technology
Advanced Imaging Devices GmbH,True,True,100,advanced imaging devices
Advanced Implant Laboratories LTD,False,False,77,advanced biological laboratories abl
Advanced Instruments LLC,True,True,100,advanced instruments
"Advanced Medical Design Co., Ltd.",True,True,100,advanced medical design co
Advanced Medical Solutions Israel (Sealantis) Ltd.,True,True,100,advanced medical solutions israel sealantis
Advanced Medical Solutions Limited,True,True,100,advanced medical solutions
Advanced Medical Solutions Ltd,True,True,100,advanced medical solutions
ADVANCED MEDTECH SOLUTIONS PRIVATE LIMITED,False,False,80,advanced medical solutions
Advanced Bionics LLC,True,True,100,advanced bionics
Advanced Brain Monitoring Inc,True,True,100,advanced brain monitoring
"Advanced Cell Diagnostics, Inc",False,False,74,cancer diagnostics
Advanced Dental Laboratories,False,False,75,advanced biological laboratories abl
Advanced Dental Prosthetics,False,False,75,paltop advanced dental solutions
Advanced Expert Systems Limited,False,False,76,advanced ophthalmic systems
NSK Europe GmbH,True,True,100,nsk europe
NSS Properties Ltd T/A Saltaire Orthodontics,False,False,57,xiantao xinri protective products co ltd
NTA Implant Ticaret ve Sanayi Limited Şirketi,False,False,80,nta implant ticaret ve sanayi ltd sti
NTC S.r.l.,False,False,78,nsi s r l
NTC Srl,True,True,100,ntc srl
"Advantech Co., Ltd.",True,True,100,advantech co
Aenduo SrL,False,False,74,akern srl
AEON DIAGNOSTIC Technology Corporation,False,False,77,abbott diagnostics technologies as
AERAZEN LAB S.r.l.,False,False,81,aerazen lab srl
AERAZEN LAB SRL,True,True,100,aerazen lab srl
Aero Healthcare Ltd,False,True,90,ardoz healthcare
Aerogen Ltd.,True,True,100,aerogen
Aerolase Corporation,False,False,75,aerolite
Aeropharm GmbH,False,False,84,europharma
Aerotel Medical Systems (1998) Ltd,True,True,100,aerotel medical systems 1998
Aesculap AG,True,True,100,aesculap
AESKU.Diagnostics GmbH & Co. KG,True,True,100,aesku diagnostics gmbh co kg
Aesrhea Laboratories Limited,False,False,82,helena laboratories
Aesthetic Dental Ceramics,False,False,67,carestream dental
Aesthetic Dental Laboratory Ltd,False,False,84,aesthetic experts laboratory
Aesthetic Digital Dental Lab Ltd,False,False,64,final dental lab
Aesthetic Technology Ltd,True,True,100,aesthetic technology
Aesthetic World Laboratory Ltd,False,False,74,aesthetic experts laboratory
Advanced Prosthetics Ltd,False,False,81,naked prosthetics
Advantage Medical Electronics (dba AMC),False,True,88,advantage medical electronics
"Advantice Health, LLC",True,True,100,advantice health
Aegis Lifesciences Private Limited,False,False,71,caris life sciences
Aesthetic Group,True,True,100,aesthetic group
NTH Solutions LLP,False,False,80,ent solutions
NTOC Medische Techniek BV,False,True,94,ntoc medische techniek
"Affimedix, Inc.",False,False,71,iffmedic
Affiniti AI Limited,False,False,64,manti manti
Affymetrix Inc.,False,False,74,orametrix
Afikim Electric Vehicles,True,True,100,afikim electric vehicles
AG Dental Prosthetics,False,False,74,forstec dental ab
AG Industries LLC,True,True,100,ag industries
AGA Medical Corporation,False,True,91,aug medical
AGA Sanitätsartikel GmbH,False,False,62,sanicare ab
Again Life Italia S.r.l.,False,False,78,a m i italia s r l
"AgaMatrix, Inc.",True,True,100,agamatrix
Agena Bioscience,False,False,84,alba bioscience
Agendia N.V.,True,True,100,agendia
Agfa HealthCare NV,True,True,100,agfa healthcare nv
Agfa NV,True,True,100,agfa nv
Agile Kinetic Limited,False,False,70,anetic aid
"Agilent Biosciences (Hangzhou) Co., Ltd.",False,False,76,hangzhou dalton biosciences
"Agilent Biosciences (Hangzhou) Co., Ltd.",False,False,76,hangzhou dalton biosciences
Agilent Technologies Singapore (International) Pte. Ltd,True,True,100,agilent technologies singapore international pte
"Agilent Technologies, Inc.",False,True,90,gilbert technologies
"Agnes Medical Co., Ltd.",True,True,100,agnes medical co
AgNovos Healthcare,False,True,90,agnovos healthcare usa
Ahlstrom-Munksjö Specialties,True,True,100,ahlstrom munksjö specialties
Afdent Ltd,False,False,83,addent
"Affera, Inc.",False,False,73,feral
Nu-Line Technology Solutions Ltd trading as NuLines,False,False,63,zhejiang jiecang linear motion technology co ltd
NUA Medical Limited,False,True,88,nurami medical
Nuada S.A.,False,False,67,wada
AI4MedImaging Medical Solutions S.A.,False,True,86,eemagine medical imaging solutions
AiBiomed Corp,False,True,93,abiomed
Aidapt Bathrooms Limited,False,False,60,adaptive biotechnologies
Aide Health,False,True,87,alife health
Aidence B.V.,True,True,100,aidence
Aidian Oy,True,True,100,aidian oy
Aidite (Qinhuangdao) Technology Co Ltd,False,True,89,aidite（qinhuangdao）technology co ltd
Aidoc Medical Ltd.,True,True,100,aidoc medical
Aidplex S.P.P.C,False,False,67,alvo s m p c
AIforce Limited,False,False,67,adin france
Aiforia Technologies Plc,False,False,80,airstrip technologies
"Aike (Shanghai) Medical Instrument Co., Ltd",False,True,90,shanghai bojin medical instrument co
Aion Dental Designs Ltd,False,False,69,argon dental srl
AIR LIQUIDE MEDICAL SYSTEMS S.A.,True,True,100,air liquide medical systems
AIR LIQUIDE MEDICAL SYSTEMS S.A.,True,True,100,air liquide medical systems
Air Liquide Medical Systems S.r.l.,True,True,100,air liquide medical systems s r l
Air Liquide Medical Systems S.r.l.,True,True,100,air liquide medical systems s r l
Air Note GmbH,True,True,100,air note
"Air Techniques, Inc.",False,False,72,ear technic
AIR WATER REALIZE INC.,True,True,100,air water realize
Airedale Ceramics Dental Laboratory,False,False,67,j b implant and dental ceramics
AIREL,False,False,80,caire
ARDEN  DENTAL LABORATORY.,False,False,67,aurena laboratories ab
AI Rehab Ltd,False,False,82,alu rehab
AI Sight,False,False,80,r sight
Nucleix Ltd,False,False,62,neolix
Nucletron B.V.,True,True,100,nucletron
Nudge Reality Limited,False,False,58,endo health
Nufer Medical AG,False,True,87,nf medical
Nuffield Health HSSU Wetherby (Head Office),False,False,48,smedical health beauty sl
Nuffield Health Parkside Hospital SSD,False,False,55,effebi hospital s r l
NUH Medical Engineering,False,True,89,rb medical engineering
Nulatex Sdn. Bhd.,True,True,100,nulatex sdn bhd
Nuline Limited,True,True,100,nuline
"NuMED Canada, Inc.",False,False,67,china purmed
AJL Ophthalmic SA,False,True,90,ajl ophthalmic
AK Optical Limited,False,False,78,class optical
Akeda Laser ApS,False,False,62,spes medica s p a
"Akervall Technologies, Inc.",False,False,81,panakeia technologies
Akira Dental Lab,False,False,74,aura dental
Akira Dental Laboratory,False,False,70,laboratorio aragó s l
AKJ Dentures Ltd,False,False,67,sure dent
AKLA AB,True,True,100,akla ab
AKO MED d.o.o.,False,False,75,ako med doo
Akra Dermo Jet,False,False,67,arkray europe
AKRUS GmbH & Co. KG,True,True,100,akrus gmbh co kg
AKSIM SURGICAL,False,True,86,alesi surgical
Aksmilelab Ltd,False,False,71,sumilab
Aktiia SA,True,True,100,aktiia sa
Aktina Medical Corporation,True,True,100,aktina medical
AKTIVE S.R.L.,False,False,81,datariver s r l
Primal Living Ltd,False,False,72,reliving srl
Airmax BV,True,True,100,airmax bv
Airon Corporation,True,True,100,airon
"NuMED, Inc.",True,True,100,numed
"Nunc A/S, a part of Thermo Fisher Scientific",False,False,74,thermo fisher scientific oy
Nuneaton VE Ltd,False,False,63,puretone
Alba Bioscience Limited,True,True,100,alba bioscience
Alber GmbH,False,False,73,walser
Albert Browne Ltd,True,True,100,albert browne
Albert Waeschle Ltd,False,False,67,albert kerbl
"Albino Dias de Andrade, Ltd",True,True,100,albino dias de andrade
Albion Dental Laboratory,False,False,70,laboratoire bongert
Albomed GMBH,True,True,100,albomed
Alchimia S.R.L,False,False,83,alma s r l
Alcis,True,True,100,alcis
"Alcon Laboratories, Inc.",False,True,97,acon laboratories
"Alcyone Therapeutics, Inc.",False,False,82,acorda therapeutics
"Alere San Diego, Inc.",True,True,100,alere san diego
Alerta Medical,True,True,100,alerta medical
Alesi Surgical Ltd,True,True,100,alesi surgical
Alessandro Ferrero Ltd,False,False,56,sérgio alves de barros
Alex Flynn Denture Clinic,False,False,59,pentron clinical
Alexander Opticians Limited,False,False,70,alexander line srl
ALFA INSTRUMENTS S.R.L.,True,True,100,alfa instruments s r l
Alfa Intes s.r.l.,False,False,84,alfa instruments s r l
Alfrecell Limited,False,False,82,lifecell
Alfred Becht GmbH,False,False,63,aretech
Alfred Franks & Bartlett Plc,True,True,100,alfred franks bartlett plc
Algamed Theraprutics LTD,False,False,77,airgas therapeutics
Arden Dentec Laboratory,False,False,69,laboratorios diet esthetic
Al bright dental ltd,False,False,71,argen dental
Alaxo GmbH,False,False,73,galaxa
Albrecht GmbH,False,False,74,elbrecht bv
"Nuova S.B, Systems S.r.l.",False,True,98,nuova s b system s r l
Nûr Dental Laboratory Ltd,False,False,72,laboratoria bota nv
NUREL MEDİKAL SAN VE TİC A.Ş,False,True,90,normmed medi̇kal san ve ti̇c a ş
NuSight Medical,False,True,87,renight medical
NuSmile,True,True,100,nusmile
"NuStep, LLC",False,False,71,surestep
Nutricia Medical DevicesB.V,False,True,89,nutricia medical devices bv
NuuChem Diagnostics Limited,False,False,83,roche diagnostics
Allengers Medical System Ltd,False,True,98,allengers medical systems
Allergan Industrie SAS,True,True,100,allergan industrie sas
Allergan Sales LLC,False,False,69,all med sale
Alleva Medical Limited,True,True,100,alleva medical
ALLEVA MEDICAL LIMITED,True,True,100,alleva medical
ALLIAGE S/A INDUSTRIAS MEDICO ODONTOLOGICA,False,True,96,alliage s a indústrias médico odontológica
Alliance Pharma S.r.l.,False,True,85,alliance pharma srl
Alliance Pharmaceutical Ltd,False,True,98,alliance pharmaceuticals
Allied International Trading Ltd t/a Supertouch,False,False,67,iea international trading
"Alliedstar Medical Equipment Co., Ltd.",True,True,100,alliedstar medical equipment co
Algotec Research and Development Limited,False,True,93,algotec research development
Alifax S.r.l,False,False,83,dealfa s r l
Align Solutions Ltd,False,False,81,aq solutions
Align Technology Ltd.,True,True,100,align technology
All Ceramic Solutions Ltd,False,False,73,pragmatech ai solutions
"All Medicus Co., Ltd.",True,True,100,all medicus co
Allard Support UK Ltd,True,True,100,allard support uk
ALLE S.R.L.,False,False,82,kaltek s r l
Allen Surgical Co. Pvt Ltd,False,False,82,allen surgical company private
NuVasive Inc.,True,True,100,nuvasive
NuVasive Specialized Orthopedics Inc.,False,False,63,sc activ ortopedic srl
Allurion,False,False,71,allmri
Allwin Medical Devices Inc,True,True,100,allwin medical devices
Alma Labs Ltd.,False,True,88,la labs
Alma Lasers GmbH,False,False,82,alix lasers
Alma Medical Products Ltd,False,True,90,baat medical products
Almac Diagnostic Services Ltd,False,True,86,almac diagnostic services ireland
Almirall Limited,True,True,100,almirall
"Almuzain International Reliable Partner Co.,LTD",False,False,63,u c international co ltd
ALN S.A.R.L.,False,False,82,advan s r l
Alnapharm AG & Co. KG,True,True,100,alnapharm ag co kg
ALNITEC SRL,True,True,100,alnitec srl
ALP Ecology S.R.O,False,False,71,ecoli dx s r o
Alpha Biolaboratories Analytical LTD,False,False,73,biolytical laboratories
Alpha Dental Ceramics,False,False,69,dental balance
Alpha Denture Clinic Limited,False,False,63,alpha tec systems inc
Alpha Laboratories Ltd,False,False,81,helena laboratories
Alpha Omega Engineering Ltd.,True,True,100,alpha omega engineering
alpha orthodontic laboratory,False,False,64,laboratory thoscane
Alpha-Bio Tec Ltd.,True,True,100,alpha bio tec
Alphadia S.A./N.V.,False,False,71,alpha ivd s p a
ALPHASONICS UCS LTD,False,False,59,alpatris srl
Alpine Dental,False,False,81,dental balance
Alpine HC Ltd ta Opera,False,False,83,alpine hc t a opera®
Alpinion Medical Systems Co. Ltd.,False,True,89,canon medical systems
Allmed Middle East,False,False,67,all med sale
Alltrista Plastics LLC,True,True,100,alltrista plastics
NUVE Sanayi Malzemeleri Imalat ve Ticaret A.S.,False,False,79,imicryl dis malzemeleri sanayi ve ticaret as
NUVIEW LTD,True,True,100,nuview
Nuvik Global Ltd,False,False,75,unico global
NuvoAir AB,True,True,100,nuvoair ab
"Nuwellis, Inc.",False,False,75,wellysis
NV Creations,False,False,67,zimmer knee creations
NVT GmbH,True,True,100,nvt
NxBiotech Sp. z o.o.,False,False,80,bowil biotech sp z o o
"NxStage Medical Inc.,",False,False,76,id nest medical
nyra health GmbH,True,True,100,nyra health
NYSALE Inc,False,False,71,nasaleze
Nyxoah SA,False,False,75,noao sa
O-Two Medical Technologies Inc.,False,True,87,medical technologies
O.C.L (Sheffield) Ltd,False,False,61,sheffmed
O&M Halyard Inc.,False,False,62,nemo healthcare
O2 Concepts,True,True,100,o2 concepts
O2matic ApS,True,True,100,o2matic aps
Oak Dental Laboratories Ltd,False,False,82,e o laboratories
Oak Dental Laboratory,False,False,70,e o laboratories
Oak Dental Studio,False,True,86,hall dental studio
Oak Medical Services Ltd,False,False,83,medical service s r o
Oak View Restorations Ltd,False,False,58,laboratorios viñas
ALPS South LLC,False,False,70,smokequit aps
ALS Dental Direct Limited,False,True,97,dental direct as
ALTATEC GmbH,True,True,100,altatec
Altaylar Medikal Tibbi Malzemeleri Inşaat Tekstil Gida Ithalat Ihracat Sanayi ve Ticaret Ltd. Şti.,False,False,73,venaporta tibbi malzemeler imalat ithalat ihracat sanayi ve ticaret limited sirketi
"Altimate Medical, Inc",True,True,100,altimate medical
Alvaston Opticians,False,False,65,class optical
Axon International Ltd,False,True,86,doran international
OAKLEY Inc.,False,False,73,opale
Oakmed Limited,False,False,77,locamed
Oakwood Eyecare Centre,False,False,55,electro cap center
Oakwood Remedies - a trading name of Linkplace Limited,False,False,51,c p a mediterra trading
Oakworks Inc,False,False,71,cathworks
OASIS DIAGNOSTICS S.A,False,False,83,sekisui diagnostics
"OASIS Medical, Inc.",True,True,100,oasis medical
OASYS Healthcare Corporation,False,True,90,voss healthcare
OBERON GmbH Fiber Technologies,True,True,100,oberon gmbh fiber technologies
Obex Dental,False,False,76,o s dental
Objective Imaging Ltd,True,True,100,objective imaging
OBL s.a.s.,False,False,70,deleo s a s
OBP Medical Corporation DBA OBP Medical,True,True,100,obp medical corporation dba obp medical
OBS Medical Ltd,True,True,100,obs medical
Observe Medical AB,True,True,100,observe medical ab
Observe Medical AB,True,True,100,observe medical ab
Occlusion Denture Laboratory,False,False,62,tin lok dongguan dental laboratory co
Occlutech GmbH,True,True,100,occlutech
Occlutech International AB,True,True,100,occlutech international ab
Occlutech Tibbi Urunler San.ve Tic.Ltd.Sti,False,False,79,simeks tibbi urunler san ve tic ltd sti
Occuity Limited,True,True,100,occuity
Ochillview Dental Implant Laboratory Ltd,False,False,64,korea dental implant
OCTO BIYOTEKNOLOJI ARGE SANAYI VE TICARET A.S.,False,False,79,erc biyoteknoloji ve sanayi dıs ticaret
OCTOPUS DENTAL LABORATORY,False,False,67,laboratorios cosmodent s l
"American Medical Systems, LLC",False,True,85,artinis medical systems
"American Prosthetic Components, LLC",True,True,100,american prosthetic components
"Ocular Instruments, Inc",True,True,100,ocular instruments
Oculera health technologies,False,True,85,ionic health technologies
"Oculo-Plastik, Inc",True,True,100,oculo plastik
Oculocare medical Ltd,False,False,77,pulsar medical
"Ampcare, LLC",False,False,77,jacare
Amplex Diagnostics GMBH,False,True,97,amplexdiagnostics
Amplifon SpA,False,False,77,amplifon s p a
Amplivox Ltd,False,False,59,likvor ab
AMPri Handelgesellschafts mbH,False,True,97,ampri handelsgesellschaft mbh
AMRA Medical AB,True,True,100,amra medical ab
Amryt Pharmaceuticals DAC,True,True,100,amryt pharmaceuticals dac
Amsino International Inc.,True,True,100,amsino international
AMTRION GmbH,True,True,100,amtrion
Ana Wiz Ltd,False,False,71,swiss sana
Anaesthetic Medical Systems Ltd,True,True,100,anaesthetic medical systems
Analog Implant Laboratory Ltd,False,False,69,clonallon laboratories ireland
Analyticon Biotechnologies GmbH,False,False,80,adaptive biotechnologies
Anathem LTD,False,False,71,manatec
"Anatomage, Inc.",False,False,71,zantomed
Anatomic Sitt AB,False,False,73,anatomic sitt i norrköping ab
Anatomical Concepts Inc.,False,False,71,anatomical geometry s l
"Anatomical Geometry, S.L.",True,True,100,anatomical geometry s l
Anatomics Pty Ltd.,True,True,100,anatomics pty
Anatomy Supply Partners LLC,False,False,64,south dakota partners
Andersen Caledonia Ltd,True,True,100,andersen caledonia
Andersen Sterilizers,True,True,100,andersen sterilizers
Anderside Tools Ltd,True,True,100,anderside tools
AMOR GUMMIWAREN GMBH,False,False,62,amo ireland
"Amoy Diagnostics Co., Ltd.",True,True,100,amoy diagnostics co
Oculox Technologies SA,True,True,100,oculox technologies sa
Primary Care IT Ltd,False,False,67,piramal critical care
Andramed GmbH,True,True,100,andramed
Andratec GmbH,True,True,100,andratec
Andrea Tropea Dental Laboratory Ltd,False,False,66,instrumentation laboratory spa
Andreas Fahl Medizintechnik-Vertrieb GmbH,True,True,100,andreas fahl medizintechnik vertrieb
Andreas Hettich GmbH & Co. KG,True,True,100,andreas hettich gmbh co kg
Andrew Baird Optometrist,False,False,56,st andrews medical innovations
Andrew Bolton Opticians,False,False,65,becton dickinson and
Andrew Care Opticians,False,False,62,andersen caledonia
Andrew Keirl Opticians,False,False,59,key optical europe srl
Andrew Laird Optical Ltd,False,False,63,androme medical
andrew riley optometry ltd,False,False,57,andersen sterilizers
Andrew Savory Dental Laboratory Limited,False,False,66,instrumentation laboratory spa
Andrew Taylor South West Ltd,False,False,55,new style
ANDREW TINKLER DENTAL LABORATORY,False,False,64,tin lok dongguan dental laboratory co
Andrew Willetts Opticians,False,False,59,opticas de ceuta sl
Andy Dunlop dental laboratory,False,False,67,tin lok dongguan dental laboratory co
Andy Williams Dental Studio,False,False,62,williams medical supplies
Anetic Aid Ltd,True,True,100,anetic aid
Anetic Aid Ltd.,True,True,100,anetic aid
Aneurin Bevan University Health Board,False,False,57,khalifa university enterprises
Angel Med Ltd,False,False,71,anmed
Angelcare Corporate UK Ltd.,False,False,63,ortho care uk
Angelini Pharma Inc.,False,False,83,angelini pharma s p a
Angelus Industria de Produtos Odontologicos S/A,False,False,63,alliage s a indústrias médico odontológica
Angiodroid SpA,True,True,100,angiodroid spa
"AngioDynamics, Inc.",True,True,100,angiodynamics
"AngioDynamics, Inc.",True,True,100,angiodynamics
Andon Health Co Ltd,False,True,89,andon health co
"Andover Healthcare, Inc",False,False,82,adtec healthcare
OCULUS Optikgeraete GmbH,False,True,94,oculus optikgeräte
Oculus Technologies of MX S.A. de C.V.,False,True,96,oculus technologies of méxico s a de c v
Angle Correct Ltd,False,False,64,angle europe
ANGLE Europe Limited,True,True,100,angle europe
Anglia Dental Laboratory,False,False,67,laboratorios anaclin s l
Anglia Orthodontics,False,False,76,db orthodontics
Anglia Ruskin University Optometry Clinic,False,False,48,globalsonics research pty
Anglo European Trading (UK) Ltd,False,False,62,europa trading s r l
ANGO Industries,False,True,93,ag industries
Angus MacNeil,False,False,60,nusmile
Angus Optix Limited,False,False,70,plusoptix
Anholt Technologies Inc. dba Qfix dba CQ Medical,False,False,67,front line medical technologies
"ANHUI DEEPBLUE MEDICAL TECHNOLOGY CO.,LTD.",True,True,100,anhui deepblue medical technology co ltd
"Anhui Easyway Medical Supplies Co., Ltd",False,False,73,changzhou xbr medical supplies co
"Anhui Greenland Biotech Co., Ltd",False,True,93,anhui greenland biotech co ltd
"Anhui Intco Medical Products Co.,Ltd.",True,True,100,anhui intco medical products co ltd
"Anhui JBH Medical Apparatus Co., Ltd.",False,False,81,foshan anle medical apparatus co
"Anhui JN Medical Device Co., Ltd.",False,True,93,anhui jn medical device co ltd
"ANHUI KAMT ICE PACK CO., LTD.",False,False,61,pak star co di hamid ali
"Anhui Kangfu Industrial Foreign Trade Co., Ltd.",True,True,100,anhui kangfu industrial foreign trade co
"Anhui Medsport Medical Products Co., Ltd.",True,True,100,anhui medsport medical products co
"Anhui Nanfang Medical Products Co., Ltd",False,True,86,planet anhui medical products co
"ANHUI POWERGUARD TECHNOLOGY CO., LTD",True,True,100,anhui powerguard technology co
"Anhui Tiankang Medical Technology Co.,Ltd",False,True,95,anhui tiankang medical technology co
"AngioSystems, Inc",False,False,82,biosystems
Angiplast Private Limited,True,True,100,angiplast private
Oculy Limited,False,False,67,lyfe focus
Ocupeye Limited,False,False,62,ocutec
"Anika Therapeutics, Inc.",False,True,86,airgas therapeutics
Anita Dr. Helbig GmbH,False,False,62,dr ihde dental
"Anji Anshen Surgical Dressings Co., Ltd.",True,True,100,anji anshen surgical dressings co
"Anji Hengfeng Sanitary Material Co., Ltd",True,True,100,anji hengfeng sanitary material co
Anji Hongde Medical Products Co. Ltd,False,True,95,anji hongde medical products co
Anji Yuandong Medical Products Co Ltd,False,True,88,anji yuandong medical product co ltd
"ANKON Technologies Co., Ltd.",True,True,100,ankon technologies co
"ANKON Technologies Co., Ltd.",True,True,100,ankon technologies co
Annalise-AI Pty Ltd,True,True,100,annalise ai pty
Annette I Dobbs,False,False,57,desitin arzneimittel
"Annex Medical inc, d.b.a. Sacred Heart Medical",False,False,62,sacred heart medical
"Anping Guardian Medical Equipment Co., Ltd",False,False,78,foshan anlun medical equipment co
Anqing Baojie Packaging Co. Limited,False,True,87,anqing baojie packaging co ltd
"Anrei Medical (HZ) Co., Ltd.",True,True,100,anrei medical hz co
Ansell Healthcare Europe N.V.,False,True,94,ansell healthcare europe nv
Antec International Limited,True,True,100,antec international
Anteis S.A.,False,False,80,anteis sa
Anteis S.A.,False,False,80,anteis sa
Anteris Aus Operations (Formally Admedus Regen Pty Ltd),False,False,66,anteris aus operations pty
Anthogyr,True,True,100,anthogyr
Ocura Healthcare Ltd,False,False,83,hr healthcare
Anika Therapeutics S.R.L.,True,True,100,anika therapeutics s r l
Anika Therapeutics SrL,False,True,87,anika therapeutics s r l
Ocushield LTD,False,False,70,equahshield
PosturePals Pty Ltd,True,True,100,posturepals pty
ANTITOXIN GmbH,True,True,100,antitoxin
Anton Hubner GmbH & Co KG,False,True,98,anton hübner gmbh co kg
ANTON MEYER & CO. LTD,False,True,88,anton meyer co
Antoni Carles S.A.,True,True,100,antoni carles
Antwerp Dental Group Limited,False,False,67,hasharon dental center
ANYE Medical Apparatus Technology Co. Ltd,False,True,87,foshan anye medical apparatus technology co
Anzacare Limited,False,False,75,novacare
ANZE Limited,False,False,75,anel
"AOJ HEALTH Technology Co., Ltd.",False,False,80,richhealth technology
AorticLab Srl,False,False,79,aorticlab s r l
AOTI Ltd,False,False,67,optim
APA Parafricta Ltd,True,True,100,apa parafricta
Apacor Limited,True,True,100,apacor
ApaTech Ltd,True,True,100,apatech
APELEM SAS,False,False,71,emo sas
Apex (Guangzhou) Tools & Orthopedics Co.,True,True,100,apex guangzhou tools orthopedics
Apex (Guangzhou) Tools & Orthopedics Co.,True,True,100,apex guangzhou tools orthopedics
Apex Biotechnology Corp.,True,True,100,apex biotechnology
Apex Dental Laboratory,False,False,70,apex dental srl
Apex Denture Studio Ltd,False,False,69,studio pontet
"Apex Health Care Mfg.,Inc",False,False,68,mölnlycke health care ab
ApiFix Ltd,False,False,67,biofix
Apis Assay Technologies Ltd.,True,True,100,apis assay technologies
"APK Technology Co., Ltd.",False,False,84,cortex technology aps
Anthony Spencer Dental Laboratory Ltd.,False,False,63,instrumentation laboratory spa
Anthropos Digital Care Ltd,False,False,72,liita care aps
OCuSOFT Inc,True,True,100,ocusoft
"Ocutech, Inc.",False,True,92,ocutec
"Apollo Endosurgery, Inc.",True,True,100,apollo endosurgery
Apollo Healthcare Technologies Ltd,False,False,80,belle healthcare technology co
APOLLO IMPLANT COMPONENTS UK LTD,False,False,61,champions implants
Apollo Medical Technologies Ltd,False,True,91,apoplex medical technologies
Apollonia House Dental & Health Care Ltd,False,False,61,alliance healthcare españa sa
APOQLAR UK LTD,False,False,82,apoqlar
Apos Medical Assets Ltd,False,False,78,bauta medical aps
Apotec Ltd,False,False,77,apatech
"Apothecary Products, LLC",True,True,100,apothecary products
Appelman Charman Optical Limited,False,False,65,merchamp optical
Apple Dental Ceramics,False,False,65,cms dental
Apple Inc,True,True,100,apple
Applied Biomedical Systems B.V.,True,True,100,applied biomedical systems
Applied Medical Resources Corporation,True,True,100,applied medical resources
"Applied Medical Technology, Inc.",True,True,100,applied medical technology
Applied Science Inc.,True,True,100,applied science
Applied Spectral Imaging Ltd.,False,False,68,almax imaging srl
Applimed SA,False,True,90,applimeda
APrevent Biotech GmbH,False,False,69,astra biotech
AprioMed AB,True,True,100,apriomed ab
Apro Korea Inc.,False,False,76,happy korea
APT Medical Inc.,True,True,100,apt medical
APTACA S.p.A.,False,False,80,artsana s p a
Apnea-Tech Ltd,False,False,82,apatech
"Apollo Biotech co., ltd.",False,False,72,baso biotech co ltd
OD-OS GmbH,False,False,75,ods
Odin Medical Limited,True,True,100,odin medical
Apyx Medical Corporation,False,True,87,axs medical
AQLANE Medical BV,False,True,90,aqlane medical
AQTIS Medical BV,False,True,90,aqtis medical
Aqua Medikal tibbi araç ve gereçler inşaat sanayi diş ticaret limited şirketi,False,False,74,ankarad medikal i̇maj sistemleri sanayi ve ticaret limited şirketi
Aqualution Systems Ltd,True,True,100,aqualution systems
AQUATOOLS HYGIENE LIMITED,False,False,62,cristal hygiene
Aquilant Limited,False,False,75,amiplant
Ar Baltic Medical UAB,True,True,100,ar baltic medical uab
Arab Medical Equipment Company (AMECO),False,False,75,alliedstar medical equipment co
ARANZ Medical Limited,True,True,100,aranz medical
ARC Microtech Ltd,True,True,100,arc microtech
ARCADOPHTA SARL,False,False,80,arcadophta
Arch Dental Laboratory Ltd,False,False,68,helena laboratories
Archform Byte Limited,False,False,64,tech form
ARCHITECH LABORATORY LTD,False,False,68,laboratoires arion
Archy Medical B.V.,True,True,100,archy medical
Arcitic Heat Pty Ltd.,False,True,97,arctic heat pty
ARCO Limited,True,True,100,arco
Arcoma AB,True,True,100,arcoma ab
ArcRoyal uc,True,True,100,arcroyal uc
"ArcScan, Inc.",False,False,75,reccan ab
"Arctic Solutions, Inc.",False,True,85,ronotic solutions
"Arcus Medical, LLC",False,True,89,acutus medical
Aptos LLC,True,True,100,aptos
APX Ophthalmology Ltd,False,False,79,newleaf ophthalmology
Odontech Ltd,False,False,75,orantech
Odstock Medical Ltd,True,True,100,odstock medical
Ardens-Q,False,False,67,gardien
"Area Dental Laboratory,",False,False,71,laboratorio aragó s l
Arena (Eyewear) Limited,False,False,79,eyecare eyewear
Ares Trading SA,True,True,100,ares trading sa
"Aretech, LLC",True,True,100,aretech
AREX,True,True,100,arex
Argentum Medical LLC,True,True,100,argentum medical
Argon Medical Devices Inc.,True,True,100,argon medical devices
Arian Medical Ltd,False,True,92,aranz medical
Arineta Ltd.,True,True,100,arineta
Arion Manufacturing B.V.,True,True,100,arion manufacturing
Arion Slide Solutions B.V.,True,True,100,arion slide solutions
ArjoHuntleigh AB,True,True,100,arjohuntleigh ab
"ARK Diagnostics, Inc.",False,True,90,3a diagnostics
"ARK Products, LLC",False,False,83,acm products
"ARKRAY Factory, Inc.",True,True,100,arkray factory
"Arlington Scientific, Inc",False,False,80,capricorn scientific
Armery Medical Technologies Inc.,False,True,87,laborie medical technologies
Armitage & Barker LTD,False,False,59,schwarzer cardiotek
Armour Plastics Ltd,False,False,80,exmoor plastics
Armstrong Medical Ltd,True,True,100,armstrong medical
Arnold Dental & Implant Centre,False,False,75,j b implant and dental ceramics
Aroa Biosurgery Limited,True,True,100,aroa biosurgery
Arran James Gavin,False,False,59,intermedic arfran
Arrow Dental,False,False,80,astron dental
Arden Orthotics Ltd,False,True,86,ace orthotics
Ardens Health Informatics Ltd,False,False,67,titus health care
Oertli Instruments AG,False,True,94,oertli instrumente
OES Medical Ltd,False,True,91,obs medical
ART MEDICAL Ltd.,True,True,100,art medical
Art Tech Dental Ceramics,False,False,69,j b implant and dental ceramics
Artera Inc,False,True,92,arterya
"Arteriocyte Medical Systems, Inc.",True,True,100,arteriocyte medical systems
Arterys Inc.,False,True,86,arterya
ARTFX MEDICAL LLC,True,True,100,artfx medical
ARTHESYS,True,True,100,arthesys
Arthrex Inc.,True,True,100,arthrex
Arthro Therapeutics AB,False,False,77,sigrid therapeutics ab
ArthroCare Corporation,False,False,74,arthroven
Articulab,False,False,70,smartcanula
Artinis Medical Systems B.V.,True,True,100,artinis medical systems
ArtiQ NV,True,True,100,artiq nv
Artisan Dental Studio,False,False,68,straume dental as
Artisan Dental Studio Bristol,False,False,60,asisdent salud bucodental sl
"Artivion, Inc.",False,False,75,magtivio
Artizan Ltd,False,False,73,aria
ARTOSS,False,False,80,ross
Artron Laboratories Inc.,True,True,100,artron laboratories
Artrya Ltd,False,True,92,arterya
Artsana S.p.A.,True,True,100,artsana s p a
Artsanity srl,True,True,100,artsanity srl
"Arum Dentistry Co., Ltd.",True,True,100,arum dentistry co
arun dental laboratory,False,False,70,laboratoire aguettant
Arrow Orthodontics Limited,False,False,79,db orthodontics
Art Dental Lab,False,False,77,access dental lab
OFF CARR S.r.l.,False,False,77,off carr srl
OFFHEALTH S.p.A.,True,True,100,offhealth s p a
"ASAHI Intecc Co, LTD",True,True,100,asahi intecc co
"Asahi Lite Optical Co., Ltd.",False,False,72,asahi intecc co
"Asahi Polyslider Company, Limited",True,True,100,asahi polyslider company
"Asan Pharmaceutical Co., Ltd.",True,True,100,asan pharmaceutical co
Asanus Medizintechnik GmbH,True,True,100,asanus medizintechnik
asap endoscopic products GmbH,False,False,72,asbach medical products
ASAP International Sdn Bhd,False,False,79,b a international
Ascendia Medtech AB,False,False,76,ascent meditech
Ascensia Diabetes Care Holdings AG,True,True,100,ascensia diabetes care holdings
"Ascension Orthopedics, Inc",False,False,79,adco orthopaedics
Asclepion Laser Technologies GmbH,True,True,100,asclepion laser technologies
Ascom (Sweden) AB,True,True,100,ascom sweden ab
Ascom UMS srl,True,True,100,ascom ums srl
ASCOT DENTAL CERAMICS,False,False,68,carestream dental
Ascyrus GmbH,False,False,71,gyrus acmi
Asep Healthcare Ltd,True,True,100,asep healthcare
Aseptico Inc.,False,False,75,steptics
Aseptika Limited,False,False,71,optika
ASG Superconductors S.p.A,True,True,100,asg superconductors s p a
Asgard Dental laboratory,False,False,70,aurena laboratories ab
Ashby De La Zouch V E Limited,False,False,54,deka m e l a srl
Ashby Dental and Implant Clinic,False,False,77,j b implant and dental ceramics
Ashby Dental Laboratory,False,False,71,aurena laboratories ab
Ashford & St. Peter's Hospitals NHS Foundation Trust,False,False,64,bedford hospital bedfordshire hospitals nhs foundation trust
ASA DENTAL S.P.A.,True,True,100,asa dental s p a
ASA s.r.l,True,True,100,asa s r l
Oftalpharma S.r.l.,False,False,76,pharma labs s r l
Ogg Dental Laboratory,False,False,70,e o laboratories
Ashton Denture Clinic,False,False,60,notion venture sdn bhd
Asiga,True,True,100,asiga
Askew N16 Limited,False,False,57,askin
Askorn Medical,False,False,83,as medical
ASO Europe BV (Representing ASO LLC),False,False,55,bracco imaging europe bv
ASO Europe BV (Representing ASO Philippines Inc),False,False,49,bracco imaging europe bv
Aspen Bad Oldesloe GMBH,True,True,100,aspen bad oldesloe
Aspen Medical Products LLC,False,True,88,dale medical products
"Aspen Surgical Products, Inc.",True,True,100,aspen surgical products
Aspire Pharma Ltd.,False,False,79,aspen pharma ireland
Aspiring gateway services ltd,False,False,65,asc integral services sl
ASPIVIX SA,True,True,100,aspivix sa
ASR prosthetics Ltd,False,True,85,amparo prosthetics
ASSAmed GmbH - Medizinbedarf,False,False,62,medizina gmbh co kg
ASSET® MEDIKAL TASARIM A. S.,False,False,67,assut medical sàrl
Associated Dental Products Ltd,True,True,100,associated dental products
ASSOCIATED LABORATORIES LTD,False,False,80,histocyte laboratories
"Associates of Cape Cod, Incorporated",True,True,100,associates of cape cod
Association of British Dispensing Opticians,False,False,53,national pediculosis association
Association of Medicine and Analytics Company Limited (AMA Co Ltd),False,False,50,zhejiang kanglidi medical articles co ltd
Assure Dental Lab,False,False,82,access dental lab
"Assure Tech. (Hangzhou) Co., Ltd.,",False,True,92,assure tech hangzhou co
ASSUT EUROPE SPA,True,True,100,assut europe spa
Astar Orthodontics Inc.,False,False,79,db orthodontics
B.B. CERAMICS.,False,False,70,dermicus ab
Ashland Specialties UK Ltd,False,False,78,ashland specialties ireland
Ashland Specialty Ingredients G.P.,False,False,70,ashland specialties ireland
OGM Ltd,False,False,67,ofm
OhhMed Medical Ltd.,False,False,83,viromed medical
"ASTERASYS Co., Ltd.",True,True,100,asterasys co
Asti Corporation,False,False,75,stil
Aston Vision Sciences Ltd,True,True,100,aston vision sciences
Astor Bannerman (Medical) Ltd,True,True,100,astor bannerman medical
AstraZeneca UK Ltd,True,True,100,astrazeneca uk
Astric Medical Ltd,True,True,100,astric medical
Astrolabe,False,False,84,triolab as
"Asuragen, Inc.",False,False,80,caragen
at ease cornwall ltd,False,False,60,acute ideas co
AT-OS S.r.l,False,False,80,pro data s r l
AtCor Medical Pty Ltd,True,True,100,atcor medical pty
ATF,False,False,57,aivf
Athena Dental Laboratory Limited,False,False,69,aesthetic experts laboratory
Athena Pacific Ltd,False,False,65,ccir asia pacific
"ATHFAR 828, Inc.",False,False,52,ee healthcare
ATLANTAMED LIMITED,False,False,74,luana med
Atlantic Home Eyecare Limited,False,False,59,atlantic mask sl
Atlantic Optical (UK) Ltd,False,False,71,atlantic biomedical pvt
Atlantic Rim Brace Manufacturing Corp,False,False,76,f r galantai manufacturing
"Atlas Link Technology Co., Ltd.",True,True,100,atlas link technology co
Atlas Medical GmbH,True,True,100,atlas medical
ATLAS-ENTA DİŞÇİLİK SANAYİ VE TİCARET A.Ş,True,True,100,atlas enta di̇şçi̇li̇k sanayi̇ ve ti̇caret a ş
ATMOS MedizinTechnik GmbH & Co.KG,True,True,100,atmos medizintechnik gmbh co kg
ATO FORM GmbH,True,True,100,ato form
Precision Dental Studio,False,False,77,mayclin dental studio
"ASTEC Co., Ltd.",False,True,88,amtec co
Astek Innovations Ltd,True,True,100,astek innovations
"Ohio Medical, LLC",False,True,88,ortho medical
"OHIRA Co., Ltd.",False,False,80,ohira co ltd
Atomo Diagnostics Limited,False,False,84,co diagnostics
ATOS MEDICAL AB,True,True,100,atos medical ab
Atos Medical UK Ltd,False,False,81,atom medical
"AtriCure, Inc.",True,True,100,atricure
"Atrion Medical Products, Inc.",True,True,100,atrion medical products
Atrium Medical  Corporation,False,True,86,astric medical
Atrotech Oy,False,True,91,aromtech oy
ATS Dental S.R.L.,False,False,84,cm dental s r l
"ATsens Co., Ltd.",True,True,100,atsens co
Attends Healthcare AB,True,True,100,attends healthcare ab
Attomarker Limited,True,True,100,attomarker
Attune Medical,True,True,100,attune medical
Atys Medical,False,True,91,as medical
Auckland (Opticians) Limited T/A Horbury Optical Company,False,False,53,tekno medical optik chirurgie
Audelation Ltd,False,False,74,emblation
audifon GmbH & Co. KG,False,False,81,auridrop gmbh co kg
Audio Service A/S GmbH,False,False,81,ap services a s
Audio Technologies Srl,True,True,100,audio technologies srl
Audio Technologies Srl,True,True,100,audio technologies srl
Audiology-Online Ltd,False,False,67,audiologic srl
Auditdata A/S,True,True,100,auditdata a s
Augma Biomaterials Ltd,True,True,100,augma biomaterials
Augurex Life Sciences Corp,False,False,80,caris life sciences
Atom Scientific Ltd,False,False,84,alcor scientific
Atomic Dental Lab,False,False,76,access dental lab
OHK Medical Devices Ltd.,False,True,88,medical devices
OHST Medizintechnik AG,True,True,100,ohst medizintechnik
OIARSO S. COOP (BEXEN MEDICAL),False,False,68,beijing pins medical co
"OK Biotech Co., Ltd.",True,True,100,ok biotech co
Auradonics Inc,False,False,71,axonics
Aurena Laboratories AB,True,True,100,aurena laboratories ab
AURIMOD GmbH,False,False,73,uimd
Aurolab,False,False,77,aurora
Aurora Dental Studio,False,False,71,aura dental
AUS systems Pty Ltd,True,True,100,aus systems pty
Australian Orthopaedic Fixations Pty Ltd,True,True,100,australian orthopaedic fixations pty
Auto Tissue Berlin GmbH,True,True,100,auto tissue berlin
"Autobio Diagnostics Co., Ltd",True,True,100,autobio diagnostics co
"Autobio Labtec Instruments Co., Ltd",False,False,71,shenzhen acurio instrument co ltd
Auxein Medical Private Limited,False,False,80,clarity medical private
Auzar Surgical Ltd,False,True,86,staar surgical
AV Medical Technologies Ltd.,False,True,93,medical technologies
Avantor Performance Materials Poland S.A,True,True,100,avantor performance materials poland
Avatar Therapy Ltd,True,True,100,avatar therapy
AVENIR SRL,False,False,82,advenias srl
B.L.Russell Dental Laboratory,False,False,66,laboratorios betamadrileño s l
"Augustine Temperature Management, LLC",False,False,62,integra pain management
AURA Centre of Dental Excellence & Facial Aesthetics,False,False,52,md e maxillofacial dental and esthetics lda
Aureliym GmbH,True,True,100,aureliym
Avanos Medical Inc,True,True,100,avanos medical
"Avedro, a Glaukos Company",False,False,61,glaukos
"Okamoto Industries, Inc. Ibaraki Plant",True,True,100,okamoto industries inc ibaraki plant
"OKAMOTO RUBBER PRODUCTS CO.,LTD.",False,True,93,okamoto rubber products co
Avenue Villa Dental & Implant Clinic,False,False,68,j b implant and dental ceramics
Avery Biomedical Devices (ABD) Inc.,False,False,68,lasertec medical services
Avery Dennison Medical Ltd,False,False,74,arden medical
Avicenna Surgical Limited,False,False,77,eakin surgical
AVICENNA.AI,True,True,100,avicenna ai
"Avioq Bio-tech Co., Ltd.",False,False,76,ankiya bio tec co
AViTA Corporation,False,False,75,ava
AVITA Medical - America,False,False,74,alerta medical
AVIZOR S.A.,True,True,100,avizor
Avondale Surgical UK,False,False,72,darleys surgical
AW Ceramics,False,False,73,dermicus ab
AW DENTAL CERAMICS,False,False,71,cms dental
AW Precision Ceramics Ltd,False,False,73,precision biometrics
"Axelgaard Manufacturing Co., Ltd.",True,True,100,axelgaard manufacturing co
Axess Vision Technology SAS,False,True,92,axess vision technology
Axial Medical Printing T/A Axial 3D Ltd,False,False,62,dio medical italy s r l
Axiles Bionics BV,True,True,100,axiles bionics bv
Axio Biosolutions Private Limited,True,True,100,axio biosolutions private
Axiom Dental Laboratory Ltd,False,False,69,laboratorios cosmodent s l
Axiom Medical Inc,False,True,88,atom medical
Axion GmbH,True,True,100,axion
Axis Dental Laboratory,False,False,68,aurena laboratories ab
Axis-Shield Diagnostics Ltd,True,True,100,axis shield diagnostics
Axium MTech SA,True,True,100,axium mtech sa
Aventex Dental Lab Ltd.,False,False,74,access dental lab
Avenu Medical,False,True,87,eu medical
Okulo Ltd (Trading as OKKO Health),False,False,75,okko health ireland trading
Okuman Medikal Sistemler A.S.,False,False,84,okuman medikal sistemler anonim sirketi
Ayset Tibbi Urunler ve Plastik Tekstil Elektronik Gida Temizlik Maddeleri Insaat Muteahhitlik San A.S.,False,True,99,ayset tibbi urunler ve plastik tekstil elektronik gida temizlik maddeleri insaat muteahhitlik sanayi a s
AZATEK CORPORATION,False,False,71,akknatek
"Azena Medical, LLC",True,True,100,azena medical
AZmed,False,False,80,anmed
Azooza Ltd,False,False,59,omar mazzon
Azzurro Training Products Ltd,False,False,65,gambro renal products
B  & M Techniques,False,False,73,ebm technologies
B & C Ceramics Ltd,False,False,70,dermicus ab
B & W Dental Laboratory Ltd,False,False,70,aurena laboratories ab
B Braun Avitum AG,True,True,100,b braun avitum
B Braun Medical AG,True,True,100,b braun medical
B Braun Medical SAS,False,True,88,b braun medical
B Braun Melsungen AG,True,True,100,b braun melsungen
B H Dental Laboratory Ltd,False,False,70,aurena laboratories ab
B J Snape,False,False,62,synapse
B J Toye Ltd,False,False,59,tytex a s
B Medical systems S.a.r.l,False,True,96,b medical systems s à r l
B-B-L Protect Ltd,False,False,72,life protect
B-Temia Inc.,False,False,71,eica ab
B. Braun Avitum Italy S.p.A.,True,True,100,b braun avitum italy s p a
B. Braun Medical Inc,True,True,100,b braun medical
B. Braun Medical Ltd,True,True,100,b braun medical
B. Braun Sterilog (Yorkshire) Limited,False,False,57,b braun surgical
"B. Braun Surgical, S.A.",True,True,100,b braun surgical
B.A. International Ltd,True,True,100,b a international
Aygun Cerrahi Aletler A.S.,False,False,68,tekno cer cerrahi̇ aletler
Ayr V.E. Limited,False,False,56,schülke mayr
Okuvision GmbH,True,True,100,okuvision
OLAB LTD,False,False,80,obelab
B.u.W. Schmidt,True,True,100,b u w schmidt
"B&E Bio-Technology Co., Ltd.",False,False,82,eps bio technology
B&H Surgical Instrument,True,True,100,b h surgical instrument
"B&L Biotech, Inc.",True,True,100,b l biotech
BAAT Medical Products B.V.,True,True,100,baat medical products
BACKBONE,False,False,78,blackstone
Backwell Dental Practice,False,False,60,associated dental products
Bactiguard (South East Asia) Sdn. Bhd. (formerly known as VIGILENZ Medical Devices Sdn. Bhd.),False,False,57,bactiguard south east asia sdn bhd
Baebies Inc,False,False,62,abbvie
Bahadir Tibbi Alet Cihaz ve Insaat Makina Sanayi ve Ticaret A.S.,False,False,74,bahadir tibbi̇ alet ci̇haz ve i̇nşaat maki̇na san ve ti̇c aş
Bailey Instruments Ltd,True,True,100,bailey instruments
Bailey Opticians,False,False,67,azul optics
Bailey Sports Therapy Limited,False,False,62,therapy box
Bain Medical Equipment (Guangzhou) Co Ltd,False,True,90,bain medical equipment guangzhou co ltd
BAIRD Digital Lab Solutions Limited,False,False,71,biq health solutions lda
Baisheng Medical Co. Ltd.,False,True,91,baisheng medical co
Baitella AG,True,True,100,baitella
Bakare Beds Ltd,False,False,64,jb care a s
"Balanced Body, Inc.",False,False,77,gs balance oy
Balcare GmbH,True,True,100,balcare
BALDERTECH AS,True,True,100,baldertech as
Baldus Sedation GmbH & CO.KG,True,True,100,baldus sedation gmbh co kg
Balldent Ltd,False,False,75,oraldent
B.O.S.S. Dental Lab,False,False,76,b b dental s r l
"B.T.I. Biotechnology Institute, S.L.",True,True,100,b t i biotechnology institute s l
Old Park Dental Surgery,False,False,70,dental p s r l
OLEA MEDICAL,False,True,88,solta medical
Banbury VE Ltd,False,False,56,sea band
Bandex Industrial Corp.,True,True,100,bandex industrial
Bandicool Pty Ltd,False,False,71,bsn medical pty
Bankview Ceramics Ltd,False,False,59,fine art ceramics
Banning Dental Lab,False,False,69,access dental lab
banning dental lab,False,False,69,access dental lab
BANT  DENTAL LABORATORY.,False,False,68,aurena laboratories ab
"Baoding Sanji Medical Instrument Technology Co., Ltd",False,False,76,nantong angel medical instruments co
BAP Medical  BV,False,True,88,bap medical
Barber Healthcare Limited,False,False,81,best healthcare
Barbieri SRL (Progettiamo Autonomia),False,False,57,erregi sas di antonioli roberto c
Barcelcom Texteis SA,False,False,68,3f textile barcelona s l
"Barco (Suzhou) Healthcare Technology Co., Ltd.",True,True,100,barco suzhou healthcare technology co
Barco NV,True,True,100,barco nv
"Barco, Inc.",False,True,89,arco
"Bard Access Systems, Inc.",True,True,100,bard access systems
"Bard Brachytherapy, Inc.",False,False,62,avatar therapy
"Bard Peripheral Vascular, Inc.",False,False,81,bard peripheral vascular inc ; senorx
"Bardy Diagnostics, Inc.",False,False,84,cd diagnostics
Barker Dental Care Limited,False,False,72,bayer medical care
Barkey GmbH & Co. KG,True,True,100,barkey gmbh co kg
"Barnsley Facilities Services Ltd, c/o Barnsley Hospital NFT",False,False,52,h s hospital service s p a
"Balt USA, LLC",True,True,100,balt usa
Balton Sp. z o.o.,True,True,100,balton sp z o o
Oliver Burley Medical Devices,False,False,78,rovers medical devices
The Langer Group,False,False,67,neuro group xr
Base Design Ltd,True,True,100,base design
Basko Healthcare b.v.,False,False,84,best healthcare
Bassetlaw Dental Prosthetics Limited,False,False,67,naked prosthetics
Bastos Viegas S.A.,True,True,100,bastos viegas
Batec Mobility SL,False,True,90,batec mobility
Batrik Medical Manufacturing Inc. also dba as 7343591 Canada Inc.,False,False,64,batrik medical manufacturing
Bauerfeind AG,True,True,100,bauerfeind
Bausch & Lomb GmbH,True,True,100,bausch lomb
Bausch & Lomb Incorporated,True,True,100,bausch lomb
Bausch & Lomb U.K. Ltd.,False,True,85,bausch lomb
Baxter Healthcare SA,True,True,100,baxter healthcare sa
Baxter Medical Systems GmbH + Co. KG,True,True,100,baxter medical systems gmbh + co kg
Bay House Dental Practice,False,False,68,code of practice ab
Bay Materials LLC,False,False,81,benq materials
Bay Optical ltd,False,False,75,class optical
Bayer AG,False,False,77,bayer oy
Bayer Consumer Care AG,True,True,100,bayer consumer care
Bayer Medical Care Inc.,True,True,100,bayer medical care
Bayfields Y Ltd,False,False,63,bayer oy
Bayfields Z Ltd,False,False,61,byteflies nv
"Baylis Medical Company, Inc",False,False,78,baylis medical
Baytree Orthodontic Dental Laboratory,False,False,61,laboratorio ortopedico bello srl
Bayview Dental Ceramics,False,False,63,j b implant and dental ceramics
BBGR Ltd,False,False,55,bbig bv
BBGR Optique,False,False,63,ostique
BCB Medical,False,True,91,bsb medical
Bite Easy Dental Laboratory,False,False,68,laboratoire d'etalons d'activite
Barrier Medical LTD,False,False,83,bridea medical
Barton Perreira LLC,False,False,58,bart enterprises
Ollerton Dental Laboratory Ltd,False,False,68,no7 contact lens laboratory
Olsen Medical LLC,False,False,83,obs medical
BD Switzerland Sàrl,False,True,97,bd switzerland sarl
BDG CERAMICS Dental Laboratory.,False,False,69,j b implant and dental ceramics
bdr ltd dental laboratory,False,False,68,tin lok dongguan dental laboratory co
BDS Labs Limited,False,False,71,ib lab
BEACMED S.r.l.,True,True,100,beacmed s r l
"Beacon Medical, LLC",True,True,100,beacon medical
BeaconMedaes Limited,True,True,100,beaconmedaes
BEAGLE ORTHOPAEDIC LIMITED,True,True,100,beagle orthopaedic
Beambridge Medical Ltd,False,False,84,bebig medical
Bearpac Medical LLC,False,True,85,bap medical
BEAUFORT DENTAL HEALTH CENTRE LTD,False,False,63,hasharon dental center
Beaumont Ceramics,False,False,67,demcon hemics
Beaver-Visitec International Inc,True,True,100,beaver visitec international
Beaver-Visitec International Ltd,True,True,100,beaver visitec international
"Beckdal (Shanghai) MedTech Co., Ltd",True,True,100,beckdal shanghai medtech co
Becker Orthopedic Appliance Company,True,True,100,becker orthopedic appliance
Beckman Coulter Biomedical GmbH,True,True,100,beckman coulter biomedical
Beckman Coulter Biotechnology,False,True,95,beckman coulter biotechnology co
Beckman Coulter Inc.,True,True,100,beckman coulter
Beckman Coulter India Private Limited,True,True,100,beckman coulter india private
Beckman Coulter Ireland Inc.,True,True,100,beckman coulter ireland
Becton Dickinson and Company,True,True,100,becton dickinson and
Becton Dickinson Austria GmbH,False,False,82,becton dickinson and
Becton Dickinson GmbH,True,True,100,becton dickinson
BCS Clinical Consulting Ltd,False,False,75,clinical consulting sp z o o
BD Kiestra B.V.,True,True,100,bd kiestra
Olsen's Dental Practice,False,False,70,molteni dental s r l
Olympic Dental Laboratories,False,False,74,e o laboratories
Becton Dickinson Medical (S) Pte Ltd.,True,True,100,becton dickinson medical s pte
BECTON DICKINSON S.A.,True,True,100,becton dickinson
BECTON DICKINSON S.A.,True,True,100,becton dickinson
"Becton, Dickinson and Company",True,True,100,becton dickinson and
"Becton, Dickinson and Company",True,True,100,becton dickinson and
"Becton, Dickinson and Company",True,True,100,becton dickinson and
"Becton, Dickinson and Company BD Biosciences",False,False,63,becton dickinson and
"Becton, Dickinson and Company Limited",True,True,100,becton dickinson and
BEDAL NV,False,False,73,dmb medical nv
Bedfont Scientific Limited,False,False,81,footscientific
Bedford Hospital NHS Trust,False,False,60,bedford hospital bedfordshire hospitals nhs foundation trust
Bedi Oralcare Limited,False,False,70,biocare
Bedmed Ltd,False,True,86,bredamed
Bee Robotics Ltd,False,False,81,nimble robotics
Beechgrove Enterprises UK Ltd T/A Sleep-Safe Products,False,False,56,ta lai sporting goods enterprises co
Beecura GmbH,True,True,100,beecura
Beekley Corporation,True,True,100,beekley
beeline GmbH,False,False,71,beekley
Beeswift Limited,False,False,59,bemer int
Beever  Dental  Technology Ltd,True,True,100,beever dental technology
BEGO Bremer Goldschlägerei Wilh. Herbst GmbH & Co. KG,True,True,100,bego bremer goldschlägerei wilh herbst gmbh co kg
behold.ai Technologies Limited,False,False,81,qure ai technologies
Beiersdorf AG,True,True,100,beiersdorf
Beiersdorf UK.Ltd.,False,False,74,beiersdorf
Biterite Digital Ltd,False,False,64,medigital
Olympus Medical Systems Corp.,True,True,100,olympus medical systems
Becton Dickinson Infusion Therapy AB,True,True,100,becton dickinson infusion therapy ab
Becton Dickinson Infusion Therapy Systems Inc.,True,True,100,becton dickinson infusion therapy systems
Olympus Winter & IBE,True,True,100,olympus winter ibe
Ombler Laboratories Limited,False,False,82,medmira laboratories
"Beijing Beishute Maternity & Child Articles Co., Ltd.",False,True,96,beijing beishute maternity and child articles co
"Beijing BGI-GBI Biotech Co., Ltd.",True,True,100,beijing bgi gbi biotech co
"Beijing Biosis Healing Biological Technology Co., Ltd",False,False,80,beijing jinhuake biological technology co
"Beijing Bomeitong Tech Co.,Ltd",False,False,73,beijing kes biology technology co ltd
"Beijing Chong Lang Rehabilitation Aids Co., Ltd",False,False,60,nanjing caremoving rehabilitation equipment co
"Beijing Chunlizhengda Medical Instruments Co., Ltd.",False,True,96,beijing chunlizhengda medical instruments co ltd
"Beijing Demax Medical Technology Co.,Ltd.",True,True,100,beijing demax medical technology co ltd
"Beijing Eternal Medical Technology Co., Ltd.",True,True,100,beijing eternal medical technology co
"Beijing Eternity Electronic Technology Co., Ltd",False,True,95,beijing eternity electronic technology co ltd
Beijing HangTian KaDi Technology R&D Institute,True,True,100,beijing hangtian kadi technology r d institute
"Beijing He Kang Jin Dian Technology Development Co., Ltd",False,False,79,beijing fule science technology development co
Beijing Hotgen Biotech Co Ltd,False,False,75,innovation biotech beijing co
"Beijing Hotry Co., Ltd",False,False,72,hugomanu beijing co ltd
"Beijing Jinhuake Biological Technology Co., Ltd",True,True,100,beijing jinhuake biological technology co
"Beijing Jinwofu Bioengineering Technology Co.,Ltd.",False,False,76,da te bioengineering technology co
"Beijing KellyMed Co., Ltd",True,True,100,beijing kellymed co
"BEIJING Kes Biology Technology Co., LTD",False,True,94,beijing kes biology technology co ltd
Precision Dippings Marketing Ltd,False,False,83,precision dippings manufacturing
"Beijing AK Medical Co., Ltd.",False,False,82,beijing pins medical co
"Beijing Applied Biological Technologies Co., Ltd.",False,False,79,beijing okvd biological technology
Omda AB,False,True,86,omda as
Omda Health Analytics AB,False,False,65,advantice health
Omega Bio-tek,True,True,100,omega bio tek
Omega Diagnostics Limited,True,True,100,omega diagnostics
Omega Laser Systems Ltd,False,False,80,miracle laser systems
"Omega Medical Imaging, LLC",True,True,100,omega medical imaging
"Omega Optix, s.r.o.",False,False,69,chiromega s r o
Omega Pharma International NV,True,True,100,omega pharma international nv
"OmegaQuant Analytics, LLC",False,False,73,imt analytics
Omisan Farmaceutici srl,False,True,88,omisan farmaceutici s r l
Omixon Biocomputing Ltd.,True,True,100,omixon biocomputing
Omni Lens Pvt. Ltd,False,False,65,jayon implants pvt
Omni-Pac Group – Omni-Pac Ekco GmbH Verpackungsmittel,False,False,51,pro eyes gmbh part of loqu optical group
Omnia S.r.l.,True,True,100,omnia s r l
Omnidex HK Ltd,False,False,62,hidrex
Prime Ceramics Dental Laboratory,False,False,64,ceramtec dentalvertriebs
"Beijing L&Z Medical Technology Development Co., Ltd.",True,True,100,beijing l z medical technology development co
"Beijing Libeier Bio-engineering Institute Co., Ltd",True,True,100,beijing libeier bio engineering institute co
"Beijing LiDaKang Technology Co., Ltd.",False,True,85,beijing lepuimage technology co
"Beijing M&B Electronic Instruments, Co., Ltd",True,True,100,beijing m b electronic instruments co
"Beijing Neo Science Co., Ltd",True,True,100,beijing neo science co
"Beijing USCI Medical Devices Co., Ltd.",False,True,85,beijing siriusmed medical device co
Beijing Wanjie Medical Device Corporation Limited,False,False,81,beijing montagne medical devices co
Deane Ceramics,False,False,71,fine art ceramics
"OMNIlife Science, Inc.",True,True,100,omnilife science
Omnimate Enterprise Co Ltd,False,True,93,omnimate enterprise co
"OMNIMATE ENTERPRISE CO., LTD.",True,True,100,omnimate enterprise co
"Omnimate Enterprise Co., Ltd.",True,True,100,omnimate enterprise co
Omnimed Limited,False,False,78,omnimedical
Omnos Ltd,False,False,80,konos
"OMRON HEALTHCARE Co.,Ltd.",False,True,90,omron healthcare co
"OMRON HEALTHCARE Co.,Ltd.",False,True,90,omron healthcare co
On Guard Dental Laboratory,False,False,76,tin lok dongguan dental laboratory co
"On-X Life Technologies, Inc.",False,True,87,life technologies
OncoBeta GmbH,True,True,100,oncobeta
"Beijing ZKSK Technology Co., Ltd.",False,True,86,beijing unt technology co
Belvoir Clinical Dental Lab,False,False,59,itena clinical
BEMER Int. AG,True,True,100,bemer int
Bemis Manufacturing Company,False,False,83,hemostat manufacturing
Black Space Technology Ltd,True,True,100,black space technology
"Beijing Wantai Biological Pharmacy Enterprise Co., Ltd.",False,False,62,ben srl biochemical enterprise
"Beijing Zhongjian Antai Diagnostic Technology Co., Ltd",False,False,68,beijing wandong medical technology co
BEKA Hospitec GmbH,True,True,100,beka hospitec
BELDICO S.A.,False,False,71,medicom
Belfast Health & Social Care Trust,False,False,69,3a health care s r l
Belgian Volition SRL,True,True,100,belgian volition srl
Bella Dental Ltd,False,False,77,dental balance
Belmont Medical Technologies,False,True,89,dilon medical technologies
Beltone A/S,False,False,73,leone s p a
Belvedere Dental Practice Company Ltd,False,False,61,corim dental products bv
OncoDNA,False,False,71,oncovia
ONCOSEM Onkolojik Sistemler Sanayi ve Ticaret Anonim Şirketi,False,False,82,oncosem onkolojik sistemler san ve tic a ş
Ben's Dental Ceramics,False,False,69,bms dental srl
Benchmark RPS,False,False,59,bonecare s r o
BeneCare Medical,False,True,90,eezcare medical
Benelux Surgical,False,False,80,intersurgical benelux bv
BeneTalk LTD,False,False,67,ablenet
BENISON INTERNATIONAL,False,False,83,ese international bv
Benmed Technologies Limited,False,True,91,emd technologies
Benmor Medical (UK) Ltd,True,True,100,benmor medical uk
Bennett dental Laboratory,False,False,69,laboratoire benewmedical
BENOIT SYSTEMES SAS,False,False,71,can gas systems
BENOSTAN HEALTH PRODUCTS S.A.,False,False,80,bloem health products
BenQ Materials Corporation,True,True,100,benq materials
Benson Viscometers Limited,False,False,62,anton meyer co
bentley heights ltd,False,False,60,bentley innomed
Bentley InnoMed GmbH,True,True,100,bentley innomed
Berchtold GmbH & Co. KG,False,False,77,busch co gmbh co kg
Berger&Kraft Medical Sp. z o.o.,True,True,100,berger kraft medical sp z o o
Betatech Medikal Cih. San. Mum. Ic ve Dis Tic. Ltd. Sti,False,False,68,kare medikal ve analitik cih san ve tic ltd sti
BETATEX S.p.a,False,False,80,esaote s p a
Beth Richardson Orthodontics Ltd,False,False,76,richardson electronics
Bethcar DP Limited,False,False,63,ethnocare
Better 2 Know Limited,False,False,83,better2know
Better Bite Dental Laboratory Ltd,False,False,66,laboratoire d'etalons d'activite
better dentures limited,False,False,69,better enterprise co
Better Diagnostics AI Corp,False,False,82,abbott diagnostics
"Better Life Medical Technology Co., Ltd.",True,True,100,better life medical technology co
Better Limited,False,False,71,better2know
Ben Brookshaw Dental Laboratory Ltd,False,False,62,laboratoire benewmedical
ben mason,False,False,71,benmayor
OncoSil Medical Ltd,True,True,100,oncosil medical
The Nightingale Clinic,False,False,67,nightingale glove co
Beyond Oxford Limited,False,False,62,oxford heartbeat
Beyond Solihull Limited,False,False,57,eo sol
BeYou Together Ltd,False,False,56,peter brehm
Beznoska s.r.o.,True,True,100,beznoska s r o
Bfactory Health Products B.V.,True,True,100,bfactory health products
BFB Labs Ltd,False,False,71,ib lab
BG Optics Ltd,False,False,84,gem optics
BGI Europe A/S,False,False,79,abg lab europe
BGI HEALTH (HK) COMPANY LIMITED,True,True,100,bgi health hk
"BGI PathoGenesis Pharmaceutical Technology Co., Ltd.",True,True,100,bgi pathogenesis pharmaceutical technology co
BHH Mikromed Sp Z o. o.,False,False,79,margomed sp z o o
BHM-Tech Produktionsgesellschaft mbH,False,False,76,kaniedenta produktionsgesellschaft mbh
BHS Technologies GmbH,True,True,100,bhs technologies
BIBAWO Medical A/S,False,False,78,axabio medical srl
Bicakcilar Tibbi Cihazlar San. ve Tic. A.S.,False,False,69,boz tibbi malzeme san ve tic a s
BICARjet S.r.l,True,True,100,bicarjet s r l
Bicester Dental Care,False,False,69,better care s l
Bicester VE Limited,False,False,64,verso biosense
"Bicon, LLC",False,True,91,bricon
Biedermann Motech GmbH & Co. KG,False,False,77,bergmann gmbh co kg
Bieffe Italia S.r.l,False,False,84,biotec italia s r l
"Bieffe Medital SpA, trading as Baxter Sondalo",False,False,57,c p a mediterra trading
Biegler GmbH,False,False,71,bioneer
Black Swan Dental Limited,False,False,71,dental balance
Bexleyheath VE Ltd,False,False,64,nexuzhealth nv
Beyeonics Vision Ltd,False,False,73,vision one optics
Oncotherm KFT,False,False,64,promecom kft
Ondal Medical Systems GmbH,True,True,100,ondal medical systems
Big Health Ltd,False,False,84,ga health
Big Picture Medical Limited,False,False,78,licare biomedical
"BihlerMed, LLC",True,True,100,bihlermed
Bike Labyrinth B.V.,True,True,100,bike labyrinth
BILIMETRIX s.r.l.,True,True,100,bilimetrix s r l
Bill Jago Dental Laboratory Ltd,False,False,64,biolytical laboratories
Bill Optical Limited,False,False,72,class optical
BİMED TEKNİK ALETLER SANAYİ VE TİCARET A.Ş.,False,False,73,tules medi̇kal sanayi̇ ve ti̇caret a ş
Bimini Health Tech,True,True,100,bimini health tech
Binding Sciences Limited,True,True,100,binding sciences
Bingley Dental Services,False,False,70,ab dental device srl
Bio Composants Medicaux,False,False,79,bio implants medical
"Bio Compression Systems, Inc",True,True,100,bio compression systems
"Bio Med Sciences, Inc.",True,True,100,bio med sciences
Bio Molecular Systems Pty Ltd,True,True,100,bio molecular systems pty
Bio Optica Milano S.p.A,True,True,100,bio optica milano s p a
Bio Protech Inc.,True,True,100,bio protech
Bio-Diagnostics Ltd,False,True,91,bioron diagnostics
"Bio-Med Devices, Inc.",True,True,100,bio med devices
Bio-Rad Laboratories Seattle Operations Redmond,False,False,60,bio rad laboratories
"Bio-Rad Laboratories, Inc.",True,True,100,bio rad laboratories
"Bio-Rad Laboratories, Inc. (DBG - Digital Biology Group)",False,False,58,biolytical laboratories
Bien-Air Surgery SA,False,False,71,aroa biosurgery
Bifour Biotech Inc.,False,False,72,b l biotech
Ondine Biomedical Inc.,False,False,83,odin medical
One dental clinic limited,False,False,73,pentron clinical
BIO-TECH VISION CARE PVT. LTD.,False,False,73,north vision tech
Bio-Technology General Ltd.,False,True,86,bio technology general israel
bio.logis digital health Gmbh,False,False,71,biotical health s l u
bio.logis digital health GmbH,False,False,71,biotical health s l u
Bio/Data Corporation,True,True,100,bio data
"Bioantibody Biotechnology Co., Ltd.",False,False,74,bioland technology
BioArray Solutions Ltd.,True,True,100,bioarray solutions
Biobeat Technologies Limited,True,True,100,biobeat technologies
Biocare Enterprise Ltd,False,False,82,bart enterprises
"Biocare Medical, LLC",True,True,100,biocare medical
Biocartis NV,False,True,86,biocartis
BioCer Entwicklungs-GmbH,True,True,100,biocer entwicklungs gmbh
"Biochemical Diagnostics, Inc",False,True,86,diagnostics biochem canada
Biochemical Systems International SPA,False,True,92,biochemical systems international s p a
Biochrom Ltd,True,True,100,biochrom
BioClin BV,True,True,100,bioclin bv
BioComp Industries BV,True,True,100,biocomp industries bv
Biocompatibles UK Limited,False,False,67,biocomposites
Biocomposites Ltd,True,True,100,biocomposites
BioConnections Ltd,False,False,76,careconnections
Sai-Tech Dental Laboratory LTD,False,False,66,shanghai kehua laboratory system co
"Bio-Rad Laboratories, Inc., Clinical Systems Division (CSD)",False,False,59,baltic laboratory systems oü
Bio-Rad Medical Diagnostics GmbH,False,False,83,bio research for medical diagnostics
"One Lambda, Inc.",True,True,100,one lambda
One Optics Ltd,False,False,80,neuroptics
"BioDerm, Inc.",False,True,88,biodermis
Biodermis LLC,True,True,100,biodermis
"Biodex Medical Systems, Inc",True,True,100,biodex medical systems
BioDue S.p.A.,False,False,80,bioteck s p a
Bioengineering Laboratories Srl,False,False,71,bio rad laboratories
BioeXsen GmbH,True,True,100,bioexsen
Biofarma S.r.l.,False,False,83,italfarma s r l
"BioFire Diagnostics, LLC",True,True,100,biofire diagnostics
Biofrontera Pharma GmbH,True,True,100,biofrontera pharma
Biofrost Viking Lab Oy Ltd,False,False,74,viking lab oy
Biogen MA Inc.,False,False,70,uab biomena
BioGX BV,False,False,80,bbig bv
Biohit OYJ,True,True,100,biohit oyj
"BioHorizons Implant Systems, Inc",True,True,100,biohorizons implant systems
BIOKIT S.A.,True,True,100,biokit
Biokosmes S.r.l.,True,True,100,biokosmes s r l
"Biolase, Inc.",True,True,100,biolase
"BioLegend, Inc",True,True,100,biolegend
"Biolife, LLC",True,True,100,biolife
Bioline Products s.r.o.,True,True,100,bioline products s r o
Biolog-id,False,False,67,biolidics
Bite Dentistry Limited,False,False,65,arum dentistry co
BIOCORP PRODUCTION,False,False,71,metiz production
BioCytex S.a.r.l,False,False,81,amp biotec s r l
One Rehab Ltd,False,False,75,read on
One Retail Group,False,False,67,neuro group xr
Biomatlante SA,False,False,70,bioner sa
Biomatrix S.r.l.,True,True,100,biomatrix s r l
BIOMEC SRL,True,True,100,biomec srl
BioMed Jena GmbH,False,True,87,grena biomed
Biomed Labordiagnostik GmbH,True,True,100,biomed labordiagnostik
BIOMEDAL SL,False,True,87,biomedal s l
BioMedica Diagnostics Inc,False,False,81,demeditec diagnostics
"Biomedica, spol. s. r. o.",False,True,86,medial spol s r o
Biomedical Data Solutions Limited,True,True,100,biomedical data solutions
BIOMEDICAL SHOES S.L.,True,True,100,biomedical shoes s l
Biomedical Srl,False,True,88,axabio medical srl
Biomedical Tissues,False,False,79,biomedical shoes s l
"Biomerica, Inc.",True,True,100,biomerica
bioMérieux S.A,False,True,95,biomerieux
"bioMerieux, Inc",True,True,100,biomerieux
Biomet 3i LLC,False,False,67,biosummer 3d
Biomet Biologics LLC,False,False,71,geny biologics pte
Biomet France,False,False,78,dim france
Biomet Microfixation,False,False,67,biomech innovations
Biomet Orthopaedics,False,True,97,biomet orthopedics
"Biomet Spain Orthopaedics, SL",False,False,78,biomet orthopedics
Bodywise (UK) Ltd,False,False,64,medisafe uk
One Step by Step limited,False,False,65,bone system srl
Biolux Technology GmbH,True,True,100,biolux technology
bioLytical Laboratories Inc.,True,True,100,biolytical laboratories
One vision lab,False,False,77,one health vision
Onera B.V.,True,True,100,onera
Biometrix Ltd,True,True,100,biometrix
Biometrix s.r.o,True,True,100,biometrix s r o
BioMin Technologies Ltd,True,True,100,biomin technologies
bionanovate limited,False,False,73,md innovate
BIONEER Corporation,True,True,100,bioneer
BIONEN SRL,True,True,100,bionen srl
Bioner S.A.,False,True,92,bioneer
"Bioness, Inc.",False,False,83,bones
Bionet company limited,False,False,80,bionet co
Bionic Medizintechnik GmbH,True,True,100,bionic medizintechnik
Bionic Power Inc,False,False,75,open bionics
BIONIKS,False,False,80,bionobis
Bionime Corporation,True,True,100,bionime
"Bionix, LLC",True,True,100,bionix
"Bionostics, Inc",True,True,100,bionostics
Biopanda Reagents Ltd.,False,False,68,regentis biomaterials
"BioPhotas, Inc.",True,True,100,biophotas
Bioplus co.Ltd,False,False,83,bioplus co
BioPolymer GmH & Co. KG,False,True,98,biopolymer gmbh co kg
BioProtect Limited,True,True,100,bioprotect
BiopSafe ApS,False,False,74,biosafe
Bioptimal International PTE. LTD.,True,True,100,bioptimal international pte
Biorad Medisys Pvt Ltd,True,True,100,biorad medisys pvt
SH24 C.I.C.,False,False,76,sh:24 c i c
Biomet Trauma,False,False,73,biomet uk
Biomet UK Limited,True,True,100,biomet uk
ONETEXX SDN.BHD.,True,True,100,onetexx sdn bhd
Shaamil Floris,False,False,62,shamir optic
Biorex Diagnostics Ltd,False,True,92,biofire diagnostics
BIOS Health Ltd.,False,False,82,fimo health
Bios s.r.l.,False,True,95,bihos s r l
BioScience GmbH,True,True,100,bioscience
Biosculptor Corporation,True,True,100,biosculptor
Biosense Webster (Israel) Ltd,True,True,100,biosense webster israel
"BIOSENSE WEBSTER, INC",True,True,100,biosense webster
"BIOSENSE WEBSTER, INC.",True,True,100,biosense webster
"BioSensics, LLC",False,False,74,sensonics
Biosensors Europe SA,True,True,100,biosensors europe sa
Bioservo Technologies AB,False,True,86,biovo technologies
Biosigma S.p.A,True,True,100,biosigma s p a
Biosphere Medical SA,False,False,78,istar medical sa
"BIOSTER, a.s.",False,False,75,ambiote s r o
BioSure Global Limited,False,False,71,firefly global
Biosynex S.A,True,True,100,biosynex
BIOSYNEX SA,False,False,84,biosynex
BIOSYNEX SWISS SA,True,True,100,biosynex swiss sa
BIOSYNEX TECHNOLOGIES GmbH,True,True,100,biosynex technologies
BIOSYSTEMS S.A.,True,True,100,biosystems
BIOTEC ITALIA S.R.L.,True,True,100,biotec italia s r l
BIOTEC s.r.l.,True,True,100,biotec s r l
Dental Ally,False,False,76,ats dental
Bioretec Ltd,True,True,100,bioretec
Bioretec Ltd,True,True,100,bioretec
Ongoing Care Solutions Inc.,False,False,77,ronotic solutions
ONIRIS,False,False,67,nrs
Biotech Inc,True,True,100,biotech
Bioteck S.p.A,True,True,100,bioteck s p a
"BioTeke Corporation (Wuxi) Co., Ltd",False,True,100,bioteke corporation（wuxi）co
Bioteque Corporation,True,True,100,bioteque
BIOTRONICS 3D LIMITED,False,False,73,biotronik
BIOTRONIK AG,True,True,100,biotronik
BIOTRONIK SE & Co. KG,True,True,100,biotronik se co kg
BIOTYPE GmbH,True,True,100,biotype
Biovantic Pharma Medical Devices Limited,False,False,78,rms medical devices bv
Biovec Ltd,False,False,83,biover
Biovendor - Laboratorni medicina a.s.,False,True,97,biovendor laboratorní medicína a s
Biover AG,True,True,100,biover
Biovico Sp. z o.o.,False,False,84,esvico sp z o o
BioWave Corporation,False,False,77,biover
Biowink GmbH,True,True,100,biowink
Bioxal SA,False,False,75,inox sa
BIP Biomedizinische Instrumente und Produkte GmbH,True,True,100,bip biomedizinische instrumente und produkte
"Birkbeck College, University of London",False,False,52,shandong zfirst biotechnology co
Birmingham Biotech LTD,False,False,76,nirmidas biotech
Birmingham Community Healthcare NHS Foundation Trust,False,False,54,bedford hospital bedfordshire hospitals nhs foundation trust
Birmingham Orthotic Services LTD,False,False,69,braunwarth optik service
"Bisco, Inc.",False,True,91,bisico
Bison Medical,False,True,96,bisono medical
"Bistos Co., Ltd.",True,True,100,bistos co
Biotech Europe Meditech Inc Limited,True,True,100,biotech europe meditech inc
Biotech GmbH,True,True,100,biotech
"Onkos Surgical, Inc.",False,True,85,sos surgical
Only Orthodontics,False,False,83,modern orthodontics
BiYOSiSTEM MEDiKAL TiCARET LTD. STi.,False,False,76,biyosistem medikal limited sirketi
Bizztrex International,False,False,82,bestcare international
BJS Dental,False,False,80,cms dental
BK Medical ApS,True,True,100,bk medical aps
BK Medical UK Ltd,False,False,81,bsk medical sa
Black and Black Surgical,False,False,64,nebula surgical private
Black Country Orthodontics Ltd,False,False,68,db orthodontics
Black Isle Optician LTD,False,False,65,block optic design
Black Pearl Dental Laboratory Ltd,False,False,67,baumgartner laboratoire dentaire sprl
Dental Imaging Technologies Corporation,False,False,83,mawi dna technologies
Dental Infinity Laboratory Ltd,False,False,67,final dental lab
Dental Laboratory Countess of Chester Hospital NHS Foundation Trust,False,False,56,tin lok dongguan dental laboratory co
Dental Monitoring SAS,True,True,100,dental monitoring sas
Dental Partners Ltd,False,False,74,tiger dental
Dental Partners Trading Limited,False,False,70,exportera trading
Dental Smiles Takeley Ltd,False,False,70,dental today srl
Dental Solutions Laboratories Ltd,False,False,81,garrison dental solutions
Dental Studio,False,False,84,hall dental studio
Dental Studio Ceramics,False,False,67,straume dental as
Dental Studio Prosthetics Ltd.,False,False,70,hall dental studio
Dental Technique Laboratory Ltd,False,False,63,no7 contact lens laboratory
Dental Techniques,False,False,74,quest dental material
"Dental Technologies, Inc.",False,False,84,d tech dental technologies
DENTAL WELLNESS HOLDINGS LIMITED,False,False,72,china health wellness holdings s l
Dental Wings GmbH,True,True,100,dental wings
Dental Wings Inc,True,True,100,dental wings
bitop AG,True,True,100,bitop
Bittium Biosignals Ltd,False,True,92,bittium biosignals oy
Ontecklong (Nanjing) Medical Supply Corporation Limited,False,False,70,eco medical technology nanjing co
Ontex BV,True,True,100,ontex bv
Blackhills Diagnostic Resources S.L.U.,True,True,100,blackhills diagnostic resources s l u
Blackpool Teaching Hospital NHS Foundation Trust,False,False,61,bedford hospital bedfordshire hospitals nhs foundation trust
Blackstone Innovations Limited,False,False,82,astek innovations
Blakmint Ltd,False,False,62,askin
Blatchford Products Limited,False,False,72,blatchford europe
Blenkinsop Optical Ltd,False,False,69,jeongs optical
Bliinx Eyecare,False,False,64,imaginecare ab
Blink Device Company,True,True,100,blink device
Blink Medical Ltd,True,True,100,blink medical
Blink Optics Limited,False,True,96,link optics
BLINK SURGIDENT LTD,False,False,71,surgident co ltd
Blizzard Protection System Ltd,False,True,98,blizzard protection systems
"Bloomage Biotechnology Corp., Ltd.",False,True,93,bloomage biotechnology corp ltd
"Bloomage Biotechnology Corp., Ltd.",False,True,93,bloomage biotechnology corp ltd
"Bloomden Bioceramics (HuNan) Co., Ltd.",False,True,94,bloomden bioceramics hunan co ltd
BLS Systems,False,False,82,lpg systems
"Blue Belt Technologies, Inc.",True,True,100,blue belt technologies
"Blue Belt Technologies, Inc.",True,True,100,blue belt technologies
"Blue Cross Bio-Medical (Beijing) Co., Ltd",False,False,69,grimed medical beijing co
Blue Dental Laboratories Ltd,False,False,79,helena laboratories
Blue Medical Devices B.V.,False,True,93,blue medical devices bv
Blue Ortho SAS,False,False,67,greenbone ortho spa
"Blue Sail Medical Co., Ltd",True,True,100,blue sail medical co
"Blue Sky, LLC",False,False,80,blue sky bio
Dental Art and Design Ltd,False,False,65,asa dental s p a
BLACKFIN SpA,False,False,64,assing spa
BLACKFORD ANALYSIS LIMITED,True,True,100,blackford analysis
Oon Corp Resources (M) Sdn Bhd,True,True,100,oon corp resources m sdn bhd
Opal Aesthetics Limited,False,False,84,louna aesthetics
BlueMed Surgical,True,True,100,bluemed surgical
Bluepoint Medical GmbH & Co,False,True,88,bluepoint medical gmbh co kg
Bluetree Medical Limited,True,True,100,bluetree medical
BLUEWORKS,False,False,82,legworks
Blüm Health ltd,False,True,90,bm2 health
Blumont Healthcare Limited,True,True,100,blumont healthcare
"BLZ Technology (Wuhan) Co., Ltd",False,False,78,wuhan phomed technology co
BM Dental Laboratory LTD,False,False,71,aurena laboratories ab
BMB Medical,True,True,100,bmb medical
BMB Medical,True,True,100,bmb medical
"BMC Medical Co., Ltd.",True,True,100,bmc medical co
BMG Pharma S.p.A.,False,True,85,meda pharma s p a
"BMI Korea Co., Ltd.",True,True,100,bmi korea co
BMM Weston Ltd,False,False,67,bio west
BMS Critical Care Limited,True,True,100,bms critical care
"BNC KOREA, Inc.",True,True,100,bnc korea
Boddingtons Plastics Limited,True,True,100,boddingtons plastics
BODE Chemie GmbH,True,True,100,bode chemie
Boditech Med Inc.,False,False,74,viramed biotech
Body Clock Health Care Limited,True,True,100,body clock health care
BODY PRODUCTS RELAX Pharma und Kosmetik GmbH,True,True,100,body products relax pharma und kosmetik
Body Vision Medical Ltd,True,True,100,body vision medical
"Bodypoint, Inc.",True,True,100,bodypoint
Bodystat Limited,True,True,100,bodystat
Prime Dental Laboratory Ltd,False,False,71,helena laboratories
Bluebird Creative Ltd t/a One Optical,False,False,61,bluebird medical ab
BLUEDOP MEDICAL LTD,True,True,100,bluedop medical
Opal Aligners,False,False,64,aigene co
OPAL DEMETZ,False,False,61,demenego spa
BOLLÉ BRANDS (UK) LIMITED,False,True,85,bolle brands
BOLSAPLAST S.L.,True,True,100,bolsaplast s l
"Bolton Medical, Inc.",True,True,100,bolton medical
Bolton NHS Foundation Trust,False,False,59,tristel solutions
Bolton Surgical Limited,True,True,100,bolton surgical
Bonalive Ltd,False,False,67,bionime
Bondeye Optical Ltd,False,False,73,mind optical co
Bone Foam Inc.,True,True,100,bone foam
Bone Index Finland Ltd.,False,False,61,nexus nederland
Bonegraft Biomaterials Co.,True,True,100,bonegraft biomaterials
BONEGRAFT BiYOLOJiK MALZEMELER SAN. VE TiC. A.5.,False,False,64,burgeon biyoteknoloji ve san tic a s
BONESUPPORT AB,True,True,100,bonesupport ab
"Bonraybio Co., LTD.",True,True,100,bonraybio co
"Bonree Medical Co., Ltd",False,True,85,bison medical co
BonRoux Pty Ltd,True,True,100,bonroux pty
BonRoux Pty Ltd,True,True,100,bonroux pty
bonyf AG,False,False,73,byonoy
Borders General Hospital NHS Trust,False,False,64,bedford hospital bedfordshire hospitals nhs foundation trust
Bordier Affinity Products SA,True,True,100,bordier affinity products sa
Bormioli Pharma SpA,False,True,88,bormioli pharma
Borough Crown & Bridge,False,False,57,towne brothers private
Bosch + Sohn GmbH u. Co KG,True,True,100,bosch + sohn gmbh u co kg
Bosch Healthcare Solutions GmbH,False,False,79,dhs diagnostic healthcare solutions
Bosham Dental Laboratory,False,False,72,laboratorios cosmodent s l
Bohus BioTech AB,False,False,74,b l biotech
Bolder Surgical,True,True,100,bolder surgical
Opcare Ltd,False,False,83,oncare
OPCI Limited,False,False,67,optim
Boston Scientific Corporation,True,True,100,boston scientific
Boston Scientific Neuromodulation Corporation,True,True,100,boston scientific neuromodulation
Boston Town VE Limited,False,False,61,motron nv
botiss biomaterials GmbH,True,True,100,botiss biomaterials
Bottneuro AG,True,True,100,bottneuro
Boulton Dental Laboratories LTD,False,False,76,biolytical laboratories
Bourne Valley Denture Laboratory,False,False,70,baumgartner laboratoire dentaire sprl
Boutique Whitening Limited,False,False,67,grigus boutique
Bovie Medical Corporation,False,True,88,medical bone
BOWA-electronic GmbH & Co. KG,True,True,100,bowa electronic gmbh co kg
Bowhead Design Corporation,False,False,80,bode design
BOWIL Biotech Sp. z o.o.,True,True,100,bowil biotech sp z o o
Bowland Dental Laboratory,False,False,68,laboratoire bongert
BOWRx Ltd,False,True,91,bonwrx
Box Smart Cubed,False,False,67,smart otc
Boyce Ceramics,False,False,64,dermicus ab
Boz Tibbi Malzeme Sanayi Ve Ticaret,False,False,84,boz tibbi malzeme san ve tic a s
BPR Medical Ltd.,True,True,100,bpr medical
BPR Swiss GmbH,False,False,67,b well swiss
"BQ PLUS MEDICAL CO.,LTD",False,True,90,bq plus medical co
"BR PHARM CO.,LTD",False,True,85,br pharm co
Bracco Injeneering S.A,False,False,58,bracco imaging s p a
Bracenfix Ltd,False,False,71,refix
Bracknell V.E. Limited,False,False,60,bernell
C & L E Attenborough Ltd,False,False,55,at technologies
QIAGEN Manchester Ltd.,False,False,62,sterigene
"Boston Brace International, Inc., DBA Boston Orthotics & Prosthetics",False,False,62,boston orthotics prosthetics
"Boston Medical Products, Inc.",True,True,100,boston medical products
OPED GmbH,False,False,67,ormed
Open Bionics Ltd,True,True,100,open bionics
Open Medical Ltd,False,True,87,top medical
OpenPredictor Holdings Limited,False,False,74,menicon holdings
"Operating Theatre Medical (Hubei) Co., Ltd.",False,True,85,operating theatre medical
Operational Surgical,True,True,100,operational surgical
Operon S.A.,True,True,100,operon
"Ophiomics - Investigação e Desenvolvimento em Biotecnologia, S.A. (Ophiomics)",False,False,52,medios de aislamiento e identificación microbiológicos sl
Ophtec BV,True,True,100,ophtec bv
OPHTECS CORPORATION,False,False,77,phlecs
Ophthalmic Experts Limited,False,False,74,ophthalmic design
OPHTHALMIC RESEARCH AND DEVELOPMENT LIMITED,False,False,71,sanotize research and development
Ophthalmo Pro GmbH,True,True,100,ophthalmo pro
Shaw Eyecare Limited,False,False,72,leica eyecare
Bradshaw Medical Inc. (dba Intech),False,False,68,bradshaw medical
Braebon Medical Corporation,True,True,100,braebon medical
Braemar Manufacturing LLC,False,False,80,lacey manufacturing
BRAHMS GmbH,False,True,100,b·r·a·h·m·s
Brain Science Tools B.V.,True,True,100,brain science tools
Brain Stimulation AB,True,True,100,brain stimulation ab
Brain+ A/S,False,False,74,crai s p a
Braun & Company Limited,False,False,73,irasun
Bray Group Ltd,True,True,100,bray group
Breas Medical AB,True,True,100,breas medical ab
Breas Medical Limited,True,True,100,breas medical
C A Samuel Dental Prosthetics,False,False,64,ames medical prosthetic solutions sau
Bradburn Dental Solutions Ltd,False,False,71,dsi dental solutions
Braderm SRL,False,False,78,braderm
BrainCool AB,True,True,100,braincool ab
Opitek International,False,True,92,kopek international
Pfaff medical GmbH,True,True,100,pfaff medical
"Breg, Inc",False,False,75,breu
"Breg, Inc",False,False,75,breu
Breitfeld & Schliekert GmbH,True,True,100,breitfeld schliekert
Bremadent Premier (Bristol) LTD,False,False,56,dentstore bulgaria
Brendan Brookshaw Prosthetics Technician,False,False,57,technical optics international
Brera Medical Technologies S.R.L,False,False,83,central medical technologies
brian Bigmore,False,False,64,biomerica
Brian Clark Opticians,False,False,65,bio optics co
Brian Michie Opticians,False,False,63,bio optics co
Bridea Medical bv,False,True,90,bridea medical
Bridge Dental Care,False,False,71,cardex dental
Bridge Dental Laboratory Ltd,False,False,67,cambridge isotope laboratories
Bridge Street Optometrists Ltd,False,False,57,medasense biometrics
Bridge-Rite Ceramics,False,False,70,fine art ceramics
BridgeMaster medical Limited,False,False,82,bridea medical
Bridgwater Dental Laboratory,False,False,65,baumgartner laboratoire dentaire sprl
Bright Optics,False,False,70,liteoptics
Bright Technologies Ltd,False,True,86,sharplight technologies
Brighter Futures Together CIC,False,False,55,op couture brillen
Brighton Dental Clinic Ltd T/A Digital Dental Labs,False,False,55,dental fusioni di paolo d’antonio c s a s
Brighton Dental Lab,False,False,74,argon dental srl
Brightwake Limited Trading as Advancis Medical,False,False,59,krk ltd trading as anis dent
Brignall Opticians Ltd.,False,False,62,trignostics
Brintal Limited,False,False,71,arineta
British Society for Paediatric Endocrinology and Diabetes,False,False,51,radiation oncology devices
BRITTEN DENTURES LTD,False,False,65,gensure biotech
BRM Extremities srl,False,True,85,brm extremities s r l
Broadgate Dental Laboratory Ltd,False,False,69,baumgartner laboratoire dentaire sprl
C A W Dental Ceramics,False,False,73,j b implant and dental ceramics
bredent medical GmbH & Co. KG,True,True,100,bredent medical gmbh co kg
Breeze Dental Laboratory,False,False,65,helena laboratories
OPPO Medical Inc.,True,True,100,oppo medical
OPRO International Ltd,True,True,100,opro international
OPRO LTD,False,True,89,sopro
Brooklands Dental Laboratory,False,False,63,biolytical laboratories
"BrosMed Medical Co., Ltd",True,True,100,brosmed medical co
Brownbills,False,False,59,bernell
Brownmed Inc.,True,True,100,brownmed
Bruin Biometrics LLC,False,False,78,precision biometrics
Bruker Daltonics GmbH & Co. KG,True,True,100,bruker daltonics gmbh co kg
BRUMABA GmbH & Co. KG,False,False,81,bergmann gmbh co kg
Bryant Medical Ltd (t/a Bryant Dental),False,False,64,mcd medical care dental
Brymill Cryogenic Systems,True,True,100,brymill cryogenic systems
BSN medical GmbH,True,True,100,bsn medical
BSN medical GmbH,True,True,100,bsn medical
BSN Medical Inc.,True,True,100,bsn medical
BSN Medical Pty Ltd,True,True,100,bsn medical pty
BSN Medical S.A.S,False,False,81,ems medical a s
BSN-Jobst GmbH,True,True,100,bsn jobst
Bsure Medical BV,False,False,82,brosmed medical bv
"BTE Technologies Inc, 7455-L",False,False,75,b b medical technologies
BTL Industries Limited,True,True,100,btl industries
BTT Health GmbH,True,True,100,btt health
Bubble FLO Ltd,True,True,100,bubble flo
Buchanan Orthotics Ltd,False,False,71,ace orthotics
Buckle and McGrath Ltd T/A Buckle Advanced Dental Care,False,False,50,changzhou medical appliances general factory co ltd
C and S Dental Laboratory,False,False,71,laboratorios cosmodent s l
Skegness Dental Laboratory,False,False,67,helena laboratories
Brockley House Orthodontics,False,False,67,db orthodontics
"Broncus Medical, Inc.",False,False,83,bernas medical
BRUNSWICK DENTAL LABORATORY,False,False,67,laboratoire benewmedical
"Opsens, Inc.",True,True,100,opsens
PFD NI LTD T/as Portstewart Family Dental Practice,False,False,52,arma dental üreti̇m si̇stemleri̇ san ve ti̇c ltd şti̇
Buizer Family Eyecare Ltd,False,False,56,bayer medical care
Buraq Surgical Corporation,True,True,100,buraq surgical
Burlington Dental Laboratory,False,False,64,aurena laboratories ab
Burmeier GmbH & Co. KG,True,True,100,burmeier gmbh co kg
Burnham Dental Practice,False,False,64,corim dental products bv
Burnshield (Pty) Ltd,True,True,100,burnshield pty
Burton McCall Ltd,False,False,67,bolton medical
Burton Medical LLC,False,True,86,bolton medical
Burton Medical LLC,False,True,86,bolton medical
Burton Upon Trent VE Limited,False,False,58,barron precision instruments
bury denture clinic,False,False,63,pentron clinical
Bury St Edmunds VE Ltd,False,False,53,united sports brands
BUSCH & CO. GmbH & Co. KG,True,True,100,busch co gmbh co kg
"Butterfly Network, Inc.",False,False,65,butterfly italia srl
Buxton biomedical Inc,True,True,100,buxton biomedical
Buxton V E Limited,False,False,60,e j bodkin +
Buydefinition Limited,True,True,100,buydefinition
"BV MEDICAL TECHNOLOGIES, SL",False,True,88,b b medical technologies
BWF Dental Laboratory,False,False,70,aurena laboratories ab
BXTAccelyon Ltd,True,True,100,bxtaccelyon
"BYD Precision Manufacture Co., Ltd.",True,True,100,byd precision manufacture co
"BYD Precision Manufacture Co., Ltd.",True,True,100,byd precision manufacture co
Byrnes Dental Laboratory Ltd,False,False,67,laboratoire benewmedical
BYTECH  DENTAL,False,False,83,atec dental
C & H Dental Lab,False,False,77,access dental lab
C & J Dental Technologists Ltd,False,False,80,d tech dental technologies
Budleigh Salterton Dental Practice and Implant Centre,False,False,60,j b implant and dental ceramics
BÜHLMANN Laboratories AG,False,False,83,laboratorios hartmann
OPT SurgiSystems S.r.l.,False,False,84,opt surgisystems
Optalmed LLC,True,True,100,optalmed
OPTEC USA Inc,False,False,70,proteor usa
Optellum Ltd,True,True,100,optellum
C the Signs Limited,False,False,67,signers co
C. E. Buggins & Co Ltd,False,False,61,hcp business
C.I.O.M. SRL,False,False,82,s i e m srl
"C.L. STURKEY, INC.",False,False,70,p c turck
C.O.C. Farmaceutici S.r.l.,True,True,100,c o c farmaceutici s r l
C&C Dental Laboratory,False,False,68,access dental lab
C&S Footwear Adaptions Ltd,False,False,61,adaptica s r l
C&S Seating Ltd,False,False,64,sentinel ch s p a
"C2N Diagnostics, LLC",False,True,90,co diagnostics
Cablon Medical B.V.,True,True,100,cablon medical
Cactus Dental Technology Limited,False,False,79,mem dental technology co
Cadby Dental,False,False,82,aad dental
Cadcamics Limited,False,False,70,cardiodynamics
CADskills BV,True,True,100,cadskills bv
"Cadwell Industries, Inc.",True,True,100,cadwell industries
Caemora LTD,False,False,67,moria
Caesarea Medical Electronics Ltd.,True,True,100,caesarea medical electronics
CAHOUET,True,True,100,cahouet
CAIR LGL,True,True,100,cair lgl
CAIRE Diagnostics Inc.,False,False,78,exini diagnostics ab
C Parkman Dental Technology,False,False,82,mem dental technology co
C R Williams Opticians Ltd,False,False,70,collis williams
C-Pro Direct Ltd,True,True,100,c pro direct
C. P. P Denture Studio,False,False,63,hall dental studio
CA-MI S.R.L.,True,True,100,ca mi s r l
"OPTI Medical Systems, Inc.",False,False,84,philips medical systems
Optical Care Centre Ltd t/a Crystal Eye Centre,False,False,54,opti̇k medi̇kal ti̇caret a ş
Caledonian Ceramics Dental Laboratory,False,False,65,j b implant and dental ceramics
Caleres Europe Ltd,False,True,85,cerus europe
"CalibreScientific US, Inc.",False,False,74,zeus scientific
Callegari Srl,False,False,79,callegari s r l
Calleo Ltd,False,False,77,allegro
CALPRO AS,True,True,100,calpro as
Caltag Medsystems Ltd,True,True,100,caltag medsystems
"CALZAMEDI, S.L.",True,True,100,calzamedi s l
Calze G.T. S.r.l.,True,True,100,calze g t s r l
Calzificio Pinelli Srl,True,True,100,calzificio pinelli srl
Camark SA,False,False,78,carmat sa
Camascope Limited,False,False,78,datascope
"Cambodian Textiles Worldwide Phnom Penh Works Co.,Ltd.",False,False,56,allmed medical textile co ltd viet nam
Camborne Denture Clinic,False,False,56,pentron clinical
Cambridge Adaptive Testing,False,False,62,cypress adaptive
Cambridge Clinical Laboratories Ltd,False,False,79,cambridge isotope laboratories
Cambridge Cognition Ltd,False,False,65,careconnections
cambridge dental ceramics ltd,False,False,67,carestream dental
Cambridge Digital Health,False,False,78,carealytix digital health
Cambridge Life Sciences Ltd,False,True,86,caris life sciences
Cambridge Medical Innovation Ltd,False,False,84,art medical innovation
Cambridge Novolab Limited,False,False,64,cambridge isotope laboratories
CamDiab Ltd,True,True,100,camdiab
Cameron Graham Ltd,False,False,62,cameron medical
Cameron Optometry Limited,False,False,62,etiometry
CAMHS Digital Lab,False,False,67,cam hospital srl
Camntech Ltd,True,True,100,camntech
CairnSurgical Inc,False,True,85,care surgical
Calcivis Limited,False,False,77,alcis
Optical Farm HK Limited,False,False,71,jh optical co
Camurus AB,True,True,100,camurus ab
Candela Corporation,True,True,100,candela
Candid Care Co.,False,False,74,nidicare
Candulor AG,False,False,70,candulor dental
Canè S.p.A.,True,True,100,canè s p a
CANNORDIC A/S,True,True,100,cannordic a s
Canon Inc.,True,True,100,canon
Canon Medical Diagnostics Corporation,False,False,81,abbott diagnostics medical co
Canon Medical Informatics A/S,True,True,100,canon medical informatics a s
Canon Medical Informatics Inc.,True,True,100,canon medical informatics
Canon Medical Systems Corporation,True,True,100,canon medical systems
Canonbury Products Ltd,False,False,82,contour products
Canpol sp z.o.o,False,False,77,labplus sp z o o
Cantel (UK) Ltd,False,False,63,suntech uk
Cantel Medical (Italy) S.r.l.,True,True,100,cantel medical italy s r l
Canterbury Scientific Limited,True,True,100,canterbury scientific
Canterbury Scientific Ltd,True,True,100,canterbury scientific
Canton Dental Laboratory,False,False,71,laboratorios conda
Canton Optics Ltd,False,False,72,pathonostics
Cantor Barnard Ltd,True,True,100,cantor barnard
Canyon Medical Inc,True,True,100,canyon medical
Capatex Care Ltd,False,False,67,wavecare aps
Capatex Medical (A Division of Capatex Ltd ),False,False,61,amel medical division srl
"Capenergy Medical, S.L.",True,True,100,capenergy medical s l
Dental Art Ceramics,False,False,78,fine art ceramics
Campbell Labs Ltd,False,False,69,capelli s r l
Camstent Limited,True,True,100,camstent
Optical Outlook Limited,False,False,81,volk optical
Caprice Atelier LTD,False,False,72,bc atelier
"CapsoVision, Inc.",True,True,100,capsovision
"Caption Health, Inc.",False,False,75,asp health
Carbasse Implant & Dental Centre,False,False,69,j b implant and dental ceramics
Carbofix Orthopeadics Ltd,False,True,98,carbofix orthopedics
Carbon Medical Technologies Inc,False,True,87,laborie medical technologies
Carden Place Dental Practice Ltd,False,False,63,mcd medical care dental
Cardia Innovation AB,False,False,77,cardia international a s
Cardia International A.S.,True,True,100,cardia international a s
"Cardiac Assist, Inc.",False,False,77,cardiaccs as
Cardiac Dimensions Inc.,True,True,100,cardiac dimensions
"Cardiac Pacemakers, Inc., a subsidiary of Boston Scientific Corporation",True,True,100,cardiac pacemakers inc a subsidiary of boston scientific
CardiacSense Ltd,True,True,100,cardiacsense
Cardiff And Vale UHB Dental Laboratories,False,False,65,aurena laboratories ab
Cardiff and Vale University Health Board,False,False,53,global health and safety
Cardiff and Vale University Health Board Rehabilitation Engineering Unit,False,False,49,shumeijie rehabilitation apparatus hebei co
Cardiff and Vale University Hospital Llandough,False,False,56,aiesi hospital service s a s di piantadosi valerio e c
Cardiff and Vale University Hospital of Wales,False,False,51,hospital district of southwest finland
Cardiff Orthodontic Laboratory,False,False,62,db orthodontics
Cardinal Health,False,True,88,cardinal health 200
"Cardinal Health 200, LLC also trading as Cardinal Health",False,False,51,cardinal health 200
CARDIO CALM SRL,False,False,81,cardio calm s r l
Cardio-Phoenix Inc.,False,False,65,phoenix farmacija d o o
CardioDynamics B.V.,True,True,100,cardiodynamics
Optical World (Southall) Ltd,False,False,67,shamir optical
"Caplugs, Inc.",True,True,100,caplugs
Capri Healthcare,False,False,84,ciga healthcare
Optical3 Ltd,False,False,80,voptica
OPTICO LTD,True,True,100,optico
"CardioRenal Systems, Inc",False,False,74,health care systems
CardioTek B.V.,True,True,100,cardiotek
"Cardiovascular Systems, Inc.",False,True,86,terumo cardiovascular systems
Cardisio GmbH,False,False,71,cardiotek
"Cardiva Medical, Inc",False,True,90,cardio medical
Care & Independence Ltd,False,False,63,independence products
Care Corner Limited,False,False,80,ad corner
Care Essentials Pty Ltd,True,True,100,care essentials pty
Care Lamps Ltd,False,False,70,lp care oe
Care Platforms Pty Ltd T/A Careleda,False,False,55,la med healthcare private pvt limited ltd
Care Surgical Limited,True,True,100,care surgical
CareCo (UK) Limited,False,False,73,ortho care uk
CareDx AB,True,True,100,caredx ab
CareDx Pty Ltd,False,False,70,optim'care
Careflex,True,True,100,careflex
CareFusion,False,False,77,care fusione srl
"CAREGEN CO.,LTD.",False,False,83,caregen co
Careglove Global SDN BHD,True,True,100,careglove global sdn bhd
Caregroup Sight Solution Private Limited,False,False,69,solution group s r l
Caregroup Sight Solution Private Limited,False,False,69,solution group s r l
"CareHealth America Corporation dba Express Diagnostics Int'l, Inc.",False,False,55,ameritech diagnostic reagent jiaxing co
CareLoop Health Ltd,False,False,80,care for health
"CareMax (Anhui) Co., Ltd.",True,True,100,caremax anhui co
OptiGene Limited,True,True,100,optigene
Cardionovum GmbH,True,True,100,cardionovum
CardioPrecision Ltd,True,True,100,cardioprecision
Optikon 2000 S.p.A. società unipersonale,False,False,64,optikon 2000 s p a
Optima (Faversham) Limited,False,False,69,merchamp optical
"Caremed Supply, Inc",True,True,100,caremed supply
Careology Health Limited,False,False,77,care for health
Carestream Dental LLC,True,True,100,carestream dental
"Carestream Health, Inc.",False,False,82,carestream dental
Carew Dental Limited,False,True,88,cardex dental
Carilex Medical Inc.,True,True,100,carilex medical
"Caris MPI, Inc. D/B/A Caris Life Sciences",False,False,66,caris life sciences
Caristo Diagnostics Limited,False,True,86,citest diagnostics
Carl J.Humphries Dental Ceramics Ltd,False,False,70,j b implant and dental ceramics
Carl Kearney Dental,False,False,65,dentaleye ab
Carl Reiner GmbH,False,False,74,careline
Carl Zeiss Ltd,True,True,100,carl zeiss
Carl Zeiss Meditec AG,True,True,100,carl zeiss meditec
"Carl Zeiss Meditec, Inc.",True,True,100,carl zeiss meditec
Carl Zeiss Microscopy GmbH,True,True,100,carl zeiss microscopy
"Carl Zeiss Suzhou Co., Ltd.",True,True,100,carl zeiss suzhou co
Carl Zeiss Vision GmbH,True,True,100,carl zeiss vision
Carl Zeiss Vision International GmbH,True,True,100,carl zeiss vision international
Carl Zeiss Vision UK Ltd,False,True,92,carl zeiss vision
"Carlton & Stanley (Shevington), Carlton & Stanley (Bridgfords, Leigh)",False,False,44,shenzhen baige medical technology co
CarlyLab,False,False,80,arsylab
CARMAT SA,True,True,100,carmat sa
Carmelton (Jiangmen) Healthcare Limited,True,True,100,carmelton jiangmen healthcare
Cavex Holland BV,True,True,100,cavex holland bv
Caremed Alrick Healthcare T/A Caremed Healthcare,False,False,54,direct healthcare group sverige ab
Caremed Alrick UK Ltd,False,False,67,mediq healthcare uk
Optima Exeter Ltd T/A Bennett & Rogers Opticians,False,False,49,opto centar optika d o o
Optima Medical Swiss AG,True,True,100,optima medical swiss
OPTIMA MOLLITER SRL,True,True,100,optima molliter srl
OPTİMAL SAĞLIK ÜRÜNLERİ SAN VE DIŞ TİC LTD.ŞTİ,False,True,95,opti̇mal sağlik ürün san ve diş ti̇c ltd şti̇
Carterhouse Dental Laboratory,False,False,67,artron laboratories
"Cascade Designs, Inc.",False,False,77,base design
CASCINATION AG,True,True,100,cascination
"Case Medical, Inc.",True,True,100,case medical
Casis International,True,True,100,casis international
CASMED INTERNATIONAL LTD,True,True,100,casmed international
Cassini Technologies B.V.,True,True,100,cassini technologies
Casterbridge Solutions Ltd T/A Casterbridge Dental Studio,False,False,54,paltop advanced dental solutions
Castilian Street Dental Practice.,False,False,61,adin dental implant systems
Castle Crown & Bridge,False,False,57,crown aesthetics
Castle Dene Dental Laboratory,False,False,69,laboratoire d'etalons d'activite
Castle Dental Laboratory Ltd,False,False,69,aesthetic experts laboratory
Castle Dental Studio Limited,False,False,70,straume dental as
castle dental technicians ltd,False,False,65,technical and general
Castledale Ceramics Ltd,False,False,61,fine art ceramics
"CAT Resources, LLC",False,False,79,c a t resources
Catachem Inc,False,False,62,camntech
Cathay Manufacturing Corp,False,False,82,lacey manufacturing
Catheter Precision Inc.,True,True,100,catheter precision
CathWorks Ltd,True,True,100,cathworks
Cavendish Imaging Limited,False,False,80,cavendish implants
Cavendish Implants Ltd,True,True,100,cavendish implants
Evergreen Dentistry,False,False,58,elegant dent
CarpoNovum AB,False,False,75,cardionovum
Carson Optical,False,False,81,class optical
Carter Bailey Opticians Ltd,False,False,61,bio optics co
OptimallyMe Limited,False,False,74,optalmed
"Optiman Group, Inc",False,False,72,groupe lépine
Optimas Medikal Ürünler Sanayi Ticaret Ltd. Sti.,False,False,78,optimas medikal urunler sanayi ticaret limited sirketi
Optimed Medizinische Instrumente GmbH,True,True,100,optimed medizinische instrumente
Optimi Health Limited,False,False,75,mint health
Optimise Health Limited,False,False,74,motus health
Optimized Body & Mind,False,False,65,mind optical co
Optimized Ortho Pty Ltd,True,True,100,optimized ortho pty
Optimum Coatings Ltd,False,False,62,opticom co
Optimum Medical Solutions Limited,True,True,100,optimum medical solutions
Optimus Dental,False,False,75,optimus 3d
Optique Vision (Lincoln),False,False,72,hope vision co
Optium Medikal Ltd. Şti,False,False,84,proma medikal ltd şti
Optivision Opticians Ltd,False,False,70,vision one optics
Opto Health Ltd,False,False,82,onqo health
Cayenne Medical,True,True,100,cayenne medical
CB & N LTD,False,False,67,n2 co
CB Dental Materials GmbH,True,True,100,cb dental materials
CB Dental Reg. GmbH,False,False,74,bms dental srl
CBC Dental Lab,False,False,84,access dental lab
CBI Dental Studio,False,False,74,hall dental studio
CC Wellness LLC,True,True,100,cc wellness
CCD Laboratoire,False,False,84,laboratoire 7med
CCDL Limited,False,False,60,scl co
CCIR ASIA PACIFIC LIMITED,True,True,100,ccir asia pacific
CCM Laboratories Ltd,False,True,85,acon laboratories
CD Diagnostics,True,True,100,cd diagnostics
CD Medical Ltd,False,True,90,cg medical
CEGLA Medizintechnik GmbH,True,True,100,cegla medizintechnik
Ceiba Healthcare Ltd.,False,True,90,ciga healthcare
CB Healthcare Consulting GmbH,False,False,81,mek healthcare consulting ug
Optomed OYJ,True,True,100,optomed oyj
CellPath Ltd,True,True,100,cellpath
Cells4Life  Group LLP,False,False,63,elits group srl
Cellview Imaging Inc.,True,True,100,cellview imaging
CEMAG CARE,True,True,100,cemag care
Cemar Electro Inc,False,False,71,electro cap center
Cendres+Métaux SA,True,True,100,cendres+métaux sa
CenterPoint Systems LLC,True,True,100,centerpoint systems
Centervue SpA,False,False,79,centervue s p a
Centinel Spine LLC,True,True,100,centinel spine
Centogene GmbH,True,True,100,centogene
Central  Crown and Bridge,False,False,58,technical and general
Central Decontamination Unit - Clyde Sector,False,False,58,alsico contamination control
Central Dental (Kempston) Laboratory Ltd,False,False,66,instrumentation laboratory spa
Central Manchester Healthcare NHS Trust,False,False,59,medi cal healthcare
Central Medical Supplies Ltd,True,True,100,central medical supplies
Central Medicare Sdn. Bhd.,True,True,100,central medicare sdn bhd
Central Orthodontics Limited,False,False,77,modern orthodontics
Central Orthodontics Stirling,False,False,77,dentsply sirona orthodontics
Central Prosthetics( M.A.Fletcher),False,False,57,forstec dental ab
Centre of Dental Excellence LTD,False,False,57,hasharon dental center
Centre of Eyecare excellence with Plymouth University,False,False,46,khalifa university enterprises
Centrix Inc.,False,False,75,icometrix
Centrostyle SPA,False,False,69,eurospital spa
Centurion Medical Products LP.,False,True,85,atrion medical products
CEODEUX SA,False,False,82,ceodeux
Cephas Medical Pvt Ltd,False,True,90,cephas medical private
Cell Projects Ltd,True,True,100,cell projects
CellaVision AB,True,True,100,cellavision ab
Optomistry Limited,False,False,63,etiometry
Optonet Ltd,False,False,71,optovue
Optopol Technology,False,False,82,ortho technology
Optos Plc,True,True,100,optos plc
"Optovue, Inc.",True,True,100,optovue
Ceramiart Dental Laboratories Ltd.(MJ.Roetjens.MD),False,False,59,tlr international laboratories
Ceramic Art Dentallabor UG,False,False,67,j b implant and dental ceramics
Ceramic Techniques Limited,False,False,72,meridian technique
Ceramident Technics,False,False,67,convergent technologies
CeramOptec GmbH,True,True,100,ceramoptec
CeramTec Schweiz GmbH,True,True,100,ceramtec schweiz
Ceramtech Limited,False,False,84,ceramoptec
CERAPEDICS INC,False,False,71,ceredas
cerascreen GmbH,False,False,74,truscreen
Cerca Biotech GmbH,True,True,100,cerca biotech
Cercare Medical A/S,False,False,84,evercare medical ab
"Cerenovus, Inc.",True,True,100,cerenovus
"Cerenovus, Inc.",True,True,100,cerenovus
CERKAMED - (Przedsiybiorstwo Produkcyjno-Handlowe CERKAMED Wojciech Pawlowski),False,True,91,wojciech pawłowski przedsiębiorstwo produkcyjno handlowe ''cerkamed''
Cerner Corporation,False,False,71,cerecare
Ceroplast Ltd,False,False,80,neutroplast
"Cerus Endovascular, Ltd.",True,True,100,cerus endovascular
Cestradent,False,False,76,eastdent co
Cetro Medical AB,True,True,100,cetro medical ab
CEX INTERNACIONAL S.A.,True,True,100,cex internacional
Cepheid Inc,True,True,100,cepheid
CERAMDENT,False,False,78,ceramaret
CERICHEM BIOPHARM SRL,True,True,100,cerichem biopharm srl
CGS Dental Laboratory,False,False,72,laboratorios cosmodent s l
CH Dental Prosthetics,False,False,70,ifit prosthetics
"CHA Meditech Co., Ltd.",True,True,100,cha meditech co
"Chabner XRT, LLC",True,True,100,chabner xrt
Chalice Medical Ltd,True,True,100,chalice medical
"Chamfond Biotech Co., Ltd",False,True,90,chamfond biotech co ltd
Champ Mobility,False,False,76,pf mobility aps
Champion Manufacturing Inc.,False,True,88,arion manufacturing
Champions Implants,True,True,100,champions implants
Chaneco Ltd,True,True,100,chaneco
"Changchun LYZ Technology Co., Ltd.",False,False,77,hangzhou heo technology co ltd
"Changde Gelan Medical Device Co., Ltd.",True,True,100,changde gelan medical device co
"Changde Yicheng Medical Instrument Co., LTD",False,False,81,changzhou yonghua medical instruments co
Change Healthcare Canada Company,True,True,100,change healthcare canada
"Changsha Anxiang Medical Technology Co., LTD",False,False,80,changsha magill medical technology co
"Changsha Renji Medical Equipment Co., Ltd.",True,True,100,changsha renji medical equipment co
Changsha Sinocare Inc.,False,False,65,ast visioncare
Changshu Kangbao Medical Appliance Factory,True,True,100,changshu kangbao medical appliance factory
"Changshu Pingfang Wheelchair Co., Ltd",True,True,100,changshu pingfang wheelchair co
Changshu Shangchi Dental Materials Co. Ltd,False,False,72,shanghai fanta dental materials co ltd
Changshu Taining Medical Equipment Co. Ltd,False,True,96,changshu taining medical equipment co
Knight Dental Design LTD,False,False,67,dental direkt
CG Dental Laboratory,False,False,70,homer ion laboratory co
CG Med SAS,False,False,84,comed sas
Knight Scientific Limited,False,False,76,hunter scientific
OPTUM HEALTH SOLUTIONS (UK) LIMITED,False,False,78,pivotal health solutions
Ora Medical Inc.,False,True,92,norav medical
"Changzhou Endoclean Medical Device Co.,Ltd",True,True,100,changzhou endoclean medical device co ltd
"Changzhou Haiers Medical Devices Co., Ltd",False,False,79,changzhou haili medical co
"Changzhou Health Microport Medical Device Co., Ltd.",True,True,100,changzhou health microport medical device co
"Changzhou Hongtai Paper Film Co., Ltd",False,True,94,changzhou hongtai paper film co ltd
"Changzhou Hualian Health Dressing Co., Ltd.",True,True,100,changzhou hualian health dressing co
"Changzhou Hupan Medical Co., Ltd",True,True,100,changzhou hupan medical co
"Changzhou Intl. Trade & Enterprises Cooperative Co., Ltd.",False,True,96,changzhou intl trade enterprises cooperative co ltd
"Changzhou Major Medical Products Co., LTD",False,True,95,changzhou major medical products co ltd
"Changzhou Maokang Medical Products Co., Ltd.",False,True,87,changzhou major medical products co ltd
"Changzhou Medical Appliances General Factory Co.,Ltd",True,True,100,changzhou medical appliances general factory co ltd
"Changzhou Shengkang Medical Instrument Co.,Ltd",False,False,84,changzhou toolmed medical instrument co ltd
"Changzhou Sifary Medical Technology Co., Ltd.,",False,True,95,changzhou sifary medical technology co
"Changzhou Tongda Medical Appliance Co., Ltd.",True,True,100,changzhou tongda medical appliance co
"Changzhou Waston Medical Appliance Co., Ltd.",False,True,92,changzhou tongda medical appliance co
"Changzhou WeiPu Medical Devices Co.,Ltd.",False,True,85,changzhou zhongyou medical device co ltd
"Changzhou Wujin Jinxingda Medical Appliance Co., Ltd.",False,False,78,hangzhou jinlin medical appliances co ltd
"Changzhou Yuekang Medical Appliance Co., Ltd.",False,True,88,changzhou tongda medical appliance co
CHISWICK V.E. LIMITED,False,False,53,vti ventil technik
Oracle Dental Cermaics,False,False,68,axis dental sarl
ChangZhou BoMedent Medical Technology Co Ltd,False,True,96,changzhou bomedent medical technology co
"Changzhou DSB Medical Co.,Ltd.",False,False,81,changzhou haili medical co
Oral Arts Laboratory Ltd,False,False,70,optim group laboratory srl
Oral Care Innovations ltd (Abergele),False,False,69,oral innovation ae
"CHANVOL MEDICAL TECHNOLOGY CO., LTD",False,True,85,ace medical technology co
CHAPEL  DENTAL  LABORATORY.,False,False,74,helena laboratories
Chapman Dental Solutions,False,False,73,dsi dental solutions
CHARCO NEUROTECH LTD,True,True,100,charco neurotech
"CHARDER ELECTRONIC CO., LTD.",False,False,71,innocare optoelectronics
Charles Clifford Dental Hospital NHS,False,False,56,arseus hospital nv
Charles Lea Opticians Ltd,False,False,63,zhejiang letai optical glasses co
Charlotte J Bishop,False,False,57,r biopharm
CHARMANT FRANCE,True,True,100,charmant france
CHARMANT INC,True,True,100,charmant
Charnwood Chrome,False,False,67,chungwoo co
"Charter Medical, LLC",False,True,85,art medical
Cheadle Hulme Dental & Cosmetics,False,False,57,chip ideas electronics s l
Check Point R&D Ltd,False,False,71,checkpoint surgical
Check4Cancer,False,False,59,beckman coulter
"Checkpoint Surgical, Inc.",True,True,100,checkpoint surgical
Cheers Health Care Limited,True,True,100,cheers health care
Cheetah-Medical (Israel) Ltd trading as Baxter Tel Aviv,False,False,64,"integral systems pty ltd trading as ""cirrus medical"""
Chefaro Ireland DAC,True,True,100,chefaro ireland dac
CHEIRÓN a.s.,True,True,100,cheirón a s
Chelmer Surgical Supply Ltd.,True,True,100,chelmer surgical supply
"Chemence Medical, Inc.",True,True,100,chemence medical
Chemichl AG,True,True,100,chemichl
"CHEMILENS (JIAXING) CO,. LTD",False,True,91,chemilens jiaxing co ltd
CHEMILENS VIETNAM JOINT STOCK COMPANY,False,False,58,tlr	venture joint stock
Oral Ceramics,False,False,70,doceram medical ceramics
"Channel Medsystems, Inc.",False,False,80,caltag medsystems
Chanter Biomed Limited,False,False,80,hans biomed
Oral Creations Dental Laboratory LTD,False,False,66,laboratorios cosmodent s l
ORAL DESIGN HARLEY STREET,False,False,59,hoet eyewear design
Oral Facial Laboratory.,False,False,70,laboratory imaging s r o
Oral Health Solutions Ltd,False,True,89,pivotal health solutions
Oral smile dental laboratory,False,False,67,laboratorios cosmodent s l
Oraldent Limited,True,True,100,oraldent
Orametrix Inc (Texas),False,False,64,icometrix
Orantech Inc.,True,True,100,orantech
"OraSure Technologies, Inc.",False,True,85,qure ai technologies
Orbit Health GmbH,True,True,100,orbit health
"OrbusNeich Medical (Shenzhen) Co. Ltd,",True,True,100,orbusneich medical shenzhen co ltd
OrbusNeich Medical B.V.,True,True,100,orbusneich medical
Orby Dental Laboratory,False,False,68,e o laboratories
OrCam GmbH,True,True,100,orcam
OrCam Technologies LTD,False,True,86,opia technologies
"Chengdu Daxan Innovative Medical Tech Co., Ltd.",False,True,95,chengdu daxan innovative medical tech co ltd
"Chengdu Xinjin Shifeng Medical Appratures & Instrument Co., Ltd.",False,True,97,chengdu xinjin shifeng medical apparatus instrument co
Chilli Dental Laboratory,False,False,70,helena laboratories
Chiltern Invadex (UK) Limited,False,False,56,calmed invest kft
Chin Kou Medical Instrument Co. Ltd,False,False,84,hoshin medical instrument co
"China HuaMei Medical Instrument Co., Limited",False,False,82,huger medical instrument co
Chinesport spa,True,True,100,chinesport spa
Chingford Dental Laboratory,False,False,67,laboratorios cinfa
"CHIRANA T.Injecta, a. s.",True,True,100,chirana t injecta a s
Chiron Digital Health Ltd,False,False,74,carealytix digital health
Chiswick Denture Clinic,False,False,57,tlr	venture joint stock
Chemo Mouthpiece LLC,True,True,100,chemo mouthpiece
Chemotechnique MBDiagnostics AB,False,True,92,chemotechnique mb diagnostics ab
Chemviron Carbon Ltd,True,True,100,chemviron carbon
Orchard Dental Laboratory,False,False,68,laboratoires m richard
Orfit Industries,True,True,100,orfit industries
ChM sp. z o.o.,False,False,83,mdh sp z o o
Choice Med,False,False,74,chiru med
Choice One Medical Inc.,False,False,79,chalice medical
"Chongqing iSIA BIO-Technology Co., Ltd.",True,True,100,chongqing isia bio technology co
"Chongqing KangHuaRuiMing Science Technology Co., Ltd.",False,False,75,chongqing yeasn science technology co
"Chongqing Keysmile Biological Technology Co., Ltd",True,True,100,chongqing keysmile biological technology co
"Chongqing PSK-Health Sci-Tech Development Co., Ltd.",False,False,64,beijing fule science technology development co
Chongqing Qing Er Technology Company Limited,True,True,100,chongqing qing er technology
"Chongqing Shiyuanqing Technology Co., Ltd",False,False,83,chongqing qing er technology
Chongqing Shun Meiji Medical Equipment Inc Co Ltd,False,True,92,chongqing shun meiji medical equipment inc co ltd
"Chongqing Sunkingdom Medical Instrument Co.,Ltd.",False,True,87,chongqing xinfeng medical instruments co ltd
"Chongqing Xishan Science & Technology Co., Ltd.",False,True,91,chongqing yeasn science technology co
"CHONGQING YEASN SCIENCE-TECHNOLOGY CO.,LTD.",False,True,95,chongqing yeasn science technology co
Chordate Medical AB,True,True,100,chordate medical ab
Chris Boyde,False,False,73,bode chemie
Chris Cowell Castings,False,False,58,tristel solutions
Chris Frizzell Dentures Ltd,False,False,54,sc alias protech dent srl
Chris Howe Ceramics Ltd,False,False,63,ceramtec schweiz
Chris Plant Dental Lab,False,False,67,access dental lab
Chris Woods Eyecare,False,False,57,charmcare co ltd
Coast Dental Health & Beauty Ltd,False,False,70,detalo health aps
Total Rehab,False,False,72,global carehab
chitotech company,False,False,75,biotech
Chiyewon Co. LTD.,False,False,84,chiyewon co
"Organ Recovery Systems, Inc.",False,False,84,nice recovery systems
Organon LLC,True,True,100,organon
CHROMagar,False,False,71,comar
Chrome Cast (UK) Ltd,False,False,67,chroma ate
Chrome Design Limited,False,False,75,bode design
Chrome Hearts LLC,False,False,64,msl health care
Chrome innovation limited,False,True,85,ecom innovations
Chrome Surgical Ltd,False,True,86,care surgical
Chrono-log Corporation,True,True,100,chrono log
Chronomics Limited,True,True,100,chronomics
Chronos Imaging LLC,True,True,100,chronos imaging
Chunc Limited,True,True,100,chunc
Church and Dwight Co Inc,False,False,79,church dwight uk
Church House Dental Practice Ltd,False,False,60,code of practice ab
Church Street Dental Practice,False,False,60,reinvent dental products
Church View Dental Practice Ltd,False,False,58,heng chuang plastic metal co
CIGA Healthcare Ltd,True,True,100,ciga healthcare
CIM med GmbH,True,True,100,cim med
"CIMA TECHNOLOGY, INC",True,True,100,cima technology
CIMON MEDICAL AS,False,True,85,codan medical aps
Cimpax ApS,False,False,80,cimpax a s
Cinch Laboratories,False,True,86,acon laboratories
Cinchortho Ltd,False,False,70,ortho arch
CINOGY System GmbH,True,True,100,cinogy system
Cipher Surgical Limited,False,False,83,coopersurgical
CIR Medical SAS,False,True,85,cir medical
"CIRCA Scientific, Inc.",False,False,82,oncosia scientific
ClariPi Inc,True,True,100,claripi
Christine David Opticians Limited,False,False,60,christie medical holdings
Christoph Miethke GmbH & Co. KG,False,False,67,multi com gmbh co kg
OrganOx Ltd,False,True,86,organon
ORGENTEC Diagnostika GmbH,False,False,74,genome diagnostics
Circle Specialty Inc.,False,False,69,roam special cycles
Circus Dental Ltd,False,False,78,cms dental
Cirdan,False,False,73,erdan
CIS Oncology Ltd,False,False,67,syncvision technology
Cisa Production S.r.l.,True,True,100,cisa production s r l
Cisbio Bioassays,True,True,100,cisbio bioassays
"Cision Vision, Inc.",False,True,90,precision vision
CITEST DIAGNOSTICS INC,True,True,100,citest diagnostics
Citieffe S.r.l.,True,True,100,citieffe s r l
"Citizen Systems Japan Co., Ltd.",True,True,100,citizen systems japan co
CitizenAID Ltd,False,False,59,tinamed
"Citotest Labware Manufacturing Co., Ltd.",False,False,76,jiangsu kahotest citotest labware manufacturing co ltd
Citra Labs,True,True,100,citra labs
City Ceramics Dental lab Edinburgh Ltd,False,False,59,dentsply industria e comercio ltda
City Ceramics Dental Laboratory Limited,False,False,63,laboratoire d'etalons d'activite
City Dental Laboratory Ltd,False,False,70,laboratoire d'etalons d'activite
City Dental Laboratory.,False,False,70,laboratoire d'etalons d'activite
CIVCO Medical Instruments Co. dba CIVCO and CIVCO Medical Solutions,False,False,60,changzhou innovate medical instrument and technology co
CIZETA Medicali S.p.A,True,True,100,cizeta medicali s p a
CK-Dental Ind. Co. Ltd,False,False,81,inno dental co
CL VISION LIMITED,False,True,89,oc vision
CLAI LTD,False,False,73,cleanis
Claire O'Brien,False,False,69,op couture brillen
Clare Rankin CDT,False,False,62,chengdu fulcare trading co
Pfizer Inc,True,True,100,pfizer
Circius Pharma AB,True,True,100,circius pharma ab
Circle Cardiovascular Imaging Inc,True,True,100,circle cardiovascular imaging
"ORICH Medical Equipment (Tianjin) Co., Ltd.",True,True,100,orich medical equipment tianjin co
Skidmore Medical Limited,False,False,80,simcpr medical
CLARTEIS SAS,True,True,100,clarteis sas
Class Medical Ltd.,True,True,100,class medical
CLASSYS Inc.,True,True,100,classys
Claudio Segreti,False,False,60,cardiomo europe
CleanCert Hygiene Ltd,False,False,62,kahines concept
Cleanhearing GmbH,True,True,100,cleanhearing
CLEANIS,True,True,100,cleanis
"Clear Guide Medical, Inc.",True,True,100,clear guide medical
ClearCorrect,False,False,64,caesar loretz
ClearCut Medical Ltd,False,True,87,clarus medical
ClearPoint Neuro Inc.,True,True,100,clearpoint neuro
CLEARSIGHT   OPTICIANS.,False,False,67,laurus optics
Clearstream Technologies Ltd.,False,False,80,airstrip technologies
Clearwax Ltd,True,True,100,clearwax
CLEMENT CLARKE INTERNATIONAL LTD,True,True,100,clement clarke international
Clent Life Science,False,False,81,endra life sciences
CLERAD,False,False,80,erad
Clever Culture Systems AG,False,False,70,miracle laser systems
"Click Medical, LLC",False,True,87,ic medical
Clifford Benjamin Ltd,False,False,53,engain co ltd
Clifton Dental Care Ltd,False,False,71,argen dental
Clinical Computing UK Limited,False,False,69,clinical consulting sp z o o
Clinical Denture Centre Ltd,False,False,67,pentron clinical
Clinical Design Technologies Ltd,False,False,78,insignia technologies
Clinical Engineering,False,False,71,biomedical engineering s r o
Clark Dental Studio Ltd,False,False,70,hall dental studio
ClaroNav Inc.,False,False,71,carina
Oridion Medical 1987 Ltd.,False,False,75,odin medical
Rayner Intraocular Lenses Limited,True,True,100,rayner intraocular lenses
"CLINIPRO, S.L.",True,True,100,clinipro s l
Cliniqa Corporation,True,True,100,cliniqa
Clinisupplies GB Limited,True,True,100,clinisupplies gb
Clinisupplies Limited,True,True,100,clinisupplies
Clinogen Medical Limited,False,False,83,cnoga medical
Clinova Limited,False,False,77,kinova
clive paton,False,False,67,cylite pty
Clonallon Laboratories Ltd,True,True,100,clonallon laboratories
Clonit Srl,True,True,100,clonit srl
Closed Loop Medicine Ltd,True,True,100,closed loop medicine
Cloves Dental Care Ltd,False,False,71,cardex dental
CLS Surgical Ltd,False,True,85,olsun surgical
Clubfoot Solutions Inc.,False,False,74,ronotic solutions
Clyde Dental Practice Ltd,False,False,65,code of practice ab
CM Technologies lnc.,False,True,86,lkc technologies
CMB Dental Laboratory Ltd,False,False,72,laboratorios cosmodent s l
CMC Consumer Medical Care GmbH,True,True,100,cmc consumer medical care
CMED Aesthetics SRL,False,True,85,cmed aesthetics s p a
CMR Surgical Limited,True,True,100,cmr surgical
CMS DENTAL A/S,False,False,83,cms dental
"CMUK Visual Safety Ltd, also trading as Koolpak Ltd",True,True,100,cmuk visual safety ltd also trading as koolpak
CNSystems Medizintechnik GmbH,True,True,100,cnsystems medizintechnik
co leicester ltd,False,False,69,sciencetera co
Co-Innovation Biotech Co. Ltd.,False,True,85,biomech innovations
"CoaguSense, Inc.",True,True,100,coagusense
Coakley Opticians Ltd,False,False,65,evolve optical
"Coapt, LLC",True,True,100,coapt
Clinical IT Ltd,False,True,88,itena clinical
Clinimed Limited,True,True,100,clinimed
Cochlear Bone Anchored Solutions AB,True,True,100,cochlear bone anchored solutions ab
Cochlear Boulder LLC,False,False,67,cochlear
Cochlear Europe Ltd,False,False,74,cerus europe
Cochlear Ltd,True,True,100,cochlear
CODAN ARGUS AG,False,False,67,oda aps
CODAN Medizinische Geräte GmbH,True,True,100,codan medizinische geräte
CODAN pvb Critical Care GmbH,True,True,100,codan pvb critical care
"Codonics, Inc.",False,False,71,glyconics
"Cofoe Medical Technology Co., Ltd",False,True,93,cofoe medical technology co ltd
"Cogentix Medical,Inc.",False,False,74,cryonic medical
Cognetivity Ltd.,False,False,74,cognifit
Cognitive IVF a.s.,False,False,63,copan italia s p a
Cognito Health,True,True,100,cognito health
"Cognivue, Inc.",False,False,62,corgenix
COHEREX MEDICAL,True,True,100,coherex medical
CoLab Dental Technologies,False,False,79,manteia technologies co
Coldplasmatech GmbH,True,True,100,coldplasmatech
Cole Martin Tregaskis Ltd,False,False,62,fehmarn rapskissen
Colgate-Palmolive Manufacturing (Poland) sp. z o.o.,True,True,100,colgate palmolive manufacturing poland sp z o o
Colin Orsbourn,False,False,62,osung mnd co
Colin Picken Eyecare Limited,False,False,61,leica eyecare
"Collagen Matrix, Inc.",True,True,100,collagen matrix
Colligan Dental Laboratory,False,False,65,laboratorios clarben
Collins & Kimpton Ltd,False,False,62,tiptoe holding
Knights Prosthetics,False,False,80,ifit prosthetics
"Cobes Industries(Hefei) Co.,Ltd.",False,False,72,cobes industries bago
COBI REHAB A/S,False,False,74,digirehab a s
Knit-Rite LLC,False,False,63,tristel nv
Oriental International Supplies Limited,True,True,100,oriental international supplies
Coltene Whaledent Inc.,True,True,100,coltene whaledent
Coltène/Whaledent AG,True,True,100,coltène whaledent
Coltène/Whaledent GmbH + Co. KG,True,True,100,coltène whaledent gmbh + co kg
COLUMBO LIMITED,False,False,67,combe
Com-Bridge International Co Ltd,False,True,88,dutch bridge international
Com-Da Healthcare Co Ltd,False,True,86,comarch healthcare
"Comar, LLC",True,True,100,comar
Combat Medical Ltd,True,True,100,combat medical
Combe Incorporated,True,True,100,combe
COMBE INTERNATIONAL LIMITED,False,True,92,cumbre international
Combe Road Dental Laboratory,False,False,70,laboratorios cosmodent s l
Combinostics Oy,True,True,100,combinostics oy
"Combo (Zhongshan) Medical Equipment Co., Ltd.",True,True,100,combo zhongshan medical equipment co
Comecer Netherlands B.V.,True,True,100,comecer netherlands
Comed (Pvt) Ltd,True,True,100,comed pvt
Comed Ltd,True,True,100,comed
Comerge AG,True,True,100,comerge
Cometa srl,False,False,80,meteda srl
Comfort Rubber Gloves Industries Sdn. Bhd.,True,True,100,comfort rubber gloves industries sdn bhd
Comfortex Limited,False,False,80,ten comfort
"Comfy Health Group Co., Ltd.",False,False,64,direct healthcare group
Commic International Ltd,False,True,86,dci international
Common Sense Dental Products,False,False,73,corim dental products bv
Commonwealth Diagnostics International Inc.,True,True,100,commonwealth diagnostics international
Coloplast AS,False,True,88,coloplast a s
Coloplast Corp,True,True,100,coloplast
OriGen Biomedical Inc.,False,True,89,origen biomédica s l
Origin Healthcare Services Ltd,False,False,73,novamed health services s r o
"Community Products, LLC dba Rifton Equipment",False,False,59,s c dental equipment store s r l
CoMoveIT NV,False,False,67,ecomove
Companion Medical Inc,False,False,84,canyon medical
Companion Spine France S.a.s.,False,False,64,corin france sas
Compedica Limited,True,True,100,compedica
Complete Crown & Bridge,False,False,59,complete skin
Complete Dental Solutions Ltd  T/A Premplus Dental Labs,False,False,58,paltop advanced dental solutions
Complete Denture Care Ltd,False,False,59,complete skin
Complete Eyecare Ltd,False,False,65,coblens eyewear
Compressana GmbH,True,True,100,compressana
Compression Works Inc,True,True,100,compression works
COMPTOIR HOSPITALIER ORTHOPEDIQUE ET CIRURGICAL,False,False,51,fournitures hospitalieres industrie
Compumedics Germany GmbH,True,True,100,compumedics germany
Compumedics Limited,False,False,80,compedica
"Computer Sports Medicine, Inc.     CSMi",False,False,84,computer sports medicine
Comvita UK Limited,False,False,75,comvita europe
Concept Health Technologies Limited,False,False,84,accel heal technologies
Concept Medical B.V.,True,True,100,concept medical
Concepta Diagnostics,False,False,84,cancer diagnostics
Concord Neonatal BV,False,False,65,conceptnatal
Condor MedTec GmbH,True,True,100,condor medtec
CONFI-DENT UK LTD,False,False,70,dentium co
Confidence Plus Ltd,False,False,65,endoclot plus co
Confident Laboratories Ltd,False,False,82,acon laboratories
Confident Labs LTD,False,False,67,citra labs
Origin Packaging Limited,False,False,71,feliu packaging
Community Dermatology Limited,False,False,59,omnilight technology co
Community Medical Products,False,False,81,home medical products
Origin Sciences Limited,False,False,80,qiagen sciences
ORIGIO A/S,True,True,100,origio a s
Congenica Ltd,True,True,100,congenica
ConMed Corporation,True,True,100,conmed
CONNECT MEDICAL SYSTEMS LTD,True,True,100,connect medical systems
Connexicon Medical Ltd,False,False,80,nextbiomedical co
"Conod Medical Co., Limited",False,False,84,hony medical co
Conquering Horizons Limited,False,False,61,oferia consulting
Conroy Medical AB,True,True,100,conroy medical ab
Consolor Ltd,True,True,100,consolor
Contacare Ophthalmics and Diagnostics,True,True,100,contacare ophthalmics and diagnostics
"CONTEC MEDICAL SYSTEMS CO., LTD",True,True,100,contec medical systems co
Contemporary Orthodontics,False,False,70,hespeler orthodontics
contextflow GmbH,False,False,70,eoflow co
Continuum Health Limited,False,False,76,fontus health
CONTREL EUROPE N.V,False,True,90,contrel europe nv
Control Bionics Inc.,False,False,74,open bionics
Contura International A/S,True,True,100,contura international a s
ConvaTec Limited,True,True,100,convatec
Conway Optometry Ltd,False,False,62,opticom co
Conway Phillips (Warrington) Ltd,False,False,56,philips ibérica sa
Conwell Medical Co Ltd,False,True,91,conwell medical co
Cook Biotech Incorporated,True,True,100,cook biotech
Cook Incorporated,True,True,100,cook
Cook Ireland Ltd,False,False,78,amo ireland
Cook Vandergrift Inc.,True,True,100,cook vandergrift
Cookgas LLC,False,False,73,cook
Confidents Dental Laboratory,False,False,67,laboratorios cosmodent s l
"ConforMIS, Inc.",True,True,100,conformis
Orion Corporation,False,False,80,corin
Orion Sutures (India) Private Limited,True,True,100,orion sutures india private
"CooperSurgical, Inc.",True,True,100,coopersurgical
CooperVision Manufacturing Limited,True,True,100,coopervision manufacturing
Copan Italia S.p.A.,True,True,100,copan italia s p a
Copan WASP S.r.l.,False,False,71,drop s r l s
Copenhagen Imaging Aps,True,True,100,copenhagen imaging aps
Coral Clinical Systems - A Division of Tulip Diagnostics (P) Ltd.,False,True,97,coral clinical systems a division of tulip diagnostics p ltd
Corbin Clinical Resources,True,True,100,corbin clinical resources
Corcym Canada Corp.,True,True,100,corcym canada
Corcym Inc.,False,False,73,orcam
Corcym S.r.l.,True,True,100,corcym s r l
Cordiana Medical Informatics AG,False,True,87,canon medical informatics
Cordis Cashel,False,False,75,casen recordati s l
Cordis Corporation,False,False,83,ordisi
Cordis US Corp.,False,False,74,corios s c
Core Access Surgical Technologies Inc,False,False,75,accel heal technologies
Core Mobility Solutions Inc,False,True,89,amico mobility solutions
Core Protection Systems Limited,False,False,80,blizzard protection systems
Core Scientific Creations Ltd,True,True,100,core scientific creations
"Core Technology Co., Ltd.",False,True,89,gemore technology co
"Core Technology Co., Ltd.",False,True,89,gemore technology co
"Coreline Soft Co., Ltd",True,True,100,coreline soft co
Dan Medica South Ltd,True,True,100,dan medica south
Cooper & Barr Ltd,False,False,64,cantor barnard
Cooper & Thompson,False,False,62,hope vision co
Oriplast Gmbh,True,True,100,oriplast
Orkla Care AB,False,False,81,orkla wound care ab
Orkla Wound Care AB,True,True,100,orkla wound care ab
Orkney Dental Lab,False,False,73,tekne dental srl
"Corista, LLC",False,False,73,risa
Corman S.p.A,True,True,100,corman s p a
Cormed Ltd,False,True,91,ormed
"CorneaGen, LLC",False,False,75,caragen
Corona Studio LTD,False,False,69,studio pontet
Coroventis Research AB,True,True,100,coroventis research ab
CorporateHealth International UK Ltd,False,True,89,corporatehealth international aps
Corsano Health B.V.,False,True,90,corsano health bv
Corscience GmbH & Co. KG,True,True,100,corscience gmbh co kg
Corsham Dental Ceramics,False,False,72,doceram medical ceramics
Cortech Holdings Ltd trading as Komodo Healthcare Ltd,False,False,60,crawford healthcare holdings
"CorTechs Labs, Inc",False,False,70,techlab
Cortex Technology,False,True,89,cortex technology aps
Cortrium ApS,True,True,100,cortrium aps
"Corvia Medical, Inc.",True,True,100,corvia medical
Coselgi A/S,False,False,67,origio a s
Cosi Care Ltd,True,True,100,cosi care
Cosinuss GmbH,False,False,75,corindus
"COSMED USA, Inc.",True,True,100,cosmed usa
Cosmetic Dental Clinic - Durham,False,False,57,pur inside cosmetics
Cosmetic Design Ltd,False,False,69,bode design
Corin Limited,True,True,100,corin
Corindus,True,True,100,corindus
Coris Bioconcept Srl,False,True,89,coris bioconcept
Cosmetic Ceramics Ltd,False,False,68,doceram medical ceramics
Orliman,False,False,73,lima
Ormco Cooperation,False,False,79,rci operating co
Costspex Ltd,False,False,75,ispex co
Coswell S.p.a,False,False,75,coswell spa
Coti Vision Ltd,False,True,90,ci vision
Cotronic Technology Ltd.,True,True,100,cotronic technology
COTSWOLD  DENTAL  LABORATORY.,False,False,73,laboratorios cosmodent s l
Cotswold Eye Care Centre Ltd,False,False,62,joson care enterprise co
Countess of Chester Hospital NHS Foundation Trust,False,False,59,bedford hospital bedfordshire hospitals nhs foundation trust
COUNTY DENTAL,False,False,78,dentall co
County Sales Ltd,False,False,70,con lens
Courtrai Dental and implant practice,False,False,72,j b implant and dental ceramics
COUSIN BIOTECH S.A.S,False,False,82,cousin biotech
Cover SRL,True,True,100,cover srl
Covidien llc,False,False,67,convenient
Covidien llc,False,False,67,convenient
Covidien llc,False,False,67,convenient
Covision Medical Technologies Ltd.,True,True,100,covision medical technologies
COVVI Ltd,True,True,100,covvi
Cowellmedi,False,True,87,cowellmedi co
"Coyote O&P, Inc.",True,True,100,coyote o p
Cranberry International Sdn Bhd,True,True,100,cranberry international sdn bhd
Cranford Opticians Limited,False,False,62,infocus optics
Creagh Medical Ltd.,False,True,89,curea medical
"Create Biotech Co., Ltd.",False,False,81,eone biotech co
"Create Medic Co., Ltd.",True,True,100,create medic co
Createch Medical,False,True,89,createch medical s l
Skill-Tech Dental Studio,False,False,76,hall dental studio
Cosmodent AB,False,False,70,monivent ab
Costco Wholesale UK Ltd,False,True,91,costco wholesale
Ormco Cooperation,False,False,79,rci operating co
Ormed GmbH,True,True,100,ormed
Creative Dental Design,False,False,72,dental creativ management
Creative Dental Laboratory Ltd,False,False,72,laboratoire d'etalons d'activite
Creative Dental Studio,False,False,68,dental creativ management
Creative Implant Solutions,False,False,75,implant solutions west ab
Creative Smile Dental Laboratory Ltd,False,False,69,laboratoire d'etalons d'activite
Credence Dental Care Ltd T/A Brunel Dental Practice,False,False,52,peridenta care dental produkte e k
Credenhill Ltd,False,False,74,credentis
credentis ag,True,True,100,credentis
Credo Diagnostics Biomedical Pte. Ltd. Taiwan branch,False,False,70,bioda diagnostics wuhan co ltd
Credo Therapies Ltd,False,False,75,endo therapeutics
Creo digital lab,False,False,69,creo medical srl
Creo Medical GmbH,True,True,100,creo medical
Creo Medical Ltd,True,True,100,creo medical
Creo Medical S.L.U.,True,True,100,creo medical s l u
Creo Medical UK Limited,True,True,100,creo medical uk
Crescent Dental Laboratory Ltd,False,False,65,access dental lab
Crescent House Ceramics,False,False,59,cellomics shenzhen
Crescent Pharma Ltd,False,True,87,pelham crescent
Crest Medical Ltd,True,True,100,crest medical
Crewe Denture Laboratory,False,False,65,dentek oral care
Crewe VE Ltd,False,False,62,cree sas
Crickdental Ltd,False,False,67,cms dental
Cristalens Industrie,True,True,100,cristalens industrie
Cristaline Aligners GmbH,False,False,59,stylite designs
CROMA PHARMA GmbH,True,True,100,croma pharma
Cromer Dental Lab Limited,False,False,76,access dental lab
Cross Innovations LLC,False,True,85,ecom innovations
Cross Innovations LLC,False,True,85,ecom innovations
Creative Chrome,False,False,62,creative dental concepts
"Creative Dental Concepts, LLC",True,True,100,creative dental concepts
ORMESA s.r.l,True,True,100,ormesa s r l
ORMISTON-ADAMS LTD T/A Hampshire Dental Laboratory,False,False,57,tin lok dongguan dental laboratory co
Crown Aesthetics,True,True,100,crown aesthetics
Crown Care Dental Laboratory,False,False,67,laboratoire de combe d'ase
Crown Ceramics Dental Laboratory,False,False,62,laboratory corporation of america holdings
Crown Dental Burs Ltd,False,False,73,astron dental
Crown Eyecare Ltd,False,False,75,deepcare co
Crownform Eurodental,False,False,63,candulor dental
Crowstone Dental Centre Ltd T/A Inspire Dental Southend,False,False,51,anees dental instrument
Croydon Health Services NHS Trust,False,False,63,linkcare health services sl
Croydon Orthodontics Limited,False,False,80,db orthodontics
Crucible Medtech Ltd,False,False,71,eclipse medtech
Cryo Bio System,True,True,100,cryo bio system
Cryo Products B.V.,True,True,100,cryo products
Cryoalfa Europe GmbH,True,True,100,cryoalfa europe
"CryoConcepts, LP",True,True,100,cryoconcepts lp
CryoIQ global,False,True,90,cryoiq global ab
Cryolab Limited,True,True,100,cryolab
CRYOPAL,True,True,100,cryopal
Cryotherm GmbH & Co. KG,True,True,100,cryotherm gmbh co kg
Crystal cl vision ltd,False,False,69,vision rt
Crystalvue Medical Corporation,True,True,100,crystalvue medical
CSA Medical Inc.,False,True,91,crs medical
CSD Labs GmbH,False,False,67,citra labs
"CTK Biotech, Inc.",True,True,100,ctk biotech
CTL Medical (UK) Limited,False,True,85,ct t medical
"CU Medical Systems, Inc.",True,True,100,cu medical systems
Crossbank Dental Care Ltd,False,False,68,carestream dental
Crown & Bridge Studio Ltd,False,False,58,dutch bridge international
ORN (INT) LIMITED,False,False,67,intin
orochemie GmbH + Co KG,False,False,76,omt gmbh co kg
Orofacial Restorations,False,False,63,transitions optical
Cumbrian Ceramics Crown & Bridge Dental Labs,False,False,55,j b implant and dental ceramics
Cumulus Neuroscience Ltd,False,False,76,mivi neuroscience
Cupid Limited,True,True,100,cupid
Curamedical BV,False,True,93,curan medical bv
Curan Medical BV,True,True,100,curan medical bv
Curapel (Scotland) Ltd,False,False,61,totalcare europe s l
Curas Sdn. Bhd.,True,True,100,curas sdn bhd
Curatex GmbH,True,True,100,curatex
"Curbell Medical Products, Inc.",False,False,82,lch medical products
Cured Click Ltd,False,False,67,comfort click
Curesponse Ltd,True,True,100,curesponse
Curesponse UK Ltd,False,True,87,curesponse
Curetis GmbH,False,False,75,credentis
Curonix LLC,True,True,100,curonix
Current Health Ltd,True,True,100,current health
CurveBeam AI UK Ltd,False,True,89,curvebeam ai
Curzon Dental Limited,False,False,78,dentall co
Cush Health Limited,False,False,80,c4 health
Customed,False,False,77,comed
Customized Covers Limited,False,False,67,cusmedi co
"Cutera, Inc.",True,True,100,cutera
Cutting Edge Ceramics,False,False,65,cutting edge sas
Cutting Edge SAS,True,True,100,cutting edge sas
Cutting Edge Surgical Instruments Ltd,False,False,79,inka surgical instruments
CUI International Ltd,False,True,94,dci international
Cumbria Smile clinic,False,False,61,clini lab srl
curasan AG,True,True,100,curasan
Orrodent,False,False,82,prodent oü
Orteq Sports Medicine Limited,True,True,100,orteq sports medicine
"CVRx, Inc.",True,True,100,cvrx
Cwm Taf Morgannwg University Health Board,False,False,52,gml health care s r o
Cwm Taf Morgannwg University Health Board,False,False,52,gml health care s r o
Cwm Taf Morgannwg University Health Board,False,False,52,gml health care s r o
Cwmbran Dental Spa,False,False,67,cm dental s r l
CX Engineering sp. z o.o.,False,False,71,alps czech engineering s r o
Cyberdyne Inc.,True,True,100,cyberdyne
CyberLiver Limited,False,False,63,cyberdyne
Cyborg Foot Orthoses,False,False,57,orto step d o o
Cyclomedica Australia Pty Ltd,True,True,100,cyclomedica australia pty
Cydar Ltd,True,True,100,cydar
Cylite Pty Ltd.,True,True,100,cylite pty
Cynosure LLC,True,True,100,cynosure
Cypress Adaptive LLC,True,True,100,cypress adaptive
Cyted Ltd,True,True,100,cyted
CyteTech Ltd,False,False,80,tentech
Cytocell Ltd,True,True,100,cytocell
"CYTOGNOS, S. L.",True,True,100,cytognos s l
"Cytophil, Inc.",True,True,100,cytophil
CytoSorbents Inc.,True,True,100,cytosorbents
D B Brocklesby,False,False,67,rockmed bv
D J Ceramics,False,False,67,ceramisys
D L Prosthetics,False,False,81,naked prosthetics
D M Dental,False,False,84,mt dental
D Monitoring UK Limited,False,False,72,dental monitoring sas
D P Dental Laboratory,False,False,68,laboratorios cosmodent s l
Danial Hayton Ltd,False,False,62,yukon medical
UOHVO Limited,False,False,67,roho
Cuxson Gerrard & Co. Ltd.,True,True,100,cuxson gerrard
CV Medica SL,False,True,88,c v medica sl
Ortho Cape SAS,False,False,83,ortho cape
Ortho Caps GmbH,False,True,90,ortho cape
D. J. Osborne,False,False,64,sonar d o o
D. P.  BIRD.  DENTAL LABORATORY.,False,False,68,instrumentation laboratory spa
D. S. Prosthetics Ltd,False,False,81,taska prosthetics
D.& M. Champion.Dental Laboratory.,False,False,68,laboratorios cosmodent s l
D.A. Surgical,True,True,100,d a surgical
D.A.N.D. Metal Industries North Ltd,False,False,70,d a i optical industries s r l
D.B.M. S.r.l.,False,True,91,c b m s r l
D.F. Lawrence.,False,False,64,dim france
D.Fenstec s.r.l.,True,True,100,d fenstec s r l
D.MOSS CROWN&BRIDGE Ltd,False,False,61,bio micron sas
D.O.R.C Dutch Ophthalmic Research Centre (International) B.V.,False,True,98,d o r c dutch ophthalmic research center international
D.W. Young. Dental Laboratory.,False,False,66,tin lok dongguan dental laboratory co
DA Seaman Ltd,False,False,64,uman sense ab
DA VINCI DUBAI LTD,False,False,56,"uab ""sirowa vilnius"""
Da Vinci Lab Limited,False,False,62,vivira health lab
Dacey Ltd,True,True,100,dacey
"Daedalus Wings, Inc  - Trading as Rio Mobility",False,False,59,allmobility trading
"DAESUNG MAREF CO.,LTD.",True,True,100,daesung maref co ltd
Dahlhausen (GB) Ltd,True,True,100,dahlhausen gb
Dainippon Seiki Co Ltd,False,False,58,nippon sigmax co
daisygrip GmbH,True,True,100,daisygrip
"Dakewe (Shenzhen) Medical Equipment Co., Ltd.",False,True,89,shenzhen delica medical equipment co
Dale Medical Products,True,True,100,dale medical products
"Dalim Tissen Co., Ltd.",True,True,100,dalim tissen co
DAMAE Medical S.A.S.,False,False,81,damae medical
D-tek s.a,False,False,67,denteck
D. E. Hokanson Inc,True,True,100,d e hokanson
Ortho Europe,False,True,85,urathon europe
Ortho Group Ltd,False,False,76,the orthotic group
DANMEDICAL LTD,False,False,84,a medical
Dansac A/S,True,True,100,dansac a s
DANTECH DIGITAL DENTAL SOLUTIONS PRIVATE LIMITED,False,False,69,paltop advanced dental solutions
Danumed Medizintechnik GmbH,True,True,100,danumed medizintechnik
Danville Materials,True,True,100,danville materials
Danyang Chanxin Glasses Cases Factory,False,False,53,linhai chengming glasses co
"Danyang Feng Chao Glasses Co., Ltd.",False,False,57,dongyang chanze health materials co
"Danyang Huajun Optical Glasses Co., Ltd.",False,False,66,danyang dayao optical co ltd
"Danyang Huayi Medical Supply & Equipment Co., Ltd.",True,True,100,danyang huayi medical supply equipment co
"Danyang Meijin Optical Glasses Co., Ltd.",False,False,66,danyang dayao optical co ltd
Danyang Sunmed Healthcare Corporation,True,True,100,danyang sunmed healthcare
Daray Limited,False,False,73,dr jay
DARCO (Europe) GmbH,True,True,100,darco europe
DARCO INTERNATIONAL LTD,True,True,100,darco international
Darge Dental Design,False,False,71,argen dental
Darling Eyecare Ltd,False,False,61,edgecare
Dartford & Gravesham NHS Trust.,False,False,50,trust v b investment s l
Daryou Instrument Ltd.,False,False,81,drg instruments
DAS  srl,True,True,100,das srl
"DAS Medical International, SRL",False,True,87,medico international srl
Dassiet Oy,True,True,100,dassiet oy
De Soutter Medical,True,True,100,de soutter medical
Ortho Hemel Ltd,False,False,75,ortho medical
DANIELS MEDIZINTECHNIK GmbH&Co.KG,True,True,100,daniels medizintechnik gmbh co kg
DANLAB,False,False,71,dreamlab
Ortho Laboratory,False,False,80,laboratory thoscane
"Ortho Organizers, Inc.",True,True,100,ortho organizers
Datascope Corp.,True,True,100,datascope
Datex-Ohmeda Inc,True,True,100,datex ohmeda
"Datex-Ohmeda, Inc.",True,True,100,datex ohmeda
Datum Dental Ltd.,True,True,100,datum dental
Daves Dental Laboratory,False,False,70,access dental lab
David Austin Orthodontics,False,False,70,db orthodontics
David Carpenter Ocularist,False,False,60,cagent vascular
David Gould Opticians Ltd,False,False,62,azul optics
David Hillel Optical Limited,False,False,65,evolve optical
David John Emery RDT,False,False,55,mašera kobarid d o o
David Kear Opticians,False,False,65,euro optics bv
David McWilliams Ltd t/a D&D McWilliams Opticians,False,False,49,oti̇med i̇mplant end sağ i̇nş san ve ti̇c ltd şti̇
David Proffitt Dental Laboratory,False,False,62,laboratoire d'etalons d'activite
David Thompson Dental Lab Ltd,False,False,63,hu fa dental a s
Davis Schottlander & Davis Ltd,True,True,100,davis schottlander davis
"Davol, Inc., Subsidiary of C.R. Bard, Inc.",True,True,100,davol inc subsidiary of c r bard
DAWI DENTAL LABORATORY LTD,False,False,68,aurena laboratories ab
Day Lewis Opticians,False,False,67,lewis specials
Daysoft Limited,True,True,100,daysoft
Daytot,False,False,73,datio
Dazzle Dental Laboratory Ltd,False,False,65,helena laboratories
DB Orthodontics Ltd,True,True,100,db orthodontics
dBMEDx Inc.,True,True,100,dbmedx
DCL Hearing Ltd,False,False,78,cleanhearing
DCS Prosthetics - Daniel Smith,False,False,64,exphand prosthetics
DCSTAR INC,False,False,63,starc medical
DD Products & Services Ltd,False,True,88,dd product and services
De Gotzen S.R.L. a socio unico,False,False,72,leva s p a a socio unico
Data Southern Enterprises Ltd t/a DS Medical,False,False,62,tiburon medical enterprises
Datar Cancer Genetics UK Private Limited,True,True,100,datar cancer genetics uk private
Ortho Solutions UK Ltd,True,True,100,ortho solutions uk
Ortho Technology Inc.,True,True,100,ortho technology
Ortho-Care (UK) Ltd,True,True,100,ortho care uk
Decon Wheel AB,False,False,62,dentaleye ab
Decontamination Services Department - AGH Solutions Ltd,False,False,62,scimed services solutions
Decree Thermo Ltd,False,False,69,terumo europe
Dedalus UK Bidco Limited,False,False,65,creo medical uk
DEDIENNE SANTE,False,True,96,dedienne santé
Deepcove Limited,False,False,67,eyelove
DeepPSY AG,False,False,71,deepsen
DeepX Health Limited,True,True,100,deepx health
"Defibtech, LLC",False,False,75,defibtech l l c
Definition Health,False,False,71,fimo health
Degania Silicone Ltd,True,True,100,degania silicone
Degradable Solutions AG,True,True,100,degradable solutions
DeguDent GmbH,True,True,100,degudent
DEHAS Medical Systems GmbH,True,True,100,dehas medical systems
Deintyddfa Glan Dwr,False,False,57,power dental usa
DEKA M.E.L.A. Srl,True,True,100,deka m e l a srl
DEKO MedTech Oy,True,True,100,deko medtech oy
Delabie UK,False,False,63,abbexa uk
Delcath Systems Inc,True,True,100,delcath systems
Delfi Medical Innovations Inc,True,True,100,delfi medical innovations
Delfin Technologies Ltd,False,True,93,delfin technologies oy
Delmont Imaging,True,True,100,delmont imaging
DENTAL BEAUTY BEDFONT LTD,False,False,70,legal beauty kft
Ortho-Clinical Diagnostics,True,True,100,ortho clinical diagnostics
Deben Diagnostics Ltd,True,True,100,deben diagnostics
Debra Woodall T/A Derek Thornton Dental Laboratory,False,False,55,tin lok dongguan dental laboratory co
Dechoker LLC,True,True,100,dechoker
"Ortho-Clinical Diagnostics, Inc.",True,True,100,ortho clinical diagnostics
"Ortho-Clinical Diagnostics, Inc.",True,True,100,ortho clinical diagnostics
Delta Molding LLC,False,False,64,dental wings
Delta Surgical Limited,False,True,85,dex surgical
Deltalab S.L.,True,True,100,deltalab s l
DeltaMed GmbH,False,False,80,deltamed srl
Deltex Medical Limited,True,True,100,deltex medical
Dem Dx Limited,False,False,67,dbmedx
DEMAND Design & Manufacture For Disability,False,False,55,dental manufacturing s p a
Demophorius Limited,True,True,100,demophorius
"Den-Mat Holdings, LLC",False,False,79,dname it holdings
Den-Tech,False,False,80,denteck
Den-Teq Dental Laboratory,False,False,65,tin lok dongguan dental laboratory co
DENCERAM  DENTAL  LABORATORIES  LTD.,False,False,73,dermadry laboratories
Dencraft (Leicester) Ltd,False,False,63,deyan kraft medical srl
Dencraft Dental Laboratories Ltd,False,False,73,dermadry laboratories
Dencraft South Yorkshire Ltd,False,False,56,new york dental kft
Dendron Brands Limited,True,True,100,dendron brands
Denfotex Research Ltd,False,False,73,leadtek research
Deniz Biyokimya Urunleri Dis Ticaret A.S.,False,False,63,adeva biyoteknoloji urunleri ticaret limited sirketi
Denka UK Ltd,False,False,70,ukens dental
DeNovo Healthcare Ltd,False,False,80,ennogen healthcare
Densitas Inc.,True,True,100,densitas
Dent4You AG,True,True,100,dent4you
Dent4You AG,True,True,100,dent4you
Dent4you GmbH,True,True,100,dent4you
Dent8 Dental Laboratory Ltd,False,False,65,laboratorios cosmodent s l
DENTACO GmbH & Co. KG,False,True,88,detax gmbh co kg
"Delsys, Inc",True,True,100,delsys
Delta Med SpA,True,True,100,delta med spa
Ortho-Space Ltd,True,True,100,ortho space
Orthobones,False,False,76,orthobroker
Skillbond Direct Ltd,False,False,69,vision direct bv
Dental Beauty Forest Hill Limited,False,False,67,forstec dental ab
Dental Beauty Northfields Limited,False,False,63,health beauty
Dental Beauty Romford Limited,False,False,63,forstec dental ab
DENTAL BEAUTY SOUTHGATE LTD,False,False,67,health beauty
DENTAL BEAUTY ST ALBANS LTD,False,False,67,asa dental s p a
DENTAL CERAMIC DESIGN LTD,False,False,67,ceramtec dentalvertriebs
Dental Design Laboratory Ltd,False,False,69,tin lok dongguan dental laboratory co
Dental Design Ltd,False,False,75,bode design
Dental Design Studio,False,False,78,mayclin dental studio
Dental Direkt GmbH,True,True,100,dental direkt
DENTAL ELEGANCE DENTAL PRACTICE Ltd,False,False,70,r dental dentalerzeugnisse
Dental Excellence,False,False,71,ecg excellence bv
Dental Excellence Laboratory Services Ltd,False,False,61,helena laboratories
Dental Excellence Labs,False,False,63,final dental lab
DENTAL FILM S.R.L.,True,True,100,dental film s r l
Dental Fx Studios,False,False,80,hall dental studio
Dental World Cornwall Ltd,False,False,65,argon dental srl
Dentalab Ltd,False,False,80,ventlab
DentalBees LINPETRA LIMITED,False,False,65,dentex dental industrial
DentalEye,False,True,86,dentaleye ab
Dentalhitec,True,True,100,dentalhitec
DENTALIA Kft.,False,False,76,mt dental
Dentalia Ltd,False,False,78,itl dental
"Dentall Co., Ltd.",True,True,100,dentall co
Dentalserve.net Ltd t/a CosTech Dental Laboratory,False,False,65,tin lok dongguan dental laboratory co
dentalXrai GmbH,False,False,73,px dental sa
Dentaprime UK Plc,False,False,64,dentaid s l
Dentaria,False,False,71,dentca
Devonshire House Denture Solutions Ltd T/A Devonshire House Dental Laboratory,False,False,51,tin lok dongguan dental laboratory co
Dental Beauty Croydon Limited,False,False,71,astron dental
Dental Beauty Feltham LTD,False,False,71,health beauty
Dentcare Dental Lab UK LTD,False,False,68,final dental lab
"Dentco Dental Laboratory,",False,False,68,laboratorios diet esthetic
DENTEC  (C&C)   DENTAL LABORATORY.,False,False,68,tin lok dongguan dental laboratory co
DENTECH CORPORATION,False,True,86,denteck
Dentech Laboratories Ltd,False,False,84,genes laboratories
Dentechnica Ltd.,False,False,76,technicare
Dentek Oral Care Limited,True,True,100,dentek oral care
Dentika Solutions,False,True,87,ent solutions
Dentil ltd T/A Nextdental.com,False,False,58,anhui jn medical device co ltd
"DENTIS CO., LTD.",True,True,100,dentis co
Dentissimo Dental Laboratory,False,False,63,egj jonkers dental laboratorium jonkers
Dentistry For All,False,False,65,arum dentistry co
Dentistry on the Square,False,False,62,the dental mouth mirror industry
"Dentium Co., Ltd",True,True,100,dentium co
Dentmate Technology Co Ltd,True,True,100,dentmate technology
Dentogenics,False,False,83,dentognostics
dentognostisc GmbH,False,True,92,dentognostics
DENTON INSTRUMENTS,False,False,82,hadi dent instruments
dentona AG,True,True,100,dentona
"DENTONICS, INC.",False,False,82,dentognostics
Dentoworld Ltd,False,False,70,orthoworld
DENTS/Dental Excellence (Technologies) Ltd.,False,False,71,d tech dental technologies
Dentsply De Trey GmbH (Germany),False,False,64,dentsply detrey
Dentsply IH AB (Sweden),False,False,80,dentsply ih ab
Dentsply Implants Manufacturing GmbH (Germany),False,False,83,dentsply implants manufacturing
Dentsply Implants NV (Belgium),False,False,64,alpha dent implants
Labco Limited,True,True,100,labco
Dentaurum GmbH & Co. KG,True,True,100,dentaurum gmbh co kg
"DENTCA, Inc.",True,True,100,dentca
Labcold Ltd,False,False,83,labco
LABEX TRADE LTD,False,False,78,trade leader
Orthobroker bv,False,True,88,orthobroker
Pfizer Manufacturing Belgium NV,True,True,100,pfizer manufacturing belgium nv
Dentsply Tulsa Dental Specialties,False,False,64,r dental dentalmaterialien
Denturamics,False,False,67,dendris
Denture Design,False,False,72,bode design
Denture Design,False,False,72,bode design
Denture Haus LTD,False,False,67,noventure sl
Denture on the move,False,False,68,ontdek de natuur nv
Denture~Lux,False,False,70,noventure sl
Denturecare Uk Ltd,False,False,67,ugin dentaire
Dentures 4 U Limited,False,False,67,identites 49
Dentures Direct,False,True,87,direct dentaire
Dentures Direct Ltd,False,True,87,direct dentaire
DentureTech Laboratory Limited,False,False,67,laboratorio boniquet
Denturist Studio Ltd,False,False,69,studio pontet
Deontics Ltd,False,False,76,dentognostics
Department of Maxillofacial Surgery & Orthodontics,False,False,57,ita o italian orthodontic system srl
Deppeler SA,True,True,100,deppeler sa
Depuy (Ireland),False,True,90,depuy ireland uc
DePuy International Ltd,True,True,100,depuy international
Depuy Ireland UC,True,True,100,depuy ireland uc
"Depuy Mitek, Inc.",False,False,63,dermlite
"Depuy Orthopaedics, Inc.",False,True,85,md orthopaedics
Depuy Spine Inc.,False,False,61,choice spine
Derma Sciences Canada Inc,False,False,80,derma sciences
"Derma Sciences, Inc.",True,True,100,derma sciences
Derma UK Ltd,False,False,67,erma
Dermaco Ltd,True,True,100,dermaco
Dermadry Laboratories,True,True,100,dermadry laboratories
Dermal Laboratories Ltd,False,True,90,dermadry laboratories
"Dentsply LLC, trading as: Dentsply Professional, Dentsply Rinn, Dentsply Sirona, Sultan Healthcare",False,False,47,ivor shaw ltd trading as pennine healthcare
Dentsply Sirona Orthodontics Inc. (Florida),False,False,82,dentsply sirona orthodontics
Dermatuff Ltd,False,False,62,erma
"DERMICA LABORATOIRES EUROPE, S.L.",False,False,69,dermadry laboratories
"DermLite, LLC",True,True,100,dermlite
Dermosciences France,True,True,100,dermosciences france
"DeRoyal Industries, Inc",False,False,81,daw industries
Derungs Licht AG,True,True,100,derungs licht
DESARROLLO E INVESTIGACIÓN MÉDICA ARAGONESA S.L. (DIMA S.L.),False,True,89,desarrollo e investigacion medica aragonesa s l
Design & Smile Ltd,False,False,76,we design
Design Abled Ltd,True,True,100,design abled
Design Ceramics Limited,False,False,67,ceramisys
Design Eyewear Group LIMITED,False,False,82,hoet eyewear design
Design prosthetics Ltd,False,False,76,ifit prosthetics
Design Veronique,False,False,69,variation design
Designability Charity Ltd,True,True,100,designability charity
"Designs for Vision, Inc.",True,True,100,designs for vision
DETAX GmbH,True,True,100,detax
DEVICES & TECHNOLOGIES TORINO S.r.l.,False,True,90,devices technologies torino
Devicor Medical Products Inc,True,True,100,devicor medical products
DeVilbiss Healthcare LLC.,True,True,100,devilbiss healthcare
Devintec Sagl,True,True,100,devintec sagl
Devirex AG,False,False,67,zevex
Devon Dental Laboratories Ltd,False,False,77,clonallon laboratories
Devon Disability Collective Ltd,False,False,64,collective minds radiology
Devonshire House Dental Laboratory,False,False,63,egj jonkers dental laboratorium jonkers
Mologic Ltd,True,True,100,mologic
DermaSensor Inc.,True,True,100,dermasensor
Dermatonics Ltd,False,False,76,haermonics
Moltoplast GmbH,False,False,84,coloplast
Molzym GmbH and Co. KG,False,True,89,molzym gmbh co kg
Orthocell Limited,True,True,100,orthocell
Deymed Diagnostic s.r.o.,False,False,84,dds diagnostic s r l
"Dezhou Purism Medical Technology Co., Ltd",True,True,100,dezhou purism medical technology co
"DFI Co.,Ltd.",True,True,100,dfi co ltd
DFS-DIAMON GmbH,True,True,100,dfs diamon
"DGH Technology, Inc.",True,True,100,dgh technology
DGNCT LLC,False,False,62,degudent
DGS Diagnostics A/S,True,True,100,dgs diagnostics a s
DHC Innovations Ltd,True,True,100,dhc innovations
"DHEF, INC.",True,True,100,dhef
Dia.Metra S.r.l,False,True,89,me dia s r l
DIA.PRO Diagnostic Bioprobes S.r.l.,True,True,100,dia pro diagnostic bioprobes s r l
Diaco Biofarmaceutici S.R.L.,False,True,88,diaco biofarmaceutici srl
DIACO BIOFARMACEUTICI SRL,True,True,100,diaco biofarmaceutici srl
Diacor Inc,True,True,100,diacor
DiaDent Group International,True,True,100,diadent group international
Diagam SA,False,False,78,diagramma
Diagante,True,True,100,diagante
DIAGAST,True,True,100,diagast
Diagenode S.A.,False,False,70,dna genotek
DiagnOptics Technologies B.V.,True,True,100,diagnoptics technologies
"Diagnostic Automation / Cortez Diagnostics, Inc.",False,False,68,autobio diagnostics co
Diagnostic Green GmbH,False,False,82,genome diagnostics
Devyser AB,True,True,100,devyser ab
"DexCom, Inc.",False,False,71,dexcowin
Orthocraft Ltd,False,False,70,orthocolor
Orthodental Ltd.,False,False,78,prontodental
Diagnostic Reagents Ltd,False,False,78,exact diagnostics
Diagnostica Stago,True,True,100,diagnostica stago
"Diagnostics Biochem Canada, Inc.",True,True,100,diagnostics biochem canada
Diagnostics for the Real World Ltd,False,False,69,thermo fisher diagnostics
Diagnosys LLC,True,True,100,diagnosys
Diagnotix B.V.,True,True,100,diagnotix
"DIAGONAL MEDICAL ESTHETIC, S.L.",True,True,100,diagonal medical esthetic s l
DIALAB GmbH,False,False,71,indica labs
DiaMed GmbH,True,True,100,diamed
Diamedica (UK) Ltd,True,True,100,diamedica uk
DiaMex GmbH,False,False,83,edimex
Diamond Ceramics Ltd,False,False,67,fine art ceramics
Diamond Dentures Ltd,False,False,69,dfs diamon
Diana Medical Factory Co. Ltd,False,False,80,factor medical
diane washington,False,False,58,kaio dia
Dianosic,False,False,82,diagnosis
Diapath SpA,False,False,75,diapath s p a
Diapharm Ltd,False,False,78,stadapharm
Diapro Tıbbi Ürünler Sanayi ve Ticaret A.Ş.,False,False,81,rd medikal tıbbi ürünler san ve tic a ş
Diasoft B.V.,True,True,100,diasoft
DiaSorin  Italia S.p.A.,True,True,100,diasorin italia s p a
DiaSorin  Italia S.p.A. UK Branch,True,True,100,diasorin italia s p a uk branch
DiaSorin  Molecular LLC,False,False,71,abbott molecular
DIAsource ImmunoAssays SA,False,True,94,diasource immunoassays
Orthodontic Excellence Limited,False,False,74,hespeler orthodontics
"Diagnostic Hybrids, Inc.",False,False,81,yd diagnostics
Diagnostic Imaging Ltd,True,True,100,diagnostic imaging
Orthodontic Health Limited,False,False,77,hespeler orthodontics
OrthoDx Holding Ltd,False,False,69,orteq holdings bv
Orthofix Ltd.,True,True,100,orthofix
Orthofix S.r.l.,False,False,79,optoflex s r l
ORTHOMERICA PRODUCTS INC,True,True,100,orthomerica products
Orthomobility Ltd,True,True,100,orthomobility
DICOM Grid Inc. d/b/a Ambra Health,False,False,58,oy ge healthcare bio sciences ab
DIDACTIC S.A.S.,False,False,73,ssi diagnostica a s
Diesse Diagnostica Senese Spa,False,False,83,diesse diagnostica senese s p a
Dietary Assessment Ltd,False,False,59,tietoevry sweden ab
Dieter Marquardt Medizintechnik GmbH,True,True,100,dieter marquardt medizintechnik
DIETZ GmbH,False,False,62,dietz power
Diffuplast S.r.l.,False,False,80,diffuplast srl
Digiray Corp.,False,False,71,digipax
Digital Anatomics S.L.,False,False,67,haemonetics italia s r l
Digital Dental Laboratory Ltd,False,False,68,tin lok dongguan dental laboratory co
DIGITAL DENTOLOGY LABORATORY LIMITED,False,False,63,biolytical laboratories
Digital Lithos,False,False,78,digitalis
DIGITAL PROSTHETICS LTD,False,True,86,ifit prosthetics
Digital Rehabilitation Ltd,False,False,68,replication medical
Digital Smile Centre Ltd,False,False,65,cantel medical italy
Digiterm Kft.,False,False,67,digitimer
Digitimer Ltd,True,True,100,digitimer
Diatech Pharmacogenetics S.r.l,False,True,90,diatech pharmacogenetics srl
Diatron MI Plc.,False,False,64,diabetomics
"Diazyme Laboratories, Inc.",False,True,86,diva laboratories
Dibble Optical Supplies Ltd,False,False,75,dileh medical supplies co
DIERS International GmbH,False,True,89,dci international
Digistain Ltd,False,False,78,digitalis
OrthoNu LLC,False,False,80,orthotin
"Orthopediatrics Canada ULC, d.b.a. Pega Medical Inc.",False,False,73,orthopediatrics canada ulc
OrthoPediatrics Corp.,False,False,80,orthopedic
Orthosanit Diffusion S.r.l.,False,False,64,orleans diffusion europe
Orthoserve Limited,False,False,71,ortosur
Orthoservice AG,False,False,73,orthopedic
Direct Endodontics,False,True,97,directendodontics
Direct Healthcare Group Limited,True,True,100,direct healthcare group
DIRECT MANUFACTURING LTD,False,False,82,litex manufacturing
Direct Trade Limited,False,False,80,dr trade
Directa AB,True,True,100,directa ab
Dirinco B.V.,True,True,100,dirinco
DIROS TECHNOLOGY INC,True,True,100,diros technology
DISA Medinotec (Pty) Ltd,False,True,88,disa medinotec
Discovery Dental Laboratory,False,False,67,dermadry laboratories
Disera Tıbbi Malzeme Lojistik Sanayi ve Ticaret A.S,False,False,74,deva tıbbi malzemeler sanayi ve ticaret limited şirketi
Disior Oy,True,True,100,disior oy
"DISOP, S.A",True,True,100,disop
Dispo Medical B.V.,True,True,100,dispo medical
Dispofarma İlaç Sanayi ve Ticaret Ltd. Şti.,False,True,89,dispofarma i̇lac sanayi ve ticaret ltd sti
Dispomedical UK LTD,False,True,86,dispo medical
Dimar S.P.A,True,True,100,dimar s p a
Dimensions Dental Laboratory LTD,False,False,67,homer ion laboratory co
"Diopsys, Inc.",False,False,80,innopsys
Diopter Eye Clinic Ltd,False,False,72,the dry eye clinic
DIPRO MEDICAL DEVICES S.r.l.,False,True,88,dipro medical devices srl
Direct Denture Care Centre UK Ltd,False,False,59,direct dentaire
Orthotech (Dental Appliances) Ltd,False,False,70,becker orthopedic appliance
Orthotechs Limited,False,True,95,orthotech
Orthotin LLC,True,True,100,orthotin
Ortivus MobiMed AB,True,True,100,ortivus mobimed ab
Ortus Solutions Limited,False,True,87,ortho solutions
Orvance LLC,False,False,71,djo france
Orviol Ltd,False,False,77,viol co
Orwood Mobility Manufacturing,False,False,77,excel mobility manufacturing
"OSANG Healthcare Co., Ltd.",True,True,100,osang healthcare co
OSARTIS GmbH,False,False,75,biocartis
"OSATU, S.coop. (Bexen cardio)",False,False,63,osstem cardio co
OSCAR BOSCAROL SRL,True,True,100,oscar boscarol srl
Oscilla A/S,False,False,70,cololact a s
Oscor Inc.,False,False,80,score
Smyle Dental Laboratory,False,False,69,laboratorios cosmodent s l
Dispotech SRL,True,True,100,dispotech srl
Distinctly Dental,False,False,74,itl dental
Distrilens,False,False,74,distrimed
DMD,False,False,75,idmed
DMD COMPUTERS SRL,False,False,69,sc numeris com srl
DMD Dental Ltd t/a Lab 94,False,False,65,c k dental ind co ltd
DMF Labs Limited,False,False,75,jam labs
DMG Chemisch Pharmazeutische Fabrik GmbH,False,False,74,dr kade pharmazeutische fabrik
DMG Digital Enterprises SE,True,True,100,dmg digital enterprises se
DMP Dental Industry S.A.,True,True,100,dmp dental industry
DMS,False,False,67,sdm
"DMS CO., LTD.",True,True,100,dms co
DMS-service LLC,True,True,100,dms service
Duckworth & Kent Ltd,True,True,100,duckworth kent
"OSI Optoelectronics, Inc.",True,True,100,osi optoelectronics
OSKA Care Limited,True,True,100,oska care
OSM Dental Laboratory,False,False,72,laboratorios conda
OSMANOV SERVICES LTD,False,False,75,santé services sa
Osmond Drake Optical Limited,False,False,62,key optical europe srl
Ossenberg GmbH,True,True,100,ossenberg
Osseointegration International B.V,True,True,100,osseointegration international
Dominion Biologicals Limited,True,True,100,dominion biologicals
Don & Low Ltd,False,False,62,dorna ood
DONARD  DENTAL  LABORATORY.,False,False,72,tin lok dongguan dental laboratory co
Doncaster & Bassetlaw NHS Foundation Trust,False,False,57,fondazione don carlo gnocchi onlus
Doncaster Denture Repairs,False,False,59,far eastern century
Dongbang Co. Ltd,False,False,62,dopan
"DongBang Medical Co., Ltd.",True,True,100,dongbang medical co
"Dongguan Belcare Medical Technology Co., Ltd.",True,True,100,dongguan belcare medical technology co
"Dongguan HEMS Electronic Technology Co., Ltd.",True,True,100,dongguan hems electronic technology co
Dongguan Jiuhui Industrial Limited,False,False,68,henan yadu industrial co
"Dongguan Kaiser Technology Co, Ltd.,",False,True,94,dongguan kaiser technology co
"Dongguan Kaiser Technology Co.,Ltd",False,True,94,dongguan kaiser technology co
Rayner Pharmaceuticals Limited,False,False,79,repolar pharmaceuticals oy
DNA Genotek Inc.,True,True,100,dna genotek
DNA Workplace Limited,False,False,62,newcompliance
DNH Lab,False,False,67,axon lab
Doccla,False,False,80,doccla uk
DOCME TECHNOLOGIES LTD,False,True,86,mime technologies
Docobo Ltd,True,True,100,docobo
Dodrotu Limited,False,False,67,driot
DOLA ORTHOTICS UK LTD,False,False,76,dm orthotics
Dolphin Computer Access Ltd,True,True,100,dolphin computer access
"Domico Med-device, LLC",True,True,100,domico med device
Osseointegration International Pty Ltd,False,True,94,osseointegration international
Osseointegration International Pty Ltd,False,True,94,osseointegration international
OSSIS Corporation,True,True,100,ossis
Dongguan RUIMI Gifts Co.,False,False,68,premium plus dongguan
"Dongguan Senmed Medical Instrument Co., Ltd.",True,True,100,dongguan senmed medical instrument co
"Dongguan Senmed Medical Instrument Co., Ltd.",True,True,100,dongguan senmed medical instrument co
"Dongguan SIMZO Electronic Technology Co., Ltd.",True,True,100,dongguan simzo electronic technology co
"Dongguan Tondaus Meditech Co.,Ltd",False,False,67,dongguan kangda medical technology co
"Dongguan Yitong Textile Co., Ltd",False,False,72,dongguan yilong medical supplies co
DongGuanShiQianXiangDianZiKeJiYouXianGongSi,False,False,48,wen zhou shi zhong xin yan jing you xian gong si
"DONGTAI CITY HUAYI GLOVES CO., LTD.",False,False,60,hi care thai gloves co
Donovan denture repairs laboratory,False,False,65,tin lok dongguan dental laboratory co
DORMOLE LIMITED,False,False,67,ormed
"Dornier MedTech America, Inc.",True,True,100,dornier medtech america
Dorset County Hospital NHS Foundation Trust,False,False,68,bedford hospital bedfordshire hospitals nhs foundation trust
Dorset Denture Clinic,False,False,65,pentron clinical
Dorset Orthopaedic Company Ltd,False,False,80,adco orthopaedics
DOS Medical B.V.,True,True,100,dos medical
DoseMe Pty. Ltd,False,False,63,dynek pty
Dosisoft SA,False,False,70,dasit spa
Dosium Holdings Limited,False,False,69,dname it holdings
East Essex Dental Laboratory Ltd,False,False,66,egj jonkers dental laboratorium jonkers
"Dongguan Quanding Medical Supplies Co., Ltd.",True,True,100,dongguan quanding medical supplies co
Dongguan QueenMed Equipment Mfg Co Ltd,True,True,100,dongguan queenmed equipment mfg
Dornier MedTech GmbH,True,True,100,dornier medtech
Osstell AB,True,True,100,osstell ab
"Osstem Implant Co., Ltd",True,True,100,osstem implant co
Ossur hf.,False,True,93,össur hf
Ossur UK Ltd,False,False,56,suntech uk
"Osteogenics Biomedical, Inc.",True,True,100,osteogenics biomedical
Osteolabs UK Ltd,False,False,64,sasu opteolia
Osteomed LLC,False,False,75,consomed
"Osteonic Co., Ltd",False,False,74,ortec co
Osteopore International Pte Ltd,True,True,100,osteopore international pte
Osteoporosis Research Limited,True,True,100,osteoporosis research
OsteoSys,False,False,84,osteosys co
Osteotec Ltd,True,True,100,osteotec
"Draeger Medical Systems, Inc",False,True,88,ge medical systems
Draeger Medical UK Ltd,False,False,79,creo medical uk
Draeger Safety AG & Co,False,False,75,dräger safety ag co kgaa
Drage & Tozer Opticians,False,False,59,dxterity diagnostics
Ostique Limited,True,True,100,ostique
Dove Eyecare,False,False,64,dropcare eyewear
Dover Dentures Ltd,False,False,62,exotec dentaire
Dr Albani Limited,True,True,100,dr albani
Dr ATF Smith,False,False,67,s r smith
Dr Francis Scriven Limited,False,False,67,sivan france
Dr Georg Friedrich Henning Chemische Fabrik Walldorf GmbH,True,True,100,dr georg friedrich henning chemische fabrik walldorf
Dr Hoenle,False,False,61,carl hoernecke
Dr James R McCoy,False,False,58,diamedics s r o
Dr Korman Laboratories Ltd,True,True,100,dr korman laboratories
Dr Loukas Implant and Ceramics Dental Laboratory,False,False,71,j b implant and dental ceramics
Dr. Schumacher GmbH,False,False,64,dr schick
DOUGLAS CAMPBELL RDT,False,False,61,capelli s r l
"Draeger Medical Systems, Inc",False,True,88,ge medical systems
pfm medical cpp SA,False,True,91,pfm medical cpp
DREAM Dental Lab Ltd,False,False,75,final dental lab
"DreamCon Co., Ltd.",True,True,100,dreamcon co
Dreamskin Health Ltd,False,False,71,exakt health
Drendel + Zweiling DIAMANT GmbH,False,False,53,wetling eu aps
Dreve Dentamid GmbH,True,True,100,dreve dentamid
Dreve Otoplastik GmbH,False,False,64,plas free
Drew Brady & Co. Ltd,False,False,71,c brady
DRG Instruments GmbH,True,True,100,drg instruments
DRG Laboratory,False,False,74,eurodrug laboratories
DRGEM Corporation,True,True,100,drgem
Drive DeVilbiss Healthcare France,True,True,100,drive devilbiss healthcare france
Drive DeVilbiss Healthcare Ltd.,False,True,88,drive devilbiss healthcare france
Drive Medical GmbH & Co. KG,True,True,100,drive medical gmbh co kg
"Drucker Diagnostics, LLC",True,True,100,drucker diagnostics
Drummond Scientific Company,False,False,74,brain scientific
Drylock Technologies s.r.o.,False,False,82,alos technologies s r l
DS Dental supply GmbH,False,False,81,saga dental supply as
DS Studios Ltd,False,False,67,studio emi srl
DSD Dental Laboratory Ltd,False,False,67,diplomat dental s r o
"DSD Planning Center, SL",False,False,62,central sanitaria sl
"DSM Biomedical, Inc. d.b.a. DSM Biomedical",False,False,57,qingdao bright moon biomedical material co
"DT MedTech, LLC",True,True,100,dt medtech
DTD (SCOTLAND) LTD,False,False,62,sq deutschland
DTR Medical Ltd,True,True,100,dtr medical
DTS TRADING INC LIMITED,True,True,100,dts trading inc
Dragerwerk AG&Co. KGaA,False,True,98,drägerwerk ag co kgaa
Dragonmobility Ltd,False,False,74,orthomobility
pfm medical gmbh,True,True,100,pfm medical
Dufner Instrumente GmbH,True,True,100,dufner instrumente
Dunbar orthodontic laboratory,False,False,64,db orthodontics
DUNDEE DENTAL LABORATORY.,False,False,69,tin lok dongguan dental laboratory co
Dunedin Dental Laboratory,False,False,68,tin lok dongguan dental laboratory co
Dupaco Inc.,True,True,100,dupaco
Dupal Medical Ltd,True,True,100,dupal medical
DuPhaMed BV,False,False,84,duphamed
Duradent Ltd,False,False,75,lumadent
DURAMED LTD,False,False,80,douromed
DURR DENTAL SE,False,True,96,dürr dental se
Durrani & Co.,True,True,100,durrani
Durtech Systems Corp.,False,False,84,meditech systems
Durviz S.L.,True,True,100,durviz s l
Duzey Medikal Cihazlar Sanayi Ticaret Limited Sirketi,False,False,82,hypermed medikal sanayi ve ticaret limited sirketi
DVW Dental,False,False,80,dhm dental
DW Lingual Systems GmbH,False,False,73,king systems
DWA GmbH & Co. KG,False,True,87,detax gmbh co kg
DWK Life Sciences Limited,False,False,83,endra life sciences
DWS Srl,False,True,86,dwe srl
Dwyfor Dental Laboratory,False,False,67,dermadry laboratories
DX Products Ltd,True,True,100,dx products
Dx365 GmBH,True,True,100,dx365
Dxcover Limited,False,False,71,ecovery
DXS International plc,False,False,84,pal international
DY11 limited,False,False,50,my01
Dyaco International Inc.,True,True,100,dyaco international
Dye and Golze Dental Laboratory Limited,False,False,62,tin lok dongguan dental laboratory co
Duerr Dental Faro Sterilization srl,True,True,100,duerr dental faro sterilization srl
Duffield Dental Practice Limited,False,False,62,gebdi dental products
Ostoform Limited,False,False,75,ato form
Oswestry Dental Laboratory Ltd,False,False,69,laboratorios cosmodent s l
Osypka AG,False,False,67,optika
Dynamic Diagnostics Ltd,False,False,79,syn diagnostic
Dynamic Health Systems Services Ltd,False,False,68,srs medical systems
Dynamic Metrics Limited,True,True,100,dynamic metrics
"Dynamiker Biotechnology (Tianjin) Co., Ltd.",False,False,84,shine（tianjin）biotechnology co
Dynasthetics,True,True,100,dynasthetics
Dynasty Denture Solutions,False,False,76,dsi dental solutions
Dynex Technologies,True,True,100,dynex technologies
"Dynex Technologies, spol. s.r.o.",False,False,78,rsq technologies sp z o o
E & G Ortho Ltd,False,False,78,one ortho
E & O Laboratories Ltd,True,True,100,e o laboratories
E-Line Orthodontics,False,False,80,hespeler orthodontics
"E-Z-EM INCORPORATED, a.d.b.a BRACCO DIAGNOSTICS INCORPORATED",False,False,64,e z em inc a subsidiary of bracco diagnostics inc a d b a bracco diagnostics
E. Hahnenkratt GmbH,True,True,100,e hahnenkratt
E.JANACH S.R.L,True,True,100,e janach s r l
E.M.S. Electro Medical Systems S.A.,True,True,100,e m s electro medical systems
E&E MEDICAL SUPPLIES LTD.,False,False,84,homecare medical supplies
E&K BATH LTD,False,False,63,peek health
Eagle labs LLC,True,True,100,eagle labs
Eakin Surgical Ltd,True,True,100,eakin surgical
Ear Buddies Ltd,False,False,61,thea devices
eargym Ltd,True,True,100,eargym
EarWays Medical Ltd.,True,True,100,earways medical
East & North Herts NHS Trust,False,False,60,true north international
East & North Herts NHS Trust,False,False,60,true north international
Dynamic Code AB,True,True,100,dynamic code ab
DYNAMIC DENTAL LABORATORY LIMITED,False,False,68,tin lok dongguan dental laboratory co
"e-life International Co., Ltd.",True,True,100,e life international co
Osypka Medical GmbH,True,True,100,osypka medical
East Midlands Pharma Ltd (EMP Ltd),False,False,77,east midlands pharma
East Park Dental Practice Limited,False,False,65,nora dental e k
East Quay Vision Ltd,False,False,71,ast vision care sl
Eastbourne Gentle Dental,False,False,71,kentzler kaschner dental
"Eastern Business Forms, LLC",False,False,67,euregio business center
EASTERN DENTAL LABORATORY,False,False,71,laboratorios diet esthetic
Eastern Owl LTD,False,False,64,eternasolid
Eastgate Dental Laboratory,False,False,69,laboratorios diet esthetic
Eastwood Dental Services Limited,False,False,67,ap services a s
Easy Care Solutions UK Ltd,False,False,72,nec software solutions uk
Easy Dental,False,False,78,ukens dental
Easy Living Retail Newcastle Ltd.,False,False,57,cwire retail holdings
"Easymed Co., Ltd",False,False,73,daeyomedi co
Easymed Instruments SE Asia Sdn. Bhd,False,False,70,easymed instruments co
EB eyecare ta The Eyesmith,False,False,59,eyecare eyewear
Eberle GmbH & Co. KG,False,False,81,elos gmbh co kg
EBERS MEDICAL TECHNOLOGY SL,False,True,95,ebers medical technology s l
EC Certification Service GmbH,True,True,100,ec certification service
ECA Medical Instruments,True,True,100,eca medical instruments
"ECAREYOU INNOVATION S.L.,",False,True,90,ecareyou innovation
Echo Dental Solutions,False,False,83,dsi dental solutions
Echo Orthopaedics Limited,False,True,88,adco orthopaedics
Echo-Son S.A,False,False,84,echo son sa
Echolight S.P.A,True,True,100,echolight s p a
"EchoNous, Inc.",False,False,67,chronomics
Echor Ltd.,False,False,77,dechoker
EDR Digital Ltd,False,False,72,spirit digital
"East Lancashire Hospitals NHS Trust, Hospital Sterilisation And Disinfection Unit (HSDU)",False,False,50,sterifast sterilization disinfection systems lda
East Midlands Orthodontic Laboratory Limited,False,False,64,open mind laboratory
Ote Pharma Sol BV,False,True,90,ote pharma sol
Oticon A/S,True,True,100,oticon a s
Eclipse Dental Laboratory Ltd,False,False,65,diplomat dental s r o
"Eclipse Medical Co., Ltd.",False,True,91,eclipse medical
Eco Medi Glove SDN. BHD.,True,True,100,eco medi glove sdn bhd
"ECO Medical Technology (Nanjing) Co., Ltd.",True,True,100,eco medical technology nanjing co
Eco PL Ltd,False,False,77,spol co
Ecobee Sdn. Bhd.,True,True,100,ecobee sdn bhd
Ecolab Deutschland GmbH,True,True,100,ecolab deutschland
Ecolab Ltd,False,False,77,techlab
Economic Holland,True,True,100,economic holland
eConsult Health Ltd,False,False,81,consilient health
eContinence AB,False,False,79,continence care aps
"ECOWORKS KOREA THYSOL HITECH CO., LTD",False,False,80,thysol hitech co ltd ecoworkskorea
ECR Healthcare Ltd T/A Northwest Orthodontics,False,False,61,urgo healthcare products co ltd
Ectosense nv,True,True,100,ectosense nv
ED Dental Laboratory,False,False,69,nora dental e k
"Edan Instruments, Inc.",False,True,91,evans instruments
EDAP TMS France,True,True,100,edap tms france
edelweiss dentistry products GmbH,True,True,100,edelweiss dentistry products
Edelweiss DR AG,False,False,61,deleo s a s
Edenta Establissement,False,True,98,edenta etablissement
Edge Hill Ceramics,False,False,69,dermis hellas e e
Edgware Dental Laboratories Ltd,False,False,75,dermadry laboratories
Edinburgh Dental Specialists Implant Lab,False,False,61,tri dental implants direct
Edison Digital Dental Laboratory,False,False,64,tin lok dongguan dental laboratory co
Eckert & Ziegler BEBIG GmbH,True,True,100,eckert ziegler bebig
Ecleris Global Llc.,False,False,72,eusa global
Oticon Limited,False,False,83,optico
Oticon Medical (Neurelec),False,False,76,replication medical
eemagine Medical Imaging Solutions GmbH,True,True,100,eemagine medical imaging solutions
EETH LTD t/a EETH DENTAL,False,False,62,tdv dental ltda
EEZZEE LTD,True,True,100,eezzee
EFA - Engineering for All Ltd,False,False,75,alps czech engineering s r o
EFF DENTAL COMPONENTES LTDA,False,False,64,max dental co ltd
Effectum Medical AG,True,True,100,effectum medical
Egan Dental Laboratory,False,False,71,tin lok dongguan dental laboratory co
EGE dent,False,False,74,sphere dent
EGO EYEWEAR,False,False,69,coblens eyewear
Ego Pharmaceuticals (UK) Ltd,False,True,85,gw pharmaceuticals
Egton Medical Information Systems Ltd,False,False,76,ge medical systems information technologies
Egypt for Medical Clothes - MEDIC,True,True,100,egypt for medical clothes medic
EGZOTech Sp.zo.o.,False,False,67,endotech s r o
"EIKEN CHEMICAL Co., Ltd",True,True,100,eiken chemical co
Eilertsen Dental Care Ltd,False,False,68,mcd medical care dental
Einco Biomaterial LTD.,False,True,87,einco biomaterial ltda
Einstoffen GmBH,False,False,63,centogene
Eisenbacher Dentalwaren ED GmbH,True,True,100,eisenbacher dentalwaren ed
EIT EMERGING IMPLANT TECHNOLOGIES GMBH,True,True,100,eit emerging implant technologies
Eitan Medical Ltd,True,True,100,eitan medical
EIZO Corporation,True,True,100,eizo
EIZO GmbH,True,True,100,eizo
Ekamed GmbH & Co.KG,False,True,91,dekumed gmbh co kg
eKare Inc.,True,True,100,ekare
Edwards Lifesciences LLC,True,True,100,edwards lifesciences
Edwards Lifesciences Ltd,True,True,100,edwards lifesciences
Oticon Medical AB,True,True,100,oticon medical ab
Otiom A/S,True,True,100,otiom a s
EKOM spol. s r.o.,True,True,100,ekom spol s r o
EKOS Corporation,False,False,67,eolys
Ekuberg Pharma s.u.r.l.,False,True,95,ekuberg pharma s r l
EL.EN. S.P.A.,False,False,74,ep s p a
Elaitra,False,False,75,elixavita
ELAROS 24/7 LIMITED,False,False,56,elaboro
ELASTOMADE ACCESSORIES SDN. BHD.,True,True,100,elastomade accessories sdn bhd
ELASTOMADE ACCESSORIES SDN. BHD.,True,True,100,elastomade accessories sdn bhd
ELBUR SP. Z O.O. SP.K.,False,False,81,emed sp z o o sp k
Elcam Medical ACAL,False,False,75,alleva medical
ELCON Medical Instruments GmbH,True,True,100,elcon medical instruments
ELDO s.r.l.,True,True,100,eldo s r l
Electric Mobility Euro Ltd,True,True,100,electric mobility euro
Electro Bismed Instruments,True,True,100,electro bismed instruments
ELECTRO RANGE MANUFACTURING COMPANY,False,False,77,electro range mfg
Electro Spyres Medical (Pty) Ltd,False,False,76,e m s electro medical systems
"ElectroCore, Inc.",True,True,100,electrocore
"Electromedical Products International, Inc.",False,False,77,a j dental products international
"Electronic Silk Road (Shenzhen) Tech Co., Ltd",False,False,77,shenzhen emperor electronic technology co
Electrosurgery Supplies Limited,False,False,60,centra for medical supplies
Elegant Dent Ltd,True,True,100,elegant dent
Elekta Ltd,True,True,100,elekta
Elekta Solutions AB,True,True,100,elekta solutions ab
EKF-diagnostic GmbH,True,True,100,ekf diagnostic
Eko.ai Pte. Ltd,True,True,100,eko ai pte
OTN Implants B.V.,True,True,100,otn implants
OTN Innovations B.V.,False,True,88,young innovations
Oto Health Ltd,False,True,86,onqo health
OTODYNAMICS Ltd,False,False,75,angiodynamics
ELESTA S.p.A.,False,False,77,erbozeta s p a
Elevate Dental Designs Limited,False,False,65,dental esse srl
"Elidah, Inc.",False,False,67,elvika
Eline S.r.l.,False,False,80,genelife s r l
ELIS UK LTD,False,False,67,medisafe uk
Elite Chrome Dental Laboratory,False,False,68,homer ion laboratory co
Elite Dental Ceramics,False,False,71,ceramtec dentalvertriebs
Elite Dental Restorations Ltd,False,False,71,dental international
Elite Dental Studios,False,False,79,hall dental studio
ELITE ORTHODONTICS (TELFORD) LIMITED,False,False,69,lightforce orthodontics
ELITech Group Inc.,False,True,96,elitechgroup
ELITechGroup S.p.A,True,True,100,elitechgroup s p a
Elixir Medical Corporation,True,True,100,elixir medical
"ELLA-CS, s.r.o.",False,False,75,el co s r l
Ellerker Eyewear Limited,False,False,77,eyecare eyewear
Ellex Medical Pty Ltd,True,True,100,ellex medical pty
Elliott & Heath Ltd,False,False,72,elona health
"Elliquence, LLC.",True,True,100,elliquence
Ellivron Optical Limited,False,False,73,evolve optical
Elm Drive Denture Care,False,False,62,future care s r l
ELMAC ELETTRONICA SRL,False,True,86,elmac elettronica s r l
Elmed Elektronik ve Medikal Sanayi ve Ticaret A.S.,False,True,89,elmed elektronik ve medikal san tic a s
EMRTS Cymru,False,False,64,mdti cyprus
Element Digital Solutions,False,False,73,elekta solutions ab
Elemental Healthcare Ltd,False,False,81,amanta healthcare
Elm Tree Denture Clinic LTD,False,False,60,clinisciences s l
Otosan SRL,True,True,100,otosan srl
Otsuka America Pharmaceutical Inc.,False,False,77,optus pharmaceutical co
em-tec GmbH,True,True,100,em tec
Embers the Dragon Ltd,False,False,56,the one medical
Emblation Ltd,True,True,100,emblation
Embo Fluessigkeiten A.G.,False,True,98,embo flussigkeiten a g
Embody Orthopaedic Limited,True,True,100,embody orthopaedic
"Embolx, Inc.",True,True,100,embolx
Emboss Medical Limited,False,True,86,embrio medical
Embracing Nature Ltd,False,False,63,natus manufacturing
Embreis AB,True,True,100,embreis ab
EMBRİO MEDİKAL SAN. TİC. LTD. ŞTİ.,False,True,85,erenler medi̇kal san ti̇c ltd şti̇
EmCyte Corporation,False,False,73,cyted
EMD Technologies Incorporated,True,True,100,emd technologies
EMED SP. Z O. O. SP. K.,True,True,100,emed sp z o o sp k
EMED Technologies,False,True,97,emd technologies
Emerald Dental Laboratory Ltd,False,False,64,laboratoires innothera
Emergency Evacuation Equipment & Training (3ET) Limited,False,False,60,dongguan taijie rehabilitation equipment co
Emergent Protective Products USA Inc.,True,True,100,emergent protective products usa
EmergoPharm Spółka z ograniczona odpowiedzialnością Sp. K.,False,True,98,emergopharm spółka z ograniczoną odpowiedzialnością sp k
"EMI Factory CO., LTD.",True,True,100,emi factory co
Emma Stone Optical Ltd,False,False,69,ser optical
Emmat Medical Ltd,False,True,88,emka medical
EMOS Technology GmbH,True,True,100,emos technology
Empatica S.r.L.,True,True,100,empatica s r l
EMPORIUM EYEWEAR LIMITED,False,False,65,eyecare eyewear
Empress Dental Laboratory,False,False,68,aesthetic experts laboratory
Elvin Incisal Dental Laboratory,False,False,64,final dental lab
EM-MED Sp. z o.o. sp. k.,False,True,87,medif sp z o o sp k
Otsuka Pharmaceutical Europe Ltd.,False,False,78,metropolis pharmaceuticals
Otto Bock Healthcare LP,True,True,100,otto bock healthcare lp
Otto Bock Healthcare PLC,False,True,87,otto bock healthcare products
Otto Bock Healthcare Products GmbH,True,True,100,otto bock healthcare products
Otto Bock Mobility Solutions GmbH,True,True,100,otto bock mobility solutions
Otto Leibinger GmbH,True,True,100,otto leibinger
Otto Ruettgers GmbH & Co. KG,False,True,96,otto rüttgers gmbh co kg
Ottobock SE & Co. KGaA,True,True,100,ottobock se co kgaa
OTU Medical Inc.,True,True,100,otu medical
OÜ Antegenes,True,True,100,oü antegenes
Oui Labs Inc,False,False,78,surni labs
Oura Health Oy,False,False,76,koite health oy
Outside In (Cambridge) Ltd,False,False,60,cambridge isotope laboratories
Endotronix Inc.,True,True,100,endotronix
Endovision,True,True,100,endovision
ENDRA Life Sciences Inc,True,True,100,endra life sciences
Endodoctor GmbH,False,False,78,endodont
Endologix LLC,True,True,100,endologix
Endologix LLC,True,True,100,endologix
Endomagnetics Ltd,True,True,100,endomagnetics
Endoperfection Ltd,True,True,100,endoperfection
endoscope-i Ltd,True,True,100,endoscope i
Endospan Ltd,True,True,100,endospan
Endostart S.r.l.,True,True,100,endostart s r l
Endostream Medical Ltd.,True,True,100,endostream medical
ENDOSYS HEALTHCARE INDIA PVT. LTD.,True,True,100,endosys healthcare india pvt
EMS Physio Ltd,True,True,100,ems physio
Enable Access,False,False,73,access dental lab
Endotron B.V.,True,True,100,endotron
OutsideClinic,False,False,60,blended clinic ai
Precision for Medicine,True,True,100,precision for medicine
Energy For Health Ltd,False,False,75,care for health
Enfield VE Ltd,False,False,63,v i e med
Eng3 Corporation,False,False,60,bering
Engreco Healthcare,False,False,84,ee healthcare
enicor GmbH,True,True,100,enicor
"ENJOYCARE TECHNOLOGY (ZHEJIANG) CO., LTD",False,True,94,enjoycare technology zhejiang co ltd
Enlighten Smiles Limited,False,False,61,seven eight sirgikal
"Enlitic, Inc",True,True,100,enlitic
Enniscrone Dental Laboratory Ltd,False,False,63,homer ion laboratory co
Ennogen Healthcare International Limited,True,True,100,ennogen healthcare international
Ennogen Healthcare Ltd,True,True,100,ennogen healthcare
ENRAF-NONIUS B.V.,True,True,100,enraf nonius
ENRAF-NONIUS B.V.,True,True,100,enraf nonius
Ensmile PvT Ltd,False,False,67,eon meditech pvt
"Entegrion, Inc.",True,True,100,entegrion
"Entellus Medical, Inc",True,True,100,entellus medical
Enteral Access Technologies Ltd,False,False,84,accel heal technologies
Entermed,False,False,82,inter med
Enterra Medical,True,True,100,enterra medical
"Enthermics Medical Systems, Inc.",False,False,83,anaesthetic medical systems
Entia Ltd,False,False,83,icentia
Entod Pharmaceuticals Ltd,False,False,84,esteve pharmaceuticals
ENTOD RESEARCH CELL UK LTD,False,False,62,agena research s r l
Episurf Operations AB,True,True,100,episurf operations ab
Energist Limited,True,True,100,energist
Energizer Trading Limited,True,True,100,energizer trading
Ovation Medical,False,True,90,oticon medical
Ovelle Ltd,False,False,67,elltec co
EnvisionTEC GmbH,False,False,76,endovision
Enztec Limited,True,True,100,enztec
Enzymatica AB,True,True,100,enzymatica ab
EOCA MD Pty Limited,True,True,100,eoca md pty
"EOFlow Co.,Ltd.",False,False,82,eoflow co
Eolas Medical,False,True,87,as medical
Eon Dental Jordan (Free Zones),False,False,76,eon dental jordan
EON Meditech Private Limited,False,True,89,eon meditech pvt
EOS imaging,True,True,100,eos imaging
EOVE S.A,False,False,80,evolve
EP Solutions SA,True,True,100,ep solutions sa
EPED INC.,False,False,73,cepheid
EPflex Feinwerktechnik GmbH,True,True,100,epflex feinwerktechnik
Epic Systems Corporation,False,False,83,icho systems
"EPIEN Medical, Inc.",False,True,85,eitan medical
EpiGuard AS,True,True,100,epiguard as
"Epimed International, Inc.",True,True,100,epimed international
Epipole Limited,True,True,100,epipole
EPISCAN S.R.L.,True,True,100,episcan s r l
Episurf Operations AB,True,True,100,episurf operations ab
Episurf Operations AB,True,True,100,episurf operations ab
Essex Dental Laboratory,False,False,69,laboratorios diet esthetic
Vernacare,True,True,100,vernacare
"ENVELOPE HEALTH BIOTECHNOLOGY CO., LTD.",True,True,100,envelope health biotechnology co
Envision Scientific Pvt. Ltd.,False,False,70,boston scientific
"Overjet, Inc.",True,True,100,overjet
Oviva AG,True,True,100,oviva
EPOS srl.,True,True,100,epos srl
Eppendorf SE,True,True,100,eppendorf se
Eppendorf UK Ltd,False,False,83,eppendorf se
Equashield Medical Ltd,True,True,100,equashield medical
"Equinox Biotech Co., Ltd.",True,True,100,equinox biotech co
Era Endoscopy Srl,True,True,100,era endoscopy srl
ERASER MEDİKAL TIBBİ CİHAZLAR SAĞLIK ÜRÜNLERİ PAZARLAMA SANAYİ VE TİCARET LİMİTED ŞİRKETİ,False,False,79,zenmed tibbi̇ ci̇hazlar ve sağlik ürünleri̇ sanayi̇ ve ti̇caret li̇mi̇ted şi̇rketi̇
Erba Lachema s.r.o.,False,False,65,be healthy s r o
Erbe Elektromedizin GmbH,True,True,100,erbe elektromedizin
Erbe Vision GmbH,False,False,80,vision rt
eResearchTechnology GmbH,True,True,100,eresearchtechnology
Ergo-Tec GmbH,False,False,80,eurotec
"ERGOACTIVES, LLC",False,False,70,cs active
ergoline GmbH,True,True,100,ergoline
Ergon Medical LTD,True,True,100,ergon medical
ERGON SUTRAMED SRL,True,True,100,ergon sutramed srl
Ergosana GmbH,True,True,100,ergosana
Ergotrics NV,False,False,67,neurotronics
ERIMED INTERNATIONAL AB,True,True,100,erimed international ab
Erkodent Erich Kopp GmbH,False,False,56,mednet ec rep
Ermis MedTech GmbH,True,True,100,ermis medtech
Esaote S.p.A.,True,True,100,esaote s p a
Exeter Eyewear Ltd,False,False,76,eyecare eyewear
EPK Dentech,False,False,78,denteck
Epocal Inc.,True,True,100,epocal
OWANDY Radiology,False,False,64,radiología
Owen Mumford Limited,True,True,100,owen mumford
eSight Corporation,False,False,77,rxsight
Esoform S.r.l. Laboratorio Chimico,False,True,100,esoform laboratorio chimico s r l
Eson Comfort,False,True,87,ten comfort
Espansione Marketing S.p.A.,False,True,88,espansione marketing spa
Especialidades Medicas Myr S.L.,False,False,84,especialidades medicas tonal s l
ESSEBI MEDICAL SRL TOTIM,False,False,70,medical express srl
Essential Healthcare SOLUTIONS (uk) Ltd,False,False,74,chargeurs healthcare solutions emea
Essential Medical,True,True,100,essential medical
Essential Pharmaceuticals Limited,True,True,100,essential pharmaceuticals
Essential-Healthcare Ltd,False,False,81,astral healthcare
Essity Hygiene and Health AB,True,True,100,essity hygiene and health ab
Estar Technologies Ltd,False,True,85,medismart technologies
Etac Supply Centre AB,False,True,95,etac supply center ab
"ETest (Nantong) Medical Electronic Technology CO., Ltd",False,False,80,gri medical electronic technology co
Etex Corporation,False,False,80,deltex
ETHICON ENDO-SURGERY LLC,True,True,100,ethicon endo surgery
ETHICON INC,True,True,100,ethicon
ETHICON LLC,True,True,100,ethicon
ETHICON LLC,True,True,100,ethicon
ETHICON SARL,False,False,74,ethicon
"ETHICON, INC.",True,True,100,ethicon
EVER Neuro Pharma GmbH,True,True,100,ever neuro pharma
Eschmann Technologies Ltd,True,True,100,eschmann technologies
ESCO Medical Technologies,False,True,93,esco medical technologies uab
Owkin France,True,True,100,owkin france
"Owlet Baby Care, Inc.",True,True,100,owlet baby care
Estetica Dental Lab Ltd,False,False,74,final dental lab
Esteve Pharmaceuticals Ltd,True,True,100,esteve pharmaceuticals
Esthetic Dental Lab,False,False,71,dental esse srl
Estodent Dental Laboratory,False,False,73,laboratorios diet esthetic
Estor S.p.A.,False,False,78,esaote s p a
Etabl LIEVENS-LANCKMAN BV,False,True,86,lievens lanckman bv
Etablissements OURY-GUYE et Fils,True,True,100,etablissements oury guye et fils
Etac AS,False,False,82,dentaco as
"Ethox Medical, LLC",False,False,83,ex2 medical
Etiometry Inc.,True,True,100,etiometry
Etnia Barcelona,False,False,67,3f textile barcelona s l
Eto Garments Aps,True,True,100,eto garments aps
Etol Eberhard Tripp GmbH,True,True,100,etol eberhard tripp
Etymotic Design Inc. (operating as Audioscan),False,True,98,etymonic design inc operating as audioscan
EUCARE PHARMACEUTICALS PVT. LTD,False,True,93,eucare pharmaceuticals private
eucatech AG,False,False,75,camntech
Euclid Vision Corporation,False,False,83,nuclivision
Eufoton S.r.l.,False,False,80,eu kon s r l
"Huayuan Medical Technology(Shangqiu) Co., Ltd.",False,True,88,shanghai liyuan medical technology co
"Hubei Junyan Medical Science & Technology Co., Ltd.",False,False,80,hubei samji medical technology co
"Hubei Kangning Protective Products Co., Ltd",True,True,100,hubei kangning protective products co
"Hubei MEIBAO Biotechnology Co., Ltd",True,True,100,hubei meibao biotechnology co
Essilor Ltd,True,True,100,essilor
ESTAR MEDICAL UK LIMITED,True,True,100,estar medical uk
Owlstone Medical Ltd,False,False,84,oxitone medical
EUMEDICA SRL,False,True,89,euromedical srl
Eunicare Instruments,False,False,84,helica instruments
EUNICARE Limited,False,False,78,technicare
Eunsung Global Corp.,True,True,100,eunsung global
Eureka Inventions Ltd,False,False,68,innoventiv europe srl
Eureka Physiocare Ltd,False,False,67,eureka pharma bv
EUREKA S.R.L. LAB DIVISION,False,True,88,eureka srl lab division
Euro Energy Resources Limited,False,False,61,c a t resources
Euro Vital Pharma GmbH,False,False,81,euro pharma srl
EUROBIO SCIENTIFIC,True,True,100,eurobio scientific
Eurobio Scientific GmbH,True,True,100,eurobio scientific
Eurobio Scientific UK Ltd,False,True,92,eurobio scientific
Eurocare Impex Services Ltd,True,True,100,eurocare impex services
Euroclone S.p.A.,False,False,79,euronda s p a
Eurocor Tech GmbH,True,True,100,eurocor tech
Eurofarm SPA,False,False,77,eurofarm s p a
Eurogine SL,False,True,87,eurogine s l
Eurogreen International Inc.,False,False,82,durrani international
EUROIMMUN Medizinische Labordiagnostika AG,True,True,100,euroimmun medizinische labordiagnostika
EUROLEATHERS 2000 Ltd,False,False,59,eurolatex sdn bhd
EUROLyser Diagnostica GmbH,False,False,77,diagnostic grifols
EUROMI SA,False,False,80,euromi
EURONDA S.P.A.,True,True,100,euronda s p a
European Dental Laboratory,False,False,67,tin lok dongguan dental laboratory co
Ever Pharma UK Ltd,False,False,71,pharma eec srl
Vernacare Limited,True,True,100,vernacare
Euin Steele & Partners Optical Limited,False,False,71,optic partner srl
Eumar Technology Ltd,False,True,88,pearl technology
Oxehealth,True,True,100,oxehealth
Oxford Brain Diagnostics Ltd,False,False,76,domore diagnostics as
Europlaz Technologies Ltd,True,True,100,europlaz technologies
EUROPROSAN S.P.A.,True,True,100,europrosan s p a
Europtical LTD,False,False,80,neuroptics
EURORAD,False,False,78,eurorad 2 6
Euroresearch,False,False,80,euroresearch s r l
EUROS SAS,True,True,100,euros sas
Eurosets S.r.l.,True,True,100,eurosets s r l
Eurosilicone SAS,True,True,100,eurosilicone sas
EUROSIREL S.p.A.,False,False,79,eurosirel spa
EUROSPINE SARL,True,True,100,eurospine sarl
Eurospital S.p.A.,False,False,80,eurospital spa
Eurotape B.V.,True,True,100,eurotape
EuroTec B.V.,True,True,100,eurotec
Euroteknika,False,False,70,nikon europe
Eurotrol B.V.,True,True,100,eurotrol
eV3,False,False,50,zevex
Evac + Chair International Ltd,False,False,79,antec international
Evans Instrument Ltd,False,True,97,evans instruments
EVANS RICHARDSON LIMITED,False,False,74,richardson electronics
Evasc Medical Systems Corp.,False,True,90,dehas medical systems
EVE Ernst Vetter GmbH,False,False,56,biosense webster
Even Realities Ltd.,False,False,63,medfacilities betrieb
Eventum Orthopaedics Ltd,False,False,80,md orthopaedics
Oxford Care LTD,False,False,78,care comfort
European Pharma Group B.V.,True,True,100,european pharma group
Europharma Concepts Ltd,False,False,77,concept for pharmacy
Oxford Heartbeat Ltd,True,True,100,oxford heartbeat
Oxford Immune Algorithmics Limited,False,False,62,oxford immunotec
Evira A.B.,False,False,75,eica ab
Evodental Implant Centre,False,False,65,hasharon dental center
Evolan Pharma AB,True,True,100,evolan pharma ab
Evolution Dental Studio,False,False,77,mayclin dental studio
Evolutis SAS,False,False,80,evolutis
Evolve Denture Studio,False,False,67,hall dental studio
evonos GmbH & Co. KG,True,True,100,evonos gmbh co kg
Evoque Dental Lab Ltd,False,False,69,dental esse srl
Exabone GmbH,True,True,100,exabone
Exact Diagnostics LLC,True,True,100,exact diagnostics
Exact Imaging Inc.,True,True,100,exact imaging
Exactech Inc.,False,False,75,teratech
ExamenLab Ltd,False,False,71,dreamlab
ExamVision ApS,False,True,97,exam vision aps
"EXBIO Praha, a.s.",True,True,100,exbio praha a s
Excel Dental Ceramics,False,False,67,ceramtec dentalvertriebs
Excel Dental Laboratory,False,False,67,aesthetic experts laboratory
Excel Mobility Manufacturing Corporation Ltd.,True,True,100,excel mobility manufacturing
"EXCELDENT Dental Technology Development Co., Ltd.",False,False,70,hebei bio high technology development co ltd
Excellence dental,False,False,71,ecg excellence bv
Excelsior Medical LLC,False,True,88,excelsius medical
Exco InTouch Limited (Now Part of Clario),False,False,54,crosstex private limited
Exelint International Co.,False,True,88,expert international
Exergen Corporation,True,True,100,exergen
Evident Corporation,True,True,100,evident
Evident Dental Co. Limited,False,False,77,queen dental
Oxford Immunotec Ltd,True,True,100,oxford immunotec
Oxford University Hospitals NHS Foundation Trust,False,False,56,bedford hospital bedfordshire hospitals nhs foundation trust
Exoatlet Global,True,True,100,exoatlet global
exocad GmbH,True,True,100,exocad
EXONEURAL NETWORK AB,True,True,100,exoneural network ab
ExpHand Prosthetics Ltd,True,True,100,exphand prosthetics
Expressions Dental Studio,False,False,70,mayclin dental studio
eXroid Technology Ltd,True,True,100,exroid technology
eXRt Intelligent Healthcare,False,False,69,bes healthcare ireland
ExSeed Health ApS,False,False,74,opentelehealth aps
Exstent Limited,True,True,100,exstent
Exsurgo Limited,False,False,73,urgo
ExtroStyle srl,False,False,69,extro style srl
exyo design ltd,False,False,80,we design
Eye 2 Eye Vision Ltd,False,False,67,i see vision technology
Eye Care Centre (Spalding) Limited,False,False,63,heyer care co ，ltd
Eye Clinic Opticians,False,False,65,medicap clinic
Eye Connexion,False,False,73,confexion
Eye Folk Opticians,False,False,62,evolve optical
Eye See You Ltd,False,False,63,eyesense
Eye Technology Ltd,True,True,100,eye technology
Eye to the Future Ltd,False,False,59,future care s r l
Eye vision ltd,False,False,80,neo vision
EyeCare Merry Hill,False,False,67,mercury eyewear
Eyecare Mobile Opticians Ltd,False,False,70,leica eyecare
EyeFree Assisting Communication Ltd,False,False,60,stryker communications
Eyeland Ltd,False,False,77,hyland
EyeNext S.r.i,False,False,67,iris eye
"Eyenuk, Inc.",True,True,100,eyenuk
Eyeol UK Ltd,True,True,100,eyeol uk
EXINI Diagnostics AB,True,True,100,exini diagnostics ab
Exmoor Plastics Ltd.,True,True,100,exmoor plastics
Oxford University Hospitals NHS Foundation Trust,False,False,56,bedford hospital bedfordshire hospitals nhs foundation trust
Oxford University Hospitals NHS Trust,False,False,52,prótesis hospitalarias
Eyes Right Opticians,False,False,60,retinsight
Eyescope Ltd,False,False,70,de endoscope
EyeSense Eyecare Ltd,False,False,77,eyecare eyewear
Eyesight Electronics ltd,False,False,76,rehan electronics
Eyesite Opticians,False,False,67,liteoptics
Eyesite Practices Limited,False,False,67,esteve pharmaceuticals
Eyespace Eyewear Ltd,True,True,100,eyespace eyewear
Eyetech (Street) Limited,False,False,64,seletec srl
Eyetech CLM Ltd,False,False,84,meyetech
"EyeTech Digital Systems, Inc.",True,True,100,eyetech digital systems
EyeV Ltd,False,False,80,eyevan
EYEVAN Inc.,True,True,100,eyevan
Eyewear by ROI,False,False,72,red eyewear
Eyewear Creations Ltd,False,False,75,coblens eyewear
Eyeworks Redhill Ltd,False,False,71,eyeworks 3 sarl
EyeYon Medical Ltd,True,True,100,eyeyon medical
EYO MATRIX SYSTEMS LTD,False,False,74,biomatrix system srl
Eyoto Group Ltd,True,True,100,eyoto group
"EZ-Care Solution Solution Co., LTD",False,False,64,motion solutions
EziDrops Ltd,True,True,100,ezidrops
"Ezisurg Medical Co., Ltd",False,False,77,i com medical
EziVein Ltd.,False,False,62,vivian
EzyAs,False,False,71,ezyas abc
EzyGain S.A.S,False,False,71,sbo hearing a s
F Care Systems NV,False,True,90,f care systems
F R Galantai Manufacturing Company Limited,True,True,100,f r galantai manufacturing
F.E. CARDOZO LIMITED,True,True,100,f e cardozo
Oxford VR,False,False,57,oxoid
Eyerising International Pty Ltd,False,False,76,espak international pvt
Eyes London Barking ltd T/A Aves opticians,False,False,52,xiantao lingyang plastic co ltd
Oxitone Medical Ltd,True,True,100,oxitone medical
Oxoid Deutschland GmbH,False,False,81,sds deutschland
Oxoid Limited,True,True,100,oxoid
Oxylitre Holdings Limited,True,True,100,oxylitre holdings
Oxynov Inc.,True,True,100,oxynov
"Facet Technologies, LLC",False,True,91,at technologies
Facial Form,False,False,63,ato form
Factor 50 Ltd,False,False,67,m factory bv
Fagron UK Ltd,False,False,67,fiagon
FaHRAS Ltd,False,False,67,farapulse
Fairfax Medical Products Ltd,True,True,100,fairfax medical products
Fairtility Ltd,True,True,100,fairtility
Falcon Medical Italia S.r.l,False,True,88,falcon medical italia srl
Falcon Medical Polska Sp Z.o.o,False,False,81,integris medical polska sp z o o
Falcon Surgical Co. (Pvt) Ltd.,False,False,72,surgical concepts
Falkirk Courtyard Dental,False,False,59,cardio dental ε ε
Falkirk VE Ltd,False,False,56,aktivmed
Fame Devices Corporation (Pvt.) Ltd,False,True,93,fame devices corporation private
Family Dental Care,False,False,71,cardex dental
Fannin (UK) Ltd,False,False,60,fannin uk ltd measham
Fannin (UK) Ltd (Espiner),True,True,100,fannin uk ltd espiner
Fannin Ltd,False,False,62,frankenman
"Fapomed - Dispositivos Medicos, S.A.,",False,True,92,fapomed dispositivos médicos
"Farapulse, Inc.",True,True,100,farapulse
Finesse Dental Laboratory Ltd,False,False,68,final dental lab
F.M. S.p.A.,False,True,89,a m p a s
fabio giuliani,False,False,71,giuliani s p a
FÁBRICA DE ARTEFATOS METALÚRGICOS ITA LTDA.,False,True,99,fábrica de artefatos metalúrgicos itá ltda
"Fabrication Enterprises, Inc.",False,False,76,tiburon medical enterprises
Fairmont Medical Products Pty Ltd,True,True,100,fairmont medical products pty
Farmaban S.A.,True,True,100,farmaban
Farmaka srl,False,False,83,mar farma srl
FARMASOL TIBBİ ÜRÜNLER SAN. VE TİC. A.Ş.,False,False,83,di̇a pro tibbi̇ ürünler san ve ti̇c a ş
Farmigea S.p.A.,True,True,100,farmigea s p a
FARO S.p.A.,False,True,86,fater s p a
Fasaj Group Limited,False,False,73,arazy group
Fasciotens GmbH,False,False,63,ns biotec
"Faspro Systems Co., Ltd.",False,False,76,copra system
Fast MDx Ltd,False,False,67,omda as
Fast Track Diagnostics Luxembourg SARL,False,False,82,fast track diagnostics s à r l
FASTMEDITALIA S.R.L,True,True,100,fastmeditalia s r l
Fatcube AI Limited,False,False,71,fuse ai
FaTech Diagnostics Europa B.V.,False,True,94,fa tech diagnostics europe
Faversham Optical Ltd,False,False,79,merchamp optical
"Faxitron Bioptics, LLC (A Hologic Company)",False,False,54,beijing itrason technologies co
Fazzini s.r.l,False,False,78,fimi s r l
FB Dermatology,False,False,82,fb dermatology s r l
FE-Group S.r.l,False,True,90,cec group s r l
FE-GROUP S.R.L.,False,True,90,cec group s r l
"Feather Safety Razor Co,. Ltd.",True,True,100,feather safety razor co
Feather Safety Razor Co. Ltd,False,True,93,feather safety razor co
febromed GmbH & Co.KG,False,False,81,dekumed gmbh co kg
Feebris Ltd,True,True,100,feebris
Feedback Medical Limited,False,False,79,ewac medical
Mom Incubators Ltd,False,False,60,milon industries
Farla Medical Healthcare Ltd,True,True,100,farla medical healthcare
Farma Derma s.r.l,True,True,100,farma derma s r l
OxyPrem AG,False,False,80,oxypharm
"Oxytek Medical Technology Co., Ltd.",False,False,83,medico technology co
FEG Textiltechnik Forschungs- und Entwicklungsgesellschaft mbH,False,False,62,hum gesellschaft für homecare und medizintechnik mbh
FEHLING INSTRUMENTS GmbH & Co. KG,True,True,100,fehling instruments gmbh co kg
FELIXDENTLTD,False,False,63,deldent
Femasys Inc.,True,True,100,femasys
Femcare Ltd,True,True,100,femcare
femtos GmbH,False,False,67,dentos
Fen House Dental Practice,False,False,64,metaux precieux dental
"Fengh Medical Co., Ltd.",True,True,100,fengh medical co
"Fengh Medical Co., Ltd.",True,True,100,fengh medical co
Fenland dental laboratory ltd,False,False,69,clonallon laboratories ireland
Fennica Dental Laboratory LTD,False,False,68,final dental lab
FENTEX medical GmbH,True,True,100,fentex medical
FEops NV,True,True,100,feops nv
Ferguson Family Eye Care Limited,False,False,58,westfalen care
Ferndale Pharmaceuticals Ltd,False,False,82,essential pharmaceuticals
Ferno (UK) Limited,False,False,64,ferno slovakia
Ferno Canada,True,True,100,ferno canada
Ferno Italia S.R.L,False,True,86,expo italia s r l
Ferno Slovakia s.r.o,False,False,83,innova slovakia s r o
Ferno Washington Inc,False,False,64,endo passion
"Ferrer Internacional, S.A.",True,True,100,ferrer internacional
Ferrers Dental Technology Ltd.,False,False,78,mem dental technology co
Finesse Tech Laboratory Limited,False,False,68,laboratoires fijie
"FEEL TECH Co., Ltd.",False,False,76,elltec co
FeelTect Ltd,False,False,71,eyetec
FertiPro nv,False,False,84,fertipro
Fesia Technology S.L.,False,True,89,fesia technology
FGX Europe Ltd,False,False,84,gc europe
"FHC, Inc",True,True,100,fhc
Fiab SpA,False,False,78,spatz fgia
Fiagon GmbH,True,True,100,fiagon
Fiberoptics Technology Inc,True,True,100,fiberoptics technology
FIBRALIGN CORP.,True,True,100,fibralign
Fibronostics US Inc.,False,False,72,bionostics
Fident Implant Laboratory Ltd,False,False,71,korea dental implant
Fidia Farmaceutici S.p.A.,True,True,100,fidia farmaceutici s p a
Filippini & Gray,False,False,56,terumo philippines
Fillauer Europe AB,True,True,100,fillauer europe ab
FIM Medical,False,True,95,fim médical
FIMA Global Brands Ltd,True,True,100,fima global brands
FIMI S.r.l.,True,True,100,fimi s r l
FIN-CERAMICA FAENZA S.p.A.,False,True,88,fin ceramica faenza spa
Final Dental Lab Ltd,True,True,100,final dental lab
Finapres Medical Systems BV,False,False,78,biodex medical systems
FINDEX Inc,True,True,100,findex
Fine Art Ceramics Ltd,True,True,100,fine art ceramics
fine art dental studio ltd,False,False,74,mayclin dental studio
"Finemedix Co., Ltd.",True,True,100,finemedix co
"Finess Healthcare Group Co.,Ltd",False,False,71,ltc healthcare europe
New Smile Lab ltd,False,False,67,ncs lab srl
Ferris Mfg. Corp.,False,False,71,ferring
FERROSAN MEDICAL DEVICES A/S,True,True,100,ferrosan medical devices a s
Oy Finnsusp Ab,True,True,100,oy finnsusp ab
FIRALIS SA,True,True,100,firalis sa
Firefly Global,True,True,100,firefly global
Firefly Orthoses (N.I.) Limited,False,False,80,firefly orthoses roi
Firgrove  Dental Laboratory,False,False,62,final dental lab
"First Care Products, Ltd.",True,True,100,first care products
First Contact Opticians Ltd,False,False,63,conant optics jiangsu co ltd
First Databank UK Ltd,False,False,52,lc partners uk
First Impressions,False,False,62,vision rt
First Impressions Denture Centre Limited,False,False,53,professional dietetics s p a
First Scientific Dental GmbH,False,False,79,eth scientific s r l
First Scientific Dental GmbH,False,False,79,eth scientific s r l
First Scientific Dental Materials GmbH,False,False,68,fisher scientific as
FIRSTAR  HEALTHCARE COMPANY LIMITED (GUANGZHOU),True,True,100,firstar healthcare company limited guangzhou
Fisher & Paykel Healthcare Ltd,True,True,100,fisher paykel healthcare
Fisher Diagnostics Inc.,False,True,86,sener diagnostics
Fitbit LLC,False,False,62,lbt kft
Fitech UK Ltd,False,False,74,suntech uk
Fittydent International,True,True,100,fittydent international
Fittydent International GmBH,True,True,100,fittydent international
Five Lives SAS,False,False,83,five lives
Fixnip Ltd.,True,True,100,fixnip
Fixus BV,True,True,100,fixus bv
Fizimed SAS,False,False,78,fizimed
FKG Dentaire SA,False,False,71,ugin dentaire
Freedom Cheadle Hulme Limited,False,False,54,freedom concepts
Finn Dental Specialists,False,False,74,k dental partner in specialties
FIOR & GENTZ Gesellschaft für Entwicklung und Vertrieb von orthopädietechnischen Systemen GmbH,False,True,98,fior gentz gesellschaft für entwicklung und vertrieb von orthopädietechnischen systemen mbh
Oy Reagena Ltd,False,True,100,reagena oy
Oysta (Clena Ltd),False,False,64,e pros co ltd
Fleetwood Dental Laboratory,False,False,61,clonallon laboratories
Fleischhacker UK LLP,False,False,73,fleischhacker gmbh co kg
Fleming Ind Inc dba Iron Duck,False,False,51,independent feeding device
Fleming Medical,True,True,100,fleming medical
Flen Health NV,False,False,75,flen health pharma
Fleur Laboratory Ltd,False,False,80,fuller laboratories
Flexicare Medical Ltd,True,True,100,flexicare medical
Flexident Limited,False,False,75,flexdex
FlexMedics Inc.,True,True,100,flexmedics
Flo Back Ltd,False,False,63,bausch lomb
Floe Oral Care Limited,True,True,100,floe oral care
Flok Health Ltd,False,False,82,fimo health
Flora Orthodontics,False,False,81,modern orthodontics
Florio GmbH,False,False,77,fluoron
Florri--Feme Pharmaceuticals Ltd.,False,False,81,merz pharmaceuticals
Flow Neuroscience AB,True,True,100,flow neuroscience ab
flow-meter™ SpA,False,False,80,flow meter s p a
FLUOPTICS SAS,True,True,100,fluoptics sas
Fluoron GmbH,True,True,100,fluoron
Focal Heathcare Inc,False,False,83,bocahealthcare
"Focalyx Technologies, LLC",False,False,81,opia technologies
Focus full arch ltd,False,False,61,acufocus
Focus Surgery Inc.,True,True,100,focus surgery
"Fogg System Company, Inc.",False,False,72,osstem implant co
Freedom One Life,True,True,100,freedom one life
Flamor Srl,True,True,100,flamor srl
"Flat Medical Co., Ltd",True,True,100,flat medical co
Oystershell NV,True,True,100,oystershell nv
Ozdent Pty Ltd,True,True,100,ozdent pty
Ørgreen Optics A/S,True,True,100,ørgreen optics a s
P & A Dental Lab,False,False,77,access dental lab
P & A Morgan Optical Ltd,False,False,71,korea optical co
Fontus Health Ltd,True,True,100,fontus health
Foot Science International Limited,False,False,81,boston scientific international
Foothealth UK Ltd,False,False,70,koa health
Footlabs Ltd,False,False,75,formlabs
ForaCare Suisse AG,True,True,100,foracare suisse
"Foremount Enterprise., Co. Ltd.",False,True,93,foremount enterprise co
"Foreseeson Custom Displays, Inc.",True,True,100,foreseeson custom displays
Foreseeson UK Ltd,False,False,64,foresee line
"Foresight Imaging, LLC.",False,False,71,eos imaging
"FORESIGHT TECHNOLOGY CO., LTD.",False,True,86,imsight technology co
FormAL Group Ltd,False,False,73,bray group
Formatk Systems Ltd,True,True,100,formatk systems
Formby Dental Laboratory Ltd,False,False,67,dermadry laboratories
Formlabs Ohio Inc.,True,True,100,formlabs ohio
formulae software,False,False,72,infomed software sl
FORTUNE COMPANY LIMITED C/O UCHEE GROUP LIMITED,False,False,61,great future optics co limited
Fortune Medical Instrument Corp.,True,True,100,fortune medical instrument
Forum Engineering Technologies (96) Ltd,False,False,72,jr engineering medical technologies m sdn bhd
Forus Health Pvt. Ltd.,True,True,100,forus health pvt
Forward Science LLC,False,False,69,edwards lifesciences
Freenome Ltd,True,True,100,freenome
Folkestone Denture Clinic,False,False,63,pentron clinical
FOMED INDUSTRIES INC.,True,True,100,fomed industries
Forth Valley Acute Hospital Trust,False,False,55,value trust co
P & J Hinkins Dental Laboratory,False,False,65,egj jonkers dental laboratorium jonkers
P & P Dental Laboratory Ltd,False,False,68,laboratorios cosmodent s l
"Foshan Biosun Medical Technology Co., Ltd.",False,True,88,foshan anya medical technology co
"Foshan Chuangxin Medical Apparatus Co., Ltd",False,False,78,changzhou garson medical apparatus co
"Foshan Cicada Dental Instrument Co., Ltd.",False,True,94,foshan cicada dental instrument co ltd
"Foshan Cradle Medical Equipment Technology Co.,Ltd",True,True,100,foshan cradle medical equipment technology co ltd
"Foshan HCT Medical Equipment, Ltd.",False,True,87,foshan highway medical equipment
"Foshan Highway Medical Equipment Co., Ltd",False,True,96,foshan highway medical equipment
"Foshan Huafukang Medical Technology Co., Ltd.",False,False,82,hunan hehao medical technology co
"FOSHAN KAIYANG MEDICAL EQUIPMENT CO., LTD.",True,True,100,foshan kaiyang medical equipment co
"Foshan Mason Tech Co.,Ltd.",False,False,70,johnson health tech co
"Foshan Nanhai Anjian Medical Equipment Parts Co.,Ltd",True,True,100,foshan nanhai anjian medical equipment parts co ltd
"Foshan Nanhai ZIANN Medical Apparatus Co., Ltd.",True,True,100,foshan nanhai ziann medical apparatus co
"Foshan Roson Medical Intruments Co., Ltd",False,True,93,foshan roson medical instruments co ltd
"Foshan Shunkangda Medical Tech Co.,Ltd",False,True,94,foshan shunkangda medical tech co
"Foshan SOCO Precision Instrument Co., Ltd.",False,False,73,suzhou helmen precision insturments co ltd
"FOSHAN SUNCARE MEDICAL PRODUCTS CO., LTD",False,False,83,dongguan supercare medical products co
Foshan United Medical Technologies Ltd,True,True,100,foshan united medical technologies
Fresco International 2005,True,True,100,fresco international 2005
P & T Dental Laboratory,False,False,69,tin lok dongguan dental laboratory co
"Fosh Akos Medical Instrument Co., Ltd",False,True,97,foshan akos medical instrument co
"Foshan Achieve Medical Technology Co., Ltd",False,True,95,foshan achieve medical technology co ltd
Richard Gidden Oral Design - London(Uk) Ltd,False,False,54,libella design s r o
"P and G Engineering, Inc.",True,True,100,p and g engineering
FotoFinder Systems GmbH,True,True,100,fotofinder systems
Fotona d.o.o.,False,False,73,hbot d o o
Foundation Consumer Brands LLC,False,False,60,instrumentation difra
"Foundation Medicine, Inc.",True,True,100,foundation medicine
Foundry Dental Laboratory,False,False,70,dermadry laboratories
Fountain Digital Labs Limited,False,False,67,human digital twin
Fountain Head Marketing Inc Dba Romet Electronic Larynx,True,True,100,fountain head marketing inc dba romet electronic larynx
Four D Rubber Co Ltd,True,True,100,four d rubber
Fourier Intelligence,False,False,77,shanghai fourier intelligence co
Foursquire ltd,False,False,64,fair squared
Foxham Dental Studio,False,False,84,hall dental studio
FRA PRODUCTION SPA,False,False,74,gesan production srl
"Fractyl Health, Inc.",False,False,74,health beauty
Framed eyewear limited,False,True,88,red eyewear
France Chirurgie Instrumentation SAS,True,True,100,france chirurgie instrumentation sas
France Developpement Electronique,False,False,68,france rachis distribution et developpement
France Reval,False,False,83,vidal france
Francemed,True,True,100,francemed
Francesca Lewis Opticians Ltd,False,False,63,telic france sas
Francis Lavigne Developpement,False,False,65,liam developments
Frank Dental GmbH,False,False,73,kis dental
FRANKLAB SAS,False,False,70,rany sas
FRANTRONICS LTD,False,False,73,dagatronics
Franz Kalff GmbH,False,False,62,kalstein france
P F Humphreys dental laboratories ltd,False,False,67,genes laboratories
"Foshan Zubon Technology CO., Ltd.",False,False,81,foshan xinbao technology co ltd
Fosters Dental Ceramics,False,False,70,forstec dental ab
P K McMullen Opticians,False,False,61,excel optics p
P S Dhillon,False,False,64,hersill s l
Freshvision Optical Ltd T/A Cloughs Opticians,False,False,59,zhejiang aoki medical dressing co ltd
"Freudenberg Medical, LLC",False,False,76,dillenburg medical
Frey Spolka Jawna,False,False,56,flaem nuova spa
FREZYDERM INDUSTRIAL AND COMMERCIAL COMPANY OF COSMETICS MEDICINES NUTRITION SOCIETE ANONYME,False,False,70,gerolymatos international commercial and industrial societe anonyme
"Fridababy, LLC",False,False,59,farmaban
Friends Impex,False,False,67,diamedix impex
Frimley Health NHS Foundation Trust (Frimley Park Hospital),False,False,56,bedford hospital bedfordshire hospitals nhs foundation trust
Frimley Health NHS Foundation Trust (Wexham Park),False,False,51,health market consulting s l
Froggy & CO,False,False,60,floy
FROME DENTAL LABORATORY.,False,False,65,homer ion laboratory co
Front Line Medical Technologies Inc.,True,True,100,front line medical technologies
Frontier NX Limited,False,False,60,n finders
Frontier Therapeutics Limited,False,False,80,insera therapeutics
FROXIMUN AG,True,True,100,froximun
FSM DENTAL MEDIKAL MAK.SAN.TIC.LTD.STI.,False,False,77,gtech dizayn dental medikal makina san ve tic ltd sti
FTM AMBALAJ MEDİKAL İTH. İHR. SAN. VE TİC. LTD. ŞTİ.,True,True,100,ftm ambalaj medi̇kal i̇th i̇hr san ve ti̇c ltd şti̇
Fuhrmann GmbH,True,True,100,fuhrmann
Fuji Dynamics Ltd,False,False,77,fyne dynamics
Fujian Bestway Medical Polymer Corporation,True,True,100,fujian bestway medical polymer
"FUJIAN CHUNHUI MEDICAL SUPPLY CO.,LTD.",False,False,77,cangzhou fukang medical supplies co ltd
"Fujian Dashan Paper Co., Ltd.",False,True,92,fujian dashan paper co ltd
Full Support Healthcare,True,True,100,full support healthcare
P W Coole & Son Ltd Trading as Surgical Holdings,False,True,92,p w coole son ltd t a surgical holdings
Fresenius Medical Care AG,True,True,100,fresenius medical care
Fresenius Medical Care UK Limited,False,True,94,fresenius medical care
P W D L Limited,False,False,67,s l p
FUJIFILM Corporation,False,False,67,fujifilm medwork
FUJIFILM Corporation,False,False,67,fujifilm medwork
Fujifilm Healthcare Americas Corporation,True,True,100,fujifilm healthcare americas
"Fujifilm Irvine Scientific, Inc",True,True,100,fujifilm irvine scientific
FUJIFILM Italia S.p.A,False,False,77,divel italia s p a
FUJIFILM Medwork GmbH,True,True,100,fujifilm medwork
FUJIFILM Medwork GmbH,True,True,100,fujifilm medwork
FUJIFILM Medwork GmbH,True,True,100,fujifilm medwork
FUJIFILM Sonosite Inc,True,True,100,fujifilm sonosite
Fujifilm Sonosite Inc,True,True,100,fujifilm sonosite
FUJIFILM Sonosite Inc,True,True,100,fujifilm sonosite
FUJIFILM Wako Chemicals Europe GmbH,True,True,100,fujifilm wako chemicals europe
FUJIFILM Wako Chemicals Europe GmbH,True,True,100,fujifilm wako chemicals europe
FUJIFILM Wako Pure Chemical Corporation,True,True,100,fujifilm wako pure chemical
FUJIFILM Wako Pure Chemical Corporation,True,True,100,fujifilm wako pure chemical
FUJIFILM Wako Pure Chemical Corporation,True,True,100,fujifilm wako pure chemical
FUJIFLM Sonosite Inc,False,True,97,fujifilm sonosite
"Fujirebio Diagnostics, Inc.",True,True,100,fujirebio diagnostics
Fujirebio Europe N.V.,True,True,100,fujirebio europe
Fujirebio Inc.,True,True,100,fujirebio
"Fukuda Denshi Co., Ltd.",True,True,100,fukuda denshi co
FUKUDA DENSHI UK LTD,False,False,81,fukuda denshi co
Full Arch Technologies Limited,True,True,100,full arch technologies
P W Optics Ltd,False,False,76,wink optics
FUJIFILM Corporation,False,False,67,fujifilm medwork
FUJIFILM Corporation,False,False,67,fujifilm medwork
P. Simpkin Dental Laboratories,False,False,69,laboratorios cosmodent s l
P.& A. Mauch,False,False,63,miat s p a
P.G.F. Industry Solutions GmbH,False,False,72,medical industry solution srl
Furine ApS,False,False,74,brane aps
Furness Dental Laboratory Limited,False,False,66,egj jonkers dental laboratorium jonkers
Furniss Dental Laboratory.,False,False,65,tin lok dongguan dental laboratory co
Furze Dental Laboratory Ltd,False,False,64,dermadry laboratories
Fusion Dental Ceramics Ltd,False,False,68,j b implant and dental ceramics
Fusion Digital Denture Lab (Scotland) Ltd,False,False,55,final dental lab
FUSMobile Israel Ltd.,False,False,62,fisioline srl
Futura Medical Developments Limited,True,True,100,futura medical developments
FUTURA SURGICARE PVT LTD,True,True,100,futura surgicare pvt
Future Diagnostics Solutions B.V.,False,False,76,dhs diagnostic healthcare solutions
Future Fertility,True,True,100,future fertility
Future Health Technologies Limited,True,True,100,future health technologies
FX SOLUTIONS,False,False,83,aq solutions
Fylde Visioncare t/a G R Hardwick Optometrists,False,False,48,voncare medical device co ltd
Fyne Dynamics Ltd,True,True,100,fyne dynamics
Fysicon B.V.,True,True,100,fysicon
FYTO BIOTECH LTD,False,False,78,ctk biotech
"FzioMed, Inc.",False,True,86,fizimed
G & G Biotechnology Ltd,False,True,88,tbg biotechnology
G C Dental Crafts,False,False,74,ats dental
G M Dental Laboratory,False,False,69,tin lok dongguan dental laboratory co
G M Dental Laboratory UK Ltd,False,False,69,tin lok dongguan dental laboratory co
G S Halligan (Dental Laboratory) Ltd,False,False,69,tin lok dongguan dental laboratory co
"FULLSTAR NON-WOVEN PRODUCTS CO., LTD",False,True,94,fullstar non woven products co ltd
"Fung Lead Medical & Sports Co., Ltd.",True,True,100,fung lead medical sports co
FUSION Ceramics Ltd,False,False,75,fine art ceramics
Fusion Dental Laboratory Ltd,False,False,70,final dental lab
P.J.Dahlhausen & Co. GmbH,True,True,100,p j dahlhausen
G. T. Harvey & Partners Ltd,False,False,61,lc partners uk
G.M. CERAMICS.,False,False,67,ceramisys
g.tec medical engineering GmbH,True,True,100,g tec medical engineering
G&N Dental Laboratory Ltd,False,False,72,tin lok dongguan dental laboratory co
G21 Srl,False,False,71,mgf srl
GA Health Company Limited,True,True,100,ga health
Gaam Medical Ltd,False,True,87,ami medical
Gaeta Dental Laboratory Limited,False,False,67,tin lok dongguan dental laboratory co
Gainsborough Healthcare Group Ltd,False,False,73,direct healthcare group
gaitQ Limited,False,False,62,gravitiq iv
Gaitworx Ltd,False,False,62,airex
GaleMed (Xiamen) Co Ltd,False,False,67,galemed
GaleMed Corporation,True,True,100,galemed
Gales Dental Laboratory,False,False,68,genes laboratories
Galgo Medical S.L.,True,True,100,galgo medical s l
Galil Medical Ltd,False,True,88,lily medical
Galt Medical Corp.,False,True,87,lta medical
"Galvanize  Therapeutics, Inc",True,True,100,galvanize therapeutics
GalvoSurge Dental AG,False,False,71,kavo dental
GAMA Healthcare Ltd,True,True,100,gama healthcare
"Gambro Dasco S.p.A, trading as Baxter Medolla",False,False,58,gambro dasco s p a
"Gambro Dialysatoren GmbH, trading as Baxter Hechingen",False,False,66,gambro kathetertechnik hechingen zweigniederlassung der gambro dialysatoren
Gambro Industries trading as Baxter Meyzieu,False,False,59,shenzhen calibeur industries co
Gambro Lundia AB trading as Baxter Lund,False,False,58,gambro lundia ab
Gambro Renal Products S.A. de C.V. trading as Baxter Tijuana,False,False,66,gambro renal products sa de cv
Genomics LTD,False,True,86,nomics
G W Ceramics Dental Laboratory,False,False,66,tin lok dongguan dental laboratory co
G. Pohl-Boskamp GmbH & Co. KG,True,True,100,g pohl boskamp gmbh co kg
P.L. Superior Dental Materials GmbH,False,False,70,promedica dental material
P.M. Dental Ceramics.,False,False,72,j b implant and dental ceramics
Ganesh Limited,False,False,62,anestek
Gannow Dental Laboratory Ltd,False,False,69,tin lok dongguan dental laboratory co
Ganshorn Medizin Electronic GMBH,True,True,100,ganshorn medizin electronic
Gap Research Co Ltd,False,False,74,hawest research
Gardhen Bilance SRL,False,True,88,gardhen bilance
Gardiner & Coates.,False,False,62,granberg as
GARMENTEC GROUP LTD,True,True,100,garmentec group
"Garmin International, Inc.",True,True,100,garmin international
Garrison Dental Solutions LLC,True,True,100,garrison dental solutions
Garstang Dental Referral Practice,False,False,55,metaux precieux dental
Garware Fulflex India Private Limited,False,False,68,draeger india private
Gas Control Equipment LTD,True,True,100,gas control equipment
Gastrex Sarl,False,False,75,gasystem srl
Gatema Medical s.ro.,False,False,79,grade medical s r o
GATT Technologies B.V.,True,True,100,gatt technologies
"GAUKE Healthcare Co., Ltd.",True,True,100,gauke healthcare co
"Gauthier Biomedical, Inc.",True,True,100,gauthier biomedical
Gavin Caves Orthodontics,False,False,71,american orthodontics
GBUK  Group Ltd,True,True,100,gbuk group
GC Europe N.V,True,True,100,gc europe
GC Orthodontics Europe GmbH,True,True,100,gc orthodontics europe
GC Tech Europe GmbH,True,True,100,gc tech europe
GC UNITED KINGDOM LIMITED,False,False,79,3m united kingdom plc
GCE s.r.o.,True,True,100,gce s r o
"Getein Biotech, Inc.",True,True,100,getein biotech
Gamida Tech S.A.R.L.,False,False,75,md tech s r l
GANA R&D Co. Ltd.,False,False,84,gana r d co
P&C Dental Laboratory Limited,False,False,72,laboratorios cosmodent s l
GE Healthcare (Tianjin) Company Limited,True,True,100,ge healthcare tianjin
GE Healthcare Austria GmbH & Co OG,True,True,100,ge healthcare austria gmbh co og
GE HealthCare Coils,False,True,86,ge healthcare as
GE Healthcare Finland Oy,True,True,100,ge healthcare finland oy
GE Healthcare GmbH,True,True,100,ge healthcare
GE Healthcare IITS USA Corp also doing business as GE Healthcare,False,False,54,ge healthcare bio sciences s a u
GE Healthcare Japan Corporation,True,True,100,ge healthcare japan
"GE Hualun Medical Systems Co., Ltd.",False,True,94,ge hualun medical systems
"GE Medical Systems (China) Co., Ltd.",False,False,81,contec medical systems co
"GE Medical Systems Information Technologies, Inc",True,True,100,ge medical systems information technologies
"GE Medical Systems Information Technologies, Inc.",True,True,100,ge medical systems information technologies
"GE Medical Systems Israel, Functional Imaging",False,True,100,"ge medical systems israel"" functional imaging"
GE Medical Systems S.C.S,False,True,86,ge medical systems
GE Medical Systems SCS,False,True,91,ge oec medical systems
GE Medical Systems Ultrasound & Primary Care Diagnostics LLC,False,True,96,ge medical systems ultrasound and primary care diagnostics
"GE Medical Systems Ultrasound and Primary Care Diagnostics, LLC",True,True,100,ge medical systems ultrasound and primary care diagnostics
"GE Medical Systems Ultrasound and Primary Care Diagnostics, LLC",True,True,100,ge medical systems ultrasound and primary care diagnostics
"GE Medical Systems, LLC",True,True,100,ge medical systems
"GE Medical Systems, LLC",True,True,100,ge medical systems
"GE Medical Systems, LLC",True,True,100,ge medical systems
P&G DENTAL LABORATORY,False,False,69,tin lok dongguan dental laboratory co
GE BE PRIVATE LIMITED,True,True,100,ge be private
"GE Hangwei Medical Systems Co., Ltd.",True,True,100,ge hangwei medical systems co
P&G HEALTH FRANCE SAS,False,False,72,kahlity france sas
P&S HEALTHCARE LTD,False,True,86,nrs healthcare
GE Vingmed Ultrasound AS,True,True,100,ge vingmed ultrasound as
GE.& AJ. GIBBS DENTAL LABORATORY.,False,False,64,tin lok dongguan dental laboratory co
Gebauer Medizintechnik GMBH,True,True,100,gebauer medizintechnik
Gebr. Brasseler GmbH & Co. KG,True,True,100,gebr brasseler gmbh co kg
Geister Medizintechnik GmbH,True,True,100,geister medizintechnik
Geistlich Pharma AG,True,True,100,geistlich pharma
Gel Ovations Europe Limited,True,True,100,gel ovations europe
Gelflex,False,False,80,teleflex
GELITA MEDICAL GmbH,False,True,92,elit medical
GelPacks Direct Ltd,False,True,97,gel packs direct
Gem Imports Ltd,False,False,71,grazie import s l
GEM S.r.l,False,True,89,gmv s r l
Gemma Medical Services GmbH,False,True,98,gemma medical service
Gemtier Medical (Shanghai) Inc.,False,False,79,shanghai caremate medical device
Gene by Gene Ltd,False,False,67,greiner bio one
Genea Biomedx Pty Ltd,True,True,100,genea biomedx pty
Genedrive Diagnostics Ltd.,True,True,100,genedrive diagnostics
GeneFirst Limited,True,True,100,genefirst
GeneMe,False,False,77,gynemed
genEplanet d.o.o.,False,False,77,mojplanet d o o
GeneProof a.s.,False,False,69,genetic s p a
"General Life Biotechnology Co., Ltd.",True,True,100,general life biotechnology co
Glass and Glass,False,False,60,artiglass s r l
GE Parallel Design,True,True,100,ge parallel design
"GE Ultrasound Korea, Ltd",True,True,100,ge ultrasound korea
P+F Products and Features GmbH,False,False,68,fap first aid products
P3 Medical Ltd,True,True,100,p3 medical
GeneReach Biotechnology Corp.,True,True,100,genereach biotechnology
"Genesee BioMedical, Inc",False,False,82,yasee biomedical
Genesis Dental Ceramics Ltd,False,False,68,ceramtec dentalvertriebs
Genesis Dental Laboratory Ltd,False,False,70,genes laboratories
Genetic Analysis AS,True,True,100,genetic analysis as
Genetic Signatures Ltd,True,True,100,genetic signatures
"Genetron (Wuxi) Biotech Co., Ltd.",False,False,76,genejet biotech co
Geneva Marketing (1998) Ltd,False,False,58,ce marking
"Genia Medical, Inc.",False,True,90,agenoria medical
Genimpex srl,True,True,100,genimpex srl
GENINCODE SLU,False,False,64,genimpex srl
GenMark Diagnostics,True,True,100,genmark diagnostics
Genmed Enterprises International Ltd,True,True,100,genmed enterprises international
Genmed Enterprises LTD,True,True,100,genmed enterprises
Genmed Enterprises Ltd,True,True,100,genmed enterprises
Genmed Enterprises UK LTD,False,True,92,genmed enterprises
Genny Factory SA,False,False,69,lemma factory
"Genobio Pharmaceutical Co., Ltd",False,False,81,inovio pharmaceuticals
Genomadix Inc,False,False,63,athenadiax
Genome Diagnostics B.V.,True,True,100,genome diagnostics
Genome Research Limited,False,False,71,leadtek research
"Genomic Health, Inc.",True,True,100,genomic health
General Scientific Corporation,True,True,100,general scientific
General Topics Srl,True,True,100,general topics srl
P3 Phoenix Pipeline Products Limited,True,True,100,p3 phoenix pipeline products
PA Vision Ltd,False,False,80,koba vision
PAAR LONDON LIMITED,False,False,58,gilardoni spa
Pabari Dental Clinics limited,False,False,68,access dental lab
Pacey MedTech Ltd,False,False,76,meditech sachsen
"Pacific Hospital Supply Co., Ltd.",True,True,100,pacific hospital supply co
"Pacira Pharmaceuticals, Inc.",True,True,100,pacira pharmaceuticals
Pacor Dental Ceramics t/a The Glass House Dental Ceramics.,False,False,50,j b implant and dental ceramics
"PACSHealth, Ltd.",False,False,78,aehealth
"Paige.AI, Inc.",True,True,100,paige ai
George Szekely  Dental Laboratory LTD,False,False,64,tin lok dongguan dental laboratory co
Georgina O'Callaghan,False,False,59,giorgio cingolani
PainChek Ltd,True,True,100,painchek
Paintcraft Limited T/AS Hospital Aids,False,False,54,hospital metalcraft
Genoss Co. Ltd.,False,False,80,genoss co
Genostis AG,False,False,74,trignostics
Gensmile Dental Care LTD,False,False,70,mcd medical care dental
GenSure Biotech Inc.,True,True,100,gensure biotech
Genta Environmental Ltd t/a Genta Medical,False,False,65,henan geesion medical devices co ltd
Gentherm Medical LLC,False,True,91,geratherm medical
Gentian AS,True,True,100,gentian as
Gentle Dental Implant and Cosmetic Centre,False,False,69,j b implant and dental ceramics
"Gentuity, LLC",True,True,100,gentuity
GenX MediCare Ltd,False,False,83,medicare hygiene
Genzyme Corporation,False,False,67,agensmed
George House Dental Laboratory,False,False,64,egj jonkers dental laboratorium jonkers
"Genray Hangzhou Life Techology Co., Ltd",False,False,80,hangzhou bio gener technology co
"George King Bio-Medical, Inc.",False,False,70,geo medical co
GetSet Surgical SA,True,True,100,getset surgical sa
Geuder AG,True,True,100,geuder
GF Health Products Inc.,True,True,100,gf health products
GfM mbH,True,True,100,gfm mbh
GGDENTAL LIMITED,False,False,78,megadental
Ghimas S.p.A,True,True,100,ghimas s p a
Ghost Dental Laboratory,False,False,65,egj jonkers dental laboratorium jonkers
GI Cognition Ltd,False,False,64,conextions
GI Supply,False,False,70,medical supply
Gianbi Limited,False,False,67,guanxi
Gibson's Dental Laboratory Limited,False,False,71,instrumentation laboratory spa
Gilbert Opticians,False,False,69,gilbert innovation
Gillingham Dental Laboratory.,False,False,65,tin lok dongguan dental laboratory co
Gima Spa,True,True,100,gima spa
Gimmi GmbH,False,False,67,gmmc
Gipsy Lane Advanced Dental Care,False,False,71,dental advance sl
GISKIT MD B.V.,True,True,100,giskit md
Givas S.r.l,False,False,80,gmv s r l
Given Imaging Inc.,True,True,100,given imaging
GJM Implant Services Ltd,False,False,77,j b implants services bv
GKC Manufacturing Pty. Ltd,True,True,100,gkc manufacturing pty
Glance Optical Pty Ltd,False,False,65,class optical
Glasgow Dental Hospital and School,False,False,56,hu fa dental a s
Glasgow Denture Studio Ltd,False,False,65,hall dental studio
Glasgow Fort V.E. Limited,False,False,59,n v organon
Glasgow Orthodontics,False,False,74,db orthodontics
NGPOD Global Limited,True,True,100,ngpod global
"GeTrust (Xiamen) Medical Technology Co., Ltd.",False,True,95,getrust xiamen medical technology co ltd
Getsch & Hiller Medizintechnik GmbH,False,True,100,getsch + hiller medizintechnik
NGS HEALTH AND MIND S.L.,True,True,100,ngs health and mind s l
PAJUNK GmbH Medizintechnologie,True,True,100,pajunk gmbh medizintechnologie
Pak Dentures LTD,False,False,67,sure dent
Richard Mullins Dental Laboratory Ltd,False,False,69,laboratoires m richard
Gleamer,False,False,71,galemed
Glebe Dental Laboratory,False,False,65,egj jonkers dental laboratorium jonkers
Global Biomedica s.r.o.,False,False,79,biomedical s r l
Global Health and Safety,True,True,100,global health and safety
Global Health Technology AS,True,True,100,global health technology as
Global Hearing Solutions Ltd,False,False,79,global medical solutions
Global Instrumentation LLC,False,False,79,instrumentation difra
Global Manufacturing Technology Pty Ltd,True,True,100,global manufacturing technology pty
Global Medikit Limited,True,True,100,global medikit
Global Ortho Solutions Sp. z.o.o.,False,False,68,global solution sàrl
Global Scientific,False,False,80,general scientific
Global Smiles Limited,False,False,83,seil global
Global Surgical Corporation,True,True,100,global surgical
"Globalcare Medical Technology Co., Ltd",False,False,81,guangzhou icare medical technology co
Globis Trading,False,False,74,medos trading
Globus (Shetland) Ltd,True,True,100,globus shetland
"Globus Medical, Inc.",False,False,83,gs medical
GLOMARKET BV,True,True,100,glomarket bv
Glooko Inc.,False,False,80,glooko ab
GLOS MEC Ltd,False,False,67,gloor medical
Gloucester Managed Service,False,False,69,eor management services
Gloucester VE Ltd,False,False,58,pau veia ballester
GlucoRx Technologies Ltd,False,False,83,lkc technologies
Glaxo Operations UK Limited,False,False,63,rci operating co
GlaxoSmithKline Trading Services Limited,True,True,100,glaxosmithkline trading services
GLIMMER (PVT) LIMITED,False,False,67,hilmed pvt
PakuMed Medical Products gmbh,True,True,100,pakumed medical products
PAL International Ltd,True,True,100,pal international
GM Instruments Ltd,True,True,100,gm instruments
"GMDASZ Manufacturing Co., Ltd.",False,False,75,awc manufacturing
GMMI Sdn Bhd,True,True,100,gmmi sdn bhd
GMMI SDN. BHD.,True,True,100,gmmi sdn bhd
GMV srl,False,True,92,mv srl
GN Hearing A/S,False,False,80,gn hearing care s a u
GN MED s.r.l.,False,True,88,gms med s r l
GN Resound A/S,False,False,67,rand s p a
Go Dent Laboratory LTD,False,False,68,laboratorios cosmodent s l
Go Digital-Dental Laboratories Ltd,False,False,69,clonallon laboratories
Go Medical Industries Pty Ltd,True,True,100,go medical industries pty
Go Tooth Dental Laboratory LTD,False,False,67,tin lok dongguan dental laboratory co
Godalming V.E. Limited,False,False,58,vpi holding
Gofarm Sp.z o.o. sp.k.,True,True,100,gofarm sp z o o sp k
Gola Creations Ltd,False,False,64,cerenion oy
Gold Standard Diagnostics,True,True,100,gold standard diagnostics
Gold Standard Diagnostics Frankfurt GmbH,False,False,83,gold standard diagnostics
Goldsite Diagnostics Inc.,True,True,100,goldsite diagnostics
Goldtech Dental Laboratory Ltd,False,False,65,laboratorios diet esthetic
Goldthorn Dental Laboratory,False,False,64,homer ion laboratory co
Gomina AG,True,True,100,gomina
Gompels HealthCare Ltd,False,False,84,ge healthcare
Good Boost Wellbeing Limited,False,False,55,wellcare eood
Good Medica Sp. z o.o,False,True,85,apd medical sp z o o
Hartsbourne Ceramic Laboratory Ltd,False,False,64,homer ion laboratory co
Glycorex Transplantation AB,True,True,100,glycorex transplantation ab
GM Den Lab LLP,False,False,61,lio g lab
Palette Life Sciences,True,True,100,palette life sciences
Palette Life Sciences,True,True,100,palette life sciences
Goodnight Cramp,False,False,58,modulight
Goodpoint Chemicals OU,False,True,98,goodpoint chemicals oü
GOODWOOD MEDICAL CARE LTD,True,True,100,goodwood medical care
GOQii UK Limited,False,False,56,oxipit uab
Gordon Ellis & Co.,True,True,100,gordon ellis
Gordon Watters Dental Laboratory,False,False,67,tin lok dongguan dental laboratory co
Gorilla Glue Europe Ltd,True,True,100,gorilla glue europe
Gosal Orthodontics Ltd,False,False,79,db orthodontics
GOTOP Medical Inc.,True,True,100,gotop medical
Gower Health & Fitness Solutions Limited,False,False,68,365 health solutions
Gower Opticians,False,False,72,gem optics
GP Automate,False,False,60,uromaster
GP Medical Devices A/S,False,False,82,rms medical devices bv
GP Triage Ltd,False,False,63,trimed pvt
GPC Dental Laboratory,False,False,67,diplomat dental s r o
GPQ s.r.l.,False,False,78,gmv s r l
Gr8full Ltd,False,False,57,fulltec
"Grace Medical, Inc",False,True,87,greatcare medical
Gradientech AB,True,True,100,gradientech ab
Graham Coe Ltd T/A Graham Coe Opticians,False,False,55,great future optics co limited
Graham Gardner Orthodontics,False,False,71,american orthodontics
Graham Makey Dental Laboratory (Gmdl,False,False,64,tin lok dongguan dental laboratory co
Grahams Natural Alternatives Pty Ltd,True,True,100,grahams natural alternatives pty
"GRAIL, Inc",True,True,100,grail
"Grand Work Plastic Products Co., Ltd.",True,True,100,grand work plastic products co
GRANDVISION TECH CENTRE UK LIMITED,False,False,64,grandvision supply chain
Grant Wilson Laboratory Ltd,False,False,70,acon laboratories
Good-Lookers (London) Limited,False,False,54,clonallon laboratories
"Goodman Co., Ltd.",False,False,71,dmax co
Pall Medical A Division of Pall International Sarl,False,False,66,medical systems and devices international
Graphy Inc,True,True,100,graphy
Grason Stadler Inc,False,False,67,gründler
"Great Group Medical Co., Ltd.",True,True,100,great group medical co
Great Lakes Dental Technologies,True,True,100,great lakes dental technologies
Great Lakes NeuroTechnologies Inc,True,True,100,great lakes neurotechnologies
Great Western Hospitals NHS Foundation Trust,False,False,62,bedford hospital bedfordshire hospitals nhs foundation trust
Greatbatch Ltd. d/b/a Greatbatch Medical,False,False,58,createch medical s l
Greater Curve,False,False,62,heater cooler
Greater Glasgow & Clyde NHS,False,False,60,great glove xinghua co
Green Cross Medico Ltd,False,False,69,geo medical co
Green Power Trading UK LTD,False,False,67,exportera trading
Green Smile Lab Limited,False,False,69,green life srl
GreenBone Ortho S.p.A,False,True,85,greenbone ortho spa
Greencosko Co.Ltd,False,False,75,genecast co ltd
Greens Dental Laboratory Ltd.,False,False,67,egj jonkers dental laboratorium jonkers
Greenway Dental Laboratory,False,False,64,dermadry laboratories
Greg Labs LTD,False,False,74,eagle labs
Greiner Bio-One GmbH,True,True,100,greiner bio one
Greiner Bio-One GMBH (Germany),False,False,70,greiner bio one
Greiner GmbH,True,True,100,greiner
Grena (Qingdao) Medical Devices Ltd.,False,False,73,ningbo kangze medical device co
Grena Biomed Limited,True,True,100,grena biomed
Grena Limited,True,True,100,grena
GRETEN Prismaflex GMBH,False,False,60,primax berlin
Gretna Dental Practice,False,False,73,metaux precieux dental
Graphenano Dental SL,False,True,93,graphenano dental s l
Graphene Dental,False,False,78,graphenano dental s l
Pallant Orthodontics Ltd,False,False,80,tangent orthodontics
Palliare Ltd,False,False,70,halicare aps
GRIT Mouthguards,False,False,56,jri orthopaedics
Grosvenor Orthodontics (Chester) Limited,False,False,75,hespeler orthodontics
Grouleff Medical ApS,True,True,100,grouleff medical aps
Group AKM PTY LTD,True,True,100,group akm pty
Groupe Lépine,True,True,100,groupe lépine
Groupe SEBBIN SAS,False,True,87,groupe sebbin
Grove Lane Dental Surgery,False,False,64,dental surgi import sl
Grundium Oy,False,False,67,digifundus oy
Gruppo Europeo di Ortodonzia S.R.L.,True,True,100,gruppo europeo di ortodonzia s r l
Gruppo Farmaimpresa S.r.l,False,True,88,gruppo farmaimpresa srl
Gryphon Dental Laboratory Ltd,False,False,65,tin lok dongguan dental laboratory co
Gryphus Diagnostics LLC,False,False,79,r2 diagnostics
GS Elektromedizinische Geräte G. Stemple GmbH,True,True,100,gs elektromedizinische geräte g stemple
GS Shergill Dental Laboratory,False,False,64,tin lok dongguan dental laboratory co
GSPK Circuits Ltd trading as GSPK Design,False,False,68,krk ltd trading as anis dent
GT Eyecare,False,False,70,leica eyecare
GTS UK Healthcare,False,False,80,ge healthcare
"Guanchi Technology (Hebei) Co., Ltd.",False,False,78,grant technology hk co
"Guangdong Baihe Medical Technology Co., Ltd",True,True,100,guangdong baihe medical technology co
"Guangdong Biolight Meditech Co., Ltd.",True,True,100,guangdong biolight meditech co
"Guangdong Ecan Medical Co., Ltd",True,True,100,guangdong ecan medical co
"GUANGDONG GYMDA MEDICAL TECHNOLOGY CO., LTD",False,True,92,guangdong guyun medical technology co
Guilin Kevin Peter Technology Co Ltd,False,True,95,guilin kevin peter technology co
Griff IVD Ltd,False,False,60,gravitiq iv
Griffiths and Nielsen Ltd,False,False,63,louis nielsen a s
Palmedic BV,False,False,84,palmedic
Palmero Healthcare LLC,True,True,100,palmero healthcare
"Guangdong Meicen Medical Equipment Co., Ltd",False,False,82,guangdong koner medical equipment co
"Guangdong Prestige Technology Co., Ltd.",True,True,100,guangdong prestige technology co
Guangdong Runpon Bioscience Inc.,False,False,71,candore bioscience
"Guangdong Transtek Medical Electronics Co., Ltd.",True,True,100,guangdong transtek medical electronics co
"Guangdong Wesail Biotech Co., Ltd.",False,False,78,guangdong meiji biotechnology co
"GUANGDONG YIKANG MEDICAL CO., LTD.",False,True,87,yiyue medical guangdong co
"Guangdong Yuehua Medical Instrument Factory Co., Ltd.",True,True,100,guangdong yuehua medical instrument factory co
"Guangdong Zhanyuan Smart Science and Technology Co., Ltd.",True,True,100,guangdong zhanyuan smart science and technology co
"Guangzhou Benray Medical Equipment Co., Ltd",False,True,89,guangzhou ajax medical equipment co
Guangzhou Clean Medical Products Manufacturing Corp.,False,False,75,arabian medical products manufacturing company enayah
"Guangzhou Decheng Biotechnology Co., Ltd.",True,True,100,guangzhou decheng biotechnology co
"Guangzhou Fame Medical Co., Ltd",True,True,100,guangzhou fame medical co
"Guangzhou Fengdan Medical Equipment Co., Ltd.",True,True,100,guangzhou fengdan medical equipment co
"Guangzhou iCare Medical Technology Co., Ltd.",True,True,100,guangzhou icare medical technology co
"Guangzhou Improve Medical Instruments Co., Ltd.",False,False,78,hangzhou euprun medical instrument co
Guangzhou JMS Electronic,False,False,78,guangzhou axd electronic co
"Guangzhou KoFa Biotechnology Co., Ltd.",True,True,100,guangzhou kofa biotechnology co
"Guangdong Kindly Medical Device Group Co., Ltd.",False,False,81,jiangsu jinlu group medical device co
"GUANGDONG KINGFA SCI.&TECH. CO., LTD.",True,True,100,guangdong kingfa sci tech co
"Palmero Healthcare, LLC",True,True,100,palmero healthcare
PaloDEx Group Oy,True,True,100,palodex group oy
"Guangzhou Nuoning Medical Supplies Co., Ltd",False,False,78,dongguan quanding medical supplies co
"Guangzhou Pluslife Biotech Co., Ltd.",True,True,100,guangzhou pluslife biotech co
"Guangzhou Qianbao (China) Garment Co., Ltd",True,True,100,guangzhou qianbao china garment co
"Guangzhou Raydose Medical Technology Co., Ltd.",False,True,86,hangzhou mindray medical technology co
"Guangzhou Red Pine Medical Instrument Co., Ltd.",False,True,95,guangzhou red pine medical instrument co ltd
"Guangzhou Sanyan Technology Co., Ltd.",False,False,80,guangzhou jianlang medical technology co
"Guangzhou Shijing Medical Software Co., Ltd.",False,False,74,guangzhou orcl medical co
"Guangzhou Sonostar Technologies Co., Ltd.",False,False,77,guangzhou longest medical technology co
"Guangzhou Sunray Medical Apparatus Co., Ltd.",True,True,100,guangzhou sunray medical apparatus co
"Guangzhou T.K Medical Instrument Co., Ltd",False,False,84,guangzhou red pine medical instrument co ltd
Guangzhou Vesber Biotechnology Co Ltd.,False,False,79,hangzhou testsea biotechnology co
"Guangzhou Wondfo Biotech Co., Ltd.",True,True,100,guangzhou wondfo biotech co
Guangzhou Xinbo Electronic Co Ltd,False,True,88,guangzhou xinbo electronic co ltd
Guardant Health Inc,True,True,100,guardant health
Guidance Dental Lab,False,False,74,final dental lab
Guided Technology Limited T/A Go2Guide,False,False,63,horimed technology co ltd
Guider Dental Manufacturing Solutions LTD,False,False,80,young dental manufacturing i
"Guilin HBM Health Protections, Inc.",True,True,100,guilin hbm health protections
pfm medical hico gmbh,False,False,84,pfm medical cpp
"Guangzhou Maystone Optical Instruments Co., Ltd",False,False,78,hangzhou kailong medical instruments co
"Guangzhou New design Biotechnology Co., Ltd.",True,True,100,guangzhou new design biotechnology co
Paltop Advanced Dental Solutions Inc.,True,True,100,paltop advanced dental solutions
PAM Health Limited,False,True,86,kamu health
Pam Mobility SRL,False,False,82,pam mobility s r l
Panaa LTD,False,False,83,panaxia
"Guilin Zhonghui Technology Co., Ltd.",False,False,79,hui zhou suan technology co
Guisborough Dental Laboratory,False,False,64,eurodrug laboratories
Gulf Fiberoptic,False,True,97,gulf fiberoptics
Guna S.p.a.,True,True,100,guna s p a
Guy's & St. Thomas' Hospital NHS Foundation Trust,False,False,57,bedford hospital bedfordshire hospitals nhs foundation trust
Guymark UK Ltd,False,False,60,mayborn uk
GV Health Ltd,False,True,89,ga health
GVS Filter Technology UK Limited,True,True,100,gvs filter technology uk
GVS Haemotronic S.p.A.,False,True,89,haemotronic s p a
GVS S.p.A,True,True,100,gvs s p a
GX Corporation Sdn Bhd (Specialty Plant),True,True,100,gx corporation sdn bhd specialty plant
GymnaUniphy N.V.,False,False,63,gymna nv
Gynemed GmbH & Co. KG,True,True,100,gynemed gmbh co kg
Gynesonics Inc.,True,True,100,gynesonics
"Gyrus ACMI, Inc.",True,True,100,gyrus acmi
"Gyrus ACMI, Inc.",True,True,100,gyrus acmi
H and L Denture Studio,False,False,70,hall dental studio
H Dickinson & Co Ltd,False,False,67,becton dickinson uk
H G Dental Laboratory,False,False,67,nora dental e k
H J Creative,False,False,71,creative therapy
H R Optics Ltd,False,False,70,thinoptics
"Guilin Royalyze Medical Instrument Co., Ltd.",False,False,82,guilin refine medical instrument co ltd
Guilin Woodpecker Medical Instrument Co Ltd,False,True,96,guilin woodpecker medical instrument co
Günter Bissinger Medizintechnik GmbH,True,True,100,günter bissinger medizintechnik
Panaceo International GmbH,False,False,84,pal international
Panadent Limited,True,True,100,panadent
H.S. HOSPITAL SERVICE S.P.A.,True,True,100,h s hospital service s p a
h/p/cosmos sports and medical gmbh,False,True,93,h p cosmos sports medical
H&A Mui Enterprises Inc (Mui Scientific),False,False,81,mui scientific division of h a mui enterprises
H&abyz,True,True,100,h abyz
H&H Padiham Ltd,False,False,60,phadia ab
"H&O Equipments NV/SA, also trading as 'Clinic6'",False,False,64,axiscure medical equipments trading co l l c
H&S Prosthetics Kidderminster limited,False,False,67,ifit prosthetics
H2 Resq,False,False,82,h2 resq bv
H2W Ltd,False,False,50,hms24
H4 Medical Ltd,False,True,90,ht medical
HAAG STREIT AG,True,True,100,haag streit
HAAG STREIT UK LTD,True,True,100,haag streit uk
Haddenham Healthcare Ltd,False,False,78,adtec healthcare
Haddon Williams Ltd t/a Diamond Dental,False,False,55,william a cook australia pty
"Hadeco, Inc.",False,False,77,chaneco
HADI DENT INSTRUMENTS CO,True,True,100,hadi dent instruments
Haelvoet NV,True,True,100,haelvoet nv
Haematex Research Pty Ltd,False,False,72,hawest research
Haemoband Surgical Ltd,False,False,81,ammad surgical
Haemoconcepts Ltd,False,False,75,ergoconcept
Haemonetics Corporation,True,True,100,haemonetics
Haemonetics S.A.,True,True,100,haemonetics
Hartington Pharma Ltd,False,False,71,pari pharma
H. + H. Maslanka Chirurgische Instrumente GmbH,False,False,76,roland wenkert chirurgische instrumente
H.P. Braem AG,True,True,100,h p braem
Panakeia Technologies Limited,True,True,100,panakeia technologies
Panaxia Ltd,True,True,100,panaxia
Panthera AB,True,True,100,panthera ab
Hague Optical Ltd,False,False,73,audoptica
"Haian Medigauze Co., Ltd.",False,False,77,hwain medi co
"HaiChang Contact Lens Co., Ltd",True,True,100,haichang contact lens co
"HAIMEN SHENGBANG LABORATORY EQUIPMENT CO., LTD",True,True,100,haimen shengbang laboratory equipment co
Hain Lifescience GmbH,True,True,100,hain lifescience
Hainan VTI Clinical Immunology Lab Ltd.,False,False,59,clinical innovations
Hairstetics Ltd.,True,True,100,hairstetics
"Haiyan Kangyuan Medical Instrument Co., Ltd.",False,False,81,hebei kang ji medical instrument co
Haleon CH SARL,True,True,100,haleon ch sarl
HALF MOON DENTAL CENTRE,False,False,76,hasharon dental center
Hall Dental Studio,True,True,100,hall dental studio
Halo Dental Laboratory Ltd,False,False,68,clonallon laboratories
Halo Dental Studio Ltd,False,True,94,hall dental studio
Halosense Inc,True,True,100,halosense
Halotech DNA S.L.,False,False,69,innovahealth s l
HÄLSA Pharma GmbH,True,True,100,hälsa pharma
Hamamatsu Photonics K.K.,False,False,78,hamamatsu photonics france
Hamdan Dental Laboratory,False,False,69,tin lok dongguan dental laboratory co
Hamilton Bonaduz AG,True,True,100,hamilton bonaduz
Hamilton Company,True,True,100,hamilton
Hamilton Medical UK Ltd,False,False,79,dalton medical
Hagan-Brown Dental Clinical and Laboratories,False,False,61,clonallon laboratories
Hager & Werken GmbH & Co. KG,True,True,100,hager werken gmbh co kg
Halifax VE Ltd,False,False,63,airmax bv
Panthera Dental Inc.,False,False,77,panthera ab
Paolo Gobbi Frattini srl,False,True,88,paolo gobbi frattini s r l
Par Scientific ApS,False,False,82,par scientific denmark aps
Handi-Move NV,True,True,100,handi move nv
"Hangzhou AGS MedTech Co., Ltd.",False,True,92,hangzhou ags medtech co ltd
"Hangzhou AI-MU Meditec Co., Ltd.",True,True,100,hangzhou ai mu meditec co
"HANGZHOU ALLSHENG INSTRUMENTS CO., LTD.",False,False,72,hangzhou boer medical instrument co
Hangzhou Alltest Biotech Co Ltd,False,False,68,guangzhou giotech
"HANGZHOU AOSI HEALTHCARE CO.,LTD.",False,False,84,guangzhou athmedic healthcare co ltd
"Hangzhou Barty Medical Equipment Co., Ltd.",True,True,100,hangzhou barty medical equipment co
"Hangzhou Bestli Biotech Co.,Ltd.",False,False,76,hangzhou laihe biotech co
"Hangzhou Bever Medical Devices Co., Ltd.",True,True,100,hangzhou bever medical devices co
"Hangzhou Bigfish Bio-tech Co., Ltd.",False,True,93,hangzhou bigfish bio tech co ltd
"Hangzhou Bioer Technology Co., Ltd.",True,True,100,hangzhou bioer technology co
"Hangzhou Biotest Biotech Co., Ltd",False,True,93,hangzhou biotest  biotech co ltd
"Hangzhou Boer Medical Instrument Co., Ltd.",True,True,100,hangzhou boer medical instrument co
"Hangzhou Bosure Biotech Co., Ltd.",False,False,81,hangzhou biotest  biotech co ltd
"Hangzhou COCO Healthcare Products Co.,Ltd",False,False,74,fujian yifa healthcare products co ltd
"Hangzhou DTC Medical Apparatus Co., Ltd.",False,True,94,hangzhou dtc medical apparatus co ltd
Hangzhou FORMED Medical Devices Co. Ltd,False,True,95,hangzhou formed medical devices co
"Hangzhou Funworld Biotech. Co., Ltd",False,False,75,guangzhou fenghua biotech co
Hammarplast Medical AB,True,True,100,hammarplast medical ab
Hampton Village Denture Studio Ltd TA Stephan Avetoom,False,False,50,ruian sunnyworld international trade co ltd
Paradigm Spine GmbH,False,False,75,primespine
"Paragon 28, Inc.",True,True,100,paragon 28
Paragon Medical Inc.,True,True,100,paragon medical
"Hangzhou Jimushi Meditech CO., LTD.",True,True,100,hangzhou jimushi meditech co
"Hangzhou Jinlin Medical Appliances Co., Ltd.",False,True,95,hangzhou jinlin medical appliances co ltd
"Hangzhou Jujiu Science & Biotechnology Co., Ltd",False,False,78,hangzhou testsea biotechnology co
"Hangzhou Kangji Medical Instrument Co., Ltd.",False,True,96,hangzhou kangji medical instrument
"Hangzhou Kelingrui E-commerce Co., Ltd",True,True,100,hangzhou kelingrui e commerce co
"Hangzhou Laihe Biotech Co., Ltd.",True,True,100,hangzhou laihe biotech co
Hangzhou Leinzett Medical Technology Co. Ltd.,False,False,80,guangzhou longest medical technology co
"Hangzhou Lifereal Biotechnology Co., Ltd.",False,True,94,hangzhou lifereal biotechnology co ltd
"Hangzhou Lysun Biotechnology Co., Ltd.",False,True,94,hangzhou lysun biotechnology co ltd
"Hangzhou Meisu Trading Co., Ltd",False,False,69,changzhou gaven trading co ltd
"Hangzhou Memnun Technology Co., Ltd.",False,False,81,hangzhou heo technology co ltd
"Hangzhou Mindray Medical Technology Co., Ltd.",True,True,100,hangzhou mindray medical technology co
Hangzhou Qiandao Medical Equipment Ltd,False,True,85,hangzhou shanyou medical equipment co
Hangzhou Rejoin Mastin Medical Device Company Limited,False,True,91,hangzhou rejoin mastin medical device co ，ltd
"Hangzhou Shanyou Medical Equipment Co., Ltd.",True,True,100,hangzhou shanyou medical equipment co
"Hangzhou SHINING3D Dental Technology Co., Ltd.",False,False,83,hansfive hangzhou dental technology co
"Hangzhou Guoyuan Yanglao Technology Co., Ltd",True,True,100,hangzhou guoyuan yanglao technology co
Hangzhou Hua'an Medical & Health Instruments Co. Ltd,False,True,97,hangzhou hua’an medical health instruments co
Paragon Vision Sciences Inc.,False,True,86,aston vision sciences
"Paragonix Technologies, Inc.",False,False,81,innonix technologies
"Hangzhou Techderm Biological Products CO., Ltd.",False,False,65,yunnan rare biological products co
"Hangzhou Tingoton Technology Co.,Ltd",False,False,82,hangzhou topco technology group co ltd
"Hangzhou Tonglu Yida Medical Appliance and Equipment Co., Ltd.",False,True,96,hangzhou tonglu yida medical appliance and equipment co ltd
"Hangzhou Tongzhou Biotechnology Co., Ltd.",False,True,88,changzhou tongshu biotechnology co
"Hangzhou Universal Electronic Co., Ltd.",False,False,71,guangzhou axd electronic co
"Hangzhou Xuzhishi Technology Co., Ltd",True,True,100,hangzhou xuzhishi technology co
"Hangzhou Yanyang Biotech Co., Ltd",False,False,82,hangzhou york biotech co
"Hangzhou Yoniner Pharmaceutical Co., Ltd",True,True,100,hangzhou yoniner pharmaceutical co
"Hangzhou Zheda Dixun Biological Gene Engineering Co.,Ltd.",False,False,70,zhuhai keyu biological engineering co
HANHAM DENTAL LABORATORY.,False,False,66,tin lok dongguan dental laboratory co
Hannah Life Technologies Pte Ltd,False,False,83,life technologies holdings pte
Hans Dinslage GmbH,True,True,100,hans dinslage
Hans Hepp GmbH & Co. KG,True,True,100,hans hepp gmbh co kg
"HANS Korea Co., Ltd.",False,False,72,gbt korea co
Hans Rudolph Inc,True,True,100,hans rudolph
HansBiomed Corp.,False,False,82,abiomed
"Hanscent （Ningbo） Co., Ltd.",False,True,100,hanscent ningbo co
Hanson Instrument Ltd,False,False,82,evans instruments
Hartington Pharmaceutical SLU,False,True,93,hartington pharmaceutical s l u
"Hangzhou Singclean Medical Products Co., Ltd.",True,True,100,hangzhou singclean medical products co
"Hangzhou Tappa Medical Technology Co., Ltd.",True,True,100,hangzhou tappa medical technology co
Parallel Design SAS,False,False,81,ge parallel design
Paramount Medical Solutions Ltd,True,True,100,paramount medical solutions
Happerberger Otopront,False,False,57,hespeler orthodontics
Happitech B.V.,True,True,100,happitech
Happy Bits Group Ltd,False,False,67,hob biotech group
Happydent Limited,False,False,71,happymed
HARALD NORDIN SA,False,True,90,harald nordin
Harborne VE Limited,False,False,64,chamborelle
Harcourt House Dental Studios Limited,False,False,68,hall dental studio
Hardik International Private Limited,False,False,80,volgo care international private
Hardik International Private Limited,False,False,80,volgo care international private
Harefield Opticians Ltd,False,False,61,excel optics p
Harewood Dental Lab,False,False,69,final dental lab
Harley Street Dental Laboratory,False,False,63,laboratorios betamadrileño s l
HarleyDoc,False,False,67,pharmadoc
Harlil LTD,False,False,67,harol srl
Harlow VE Ltd,False,False,64,phellow seven
Harol S.r.l.,False,False,80,hta s r l
Harpenden Orthodontics,False,False,79,hespeler orthodontics
HARPS Investment Asia Pte. Ltd.,True,True,100,harps investment asia pte
Harris Dental Laboratory,False,False,64,homer ion laboratory co
Harrison Denture Clinic Ltd,False,False,67,pentron clinical
Harrogate Healthcare Facilities Management,False,False,62,carmelton jiangmen healthcare
Harsoria Healthcare Pvt. Ltd.,True,True,100,harsoria healthcare pvt
Hart Biologicals Ltd.,True,True,100,hart biologicals
Hart Optical Limited trading as Thomas & Saunders Optometrists,False,False,54,meditrade medical trading
Hartalega NGC Sdn. Bhd.,True,True,100,hartalega ngc sdn bhd
"Hantech Medical Device Co., Ltd.",True,True,100,hantech medical device co
"HANWOOLTPC CO., LTD.",True,True,100,hanwooltpc co
Paramount Surgimed Ltd,True,True,100,paramount surgimed
Harvest Sources International Ltd,False,False,80,service best international
Harvey Optical Services,False,False,75,hospital services
Harwood Dental Care,False,False,69,cardex dental
Hasa Optix,False,False,67,optix bt
Haselmeier GmbH,False,False,67,leisner aps
Hasharon Dental Center Ltd.,True,True,100,hasharon dental center
Haslemere Dental Centre,False,False,76,hasharon dental center
Hasomed GmbH,False,True,86,haromed
HASS Corp.,True,True,100,hass
Hassocks Eyecare Centre Limited,False,False,57,hamilton central europe
Hatch End Eyecare,False,False,67,alerion health care
Hathershaw Opticians,False,False,65,huma therapeutics
Hawkes & Wainer Ltd,False,False,64,wagner + kühner
Hawkins Dental and Implant Clinic,False,False,69,j b implant and dental ceramics
Haxby Opticians Limited,False,False,64,oticon a s
Hayes Denture Centre,False,False,67,hasharon dental center
Hayfeguard Limited,False,False,67,vanguard
HayMax Limited,False,False,62,tharmac
Hazlot Holdings Limited,False,False,69,alfa gate holding
"HCMed Innovations Co., Ltd.",True,True,100,hcmed innovations co
HD Clinical Ltd,False,False,72,itena clinical
HDM DENTAL LABORATORY LTD,False,False,67,dermadry laboratories
Headovations Ltd.,False,False,73,medivation
Healcerion Co Limited,False,True,87,healcerion co
Healgen Scientific Limited,False,False,78,general scientific
"Health Beacons, Inc. (A Hologic Company)",False,False,63,dear health holding company
Health Care Logistics,False,False,79,titus health care
Health Care Outcomes Performance Company (HOPCo),False,False,62,performance health france
Harvard Dental International GmbH,True,True,100,harvard dental international
Harvest Healthcare Ltd,True,True,100,harvest healthcare
Paratian Co Ltd T/A Stockbridge Dental Practice,False,False,62,arma dental üreti̇m si̇stemleri̇ san ve ti̇c ltd şti̇
PARAVAN GmbH,False,False,75,pharmasan
Health Touch Ltd,False,False,76,zt health
Health Wizard Ltd,False,False,80,sword health
Healthcall Solutions Ltd,False,False,82,pivotal health solutions
HealthCare Anywhere Ltd,False,False,81,ee healthcare
Healthcare Business Solutions UK,False,False,75,sunset healthcare solutions
Healthcare Digital Twin Limited,False,False,74,ciga healthcare
Healthcare Partners Ltd,False,True,86,prenger healthcare
Healthcare Products Inc,False,True,86,leboo healthcare products
HealthHero Solutions Limited,False,False,83,neater solutions
HealthHQ Group Limited,False,False,73,mirage health group
HEALTHIUM MEDTECH  LIMITED,True,True,100,healthium medtech
HEALTHIUM MEDTECH LIMITED,True,True,100,healthium medtech
HEALTHNITURE S.r.l. a socio unico,False,False,72,healthniture s r l
HEALTHPOINT LTD,False,False,82,mint health
Healthshare Limited,False,False,75,hr healthcare
Healthstats International Pte Ltd,True,True,100,healthstats international pte
Healthtech-1,False,False,77,vio healthtech
HEALTHY MIND,True,True,100,healthy mind
Healthy Step (Sensograph) Ltd,True,True,100,healthy step sensograph
Healthy.io Ltd,False,True,86,vigo health
Hearing Diagnostics Limited,False,False,83,pearl diagnostics
Heartfelt Technologies Ltd,True,True,100,heartfelt technologies
heartfish GmbH,True,True,100,heartfish
"HeartFlow, Inc.",False,False,78,clearflow
"HeartHero, Inc.",True,True,100,hearthero
Health Line International Corporation,True,True,100,health line international
HEALTH SOURCE MEDICAL EQUIPMENT (GUANGDONG) LTD.,False,False,75,guangdong koner medical equipment co
Parburch Medical Developments Ltd,False,False,71,futura medical developments
"Parcus Medical, LLC",False,False,83,perouse medical
Heath Denture Care,False,False,73,care for health
Heather Bailey Optometrists Ltd,False,False,58,bailey instruments
Heaton Mersey Orthodontic Centre,False,False,60,hespeler orthodontics
HEBDEN BRIDGE DENTAL CARE LTD,False,False,58,mcd medical care dental
"HEBEI DANSONG IMPORT & EXPORT TRADE CO., LTD",False,False,67,wenzhou dongtian import export co
"Hebei Healthplus Medical Device Co., Ltd.",True,True,100,hebei healthplus medical device co
"Hebei Pulling Technology Co., Ltd",False,False,75,shenzhen superline technology co
"Hebei Yuanrun Medical Devices Co., LTD.",False,True,94,hebei yuanrun medical devices co ltd
Hedia ApS,True,True,100,hedia aps
Hefei C&P Nonwoven Products Co Ltd,False,True,89,hefei c p nonwoven products co ltd
Hefei Meyer Optoelectronic Technology Inc.,False,False,72,crdlight optoelectronic technology co ltd
Hegewald Medizinprodukte GmbH,True,True,100,hegewald medizinprodukte
Heidelberg Engineering GmbH,True,True,100,heidelberg engineering
Heidi Health Ltd,False,False,78,medx health
HEINE Optotechnik GmbH & Co. KG,True,True,100,heine optotechnik gmbh co kg
Heinemann HNO Medizintechnik GmbH,False,False,78,hering medizintechnik
Heinlein Plastik-Technik GmbH,True,True,100,heinlein plastik technik
Heinz Kurz GmbH,False,False,60,hering srl
Heinz Meise GmbH Medizintechnik,False,False,74,melag medizintechnik gmbh co kg
Helapet Limited,True,True,100,helapet
Helena Biosciences Europe,True,True,100,helena biosciences europe
HELENA LABORATORIES,True,True,100,helena laboratories
Helica Instruments Ltd,True,True,100,helica instruments
Hine Dental Laboratory Ltd,False,False,68,final dental lab
HeartWare Inc.,True,True,100,heartware
hearX SA (Pty) Ltd,True,True,100,hearx sa pty
PARI GmbH,False,False,75,prim
PARI Medical Ltd,False,True,88,prima medical
Helmer Scientific DBA Helmer Inc.,False,False,67,fisher scientific as
Helmut Zepf Medizintechnik GmbH,True,True,100,helmut zepf medizintechnik
HELSINN Healthcare SA,False,False,79,herida healthcare
Helston Optical Ltd,False,False,76,jeongs optical
Hemanext Inc.,False,False,67,helapet
Hemcheck Sweden AB,True,True,100,hemcheck sweden ab
Hemel Hempstead V E Limited,False,False,53,mermaid medical a s
HemoCue AB,True,True,100,hemocue ab
HEMODIA SAS,True,True,100,hemodia sas
HemoSonics LLC,True,True,100,hemosonics
Hemostasis LLC,False,False,71,emo sas
Hemostat medical GmbH,False,False,79,emka medical
Hemoteq AG,True,True,100,hemoteq
"Henan Geesion Medical Device Co., Ltd",False,True,93,henan geesion medical devices co ltd
"Henan JoinKona Medical Products Co., Ltd.",False,True,92,henan joinkona medical products stock co
"Henan Medical Technology Co.,Ltd",False,True,92,keya medical technology co ltd
"Henan Shuguang HZK Biological Technology Co.,Ltd",False,True,96,henan shuguang hzk biological technology co
"Henan Tuoren Medical Device Co., Ltd",True,True,100,henan tuoren medical device co
"Henan Zhende Medical Products Co., Ltd.",False,True,94,henan zhende medical products co ltd
HENDERSON  DENTAL  CERAMICS.,False,False,65,ceramtec dentalvertriebs
Hendrickse DH Ltd,False,False,70,dendris
Hespeler Orthodontics Limited,True,True,100,hespeler orthodontics
Hellesdon Dental Care,False,False,67,hall dental studio
HELLMUT RUCK GmbH,True,True,100,hellmut ruck
PARI Pharma GmbH,True,True,100,pari pharma
Park Circus Ceramics Limited,False,False,65,circius pharma ab
Henry Leonard Optometrist,False,False,57,innocare optoelectronics
Henry Schein Inc,True,True,100,henry schein
Heraeus Medical Components-Contract Medical International GmbH,False,False,69,contract medical international
"Heraeus Medical Components, LLC",True,True,100,heraeus medical components
Heraeus Medical GmbH,False,False,83,bernas medical
Herb-Pharma Corporation s.r.o.,True,True,100,herb pharma corporation s r o
HERCARE Sweden AB,False,False,80,hemcheck sweden ab
Herco Wassertechnik GmbH,False,False,65,discher technik
HERDEGEN (SAS),False,False,67,theragenesis
Hereford Ceramics,False,False,63,doceram medical ceramics
Hereford VE Limited,False,False,59,oxford heartbeat
Hermann Bock Gmbh,False,False,67,heck bio pharma
Hermann Meditech,False,False,76,ermis medtech
Hermann Medizintechnik GmbH,False,True,88,hering medizintechnik
HERMES HEALTHCARE LIMITED,False,True,87,hr healthcare
Hermes Medical Solutions AB,True,True,100,hermes medical solutions ab
HERNIK GmbH,True,True,100,hernik
Hero Healthcare Limited,False,True,93,hr healthcare
Herrmann Apparatebau Gmbh,True,True,100,herrmann apparatebau
"Hersill, S.L.",True,True,100,hersill s l
Hertility Health Limited,False,False,71,orbit health
Herts Orthodontics,False,False,82,hespeler orthodontics
Hospicon Products Limited,False,False,79,pi products
Park Road Dental Care,False,False,65,cardex dental
"Hengchang (Dongying) Medical Technology Co., Ltd.",False,False,81,dongguan kangda medical technology co
"Henke-Sass, Wolf GmbH",False,False,56,andy wolf fashion
Park Street Dental and Implant Clinic,False,False,72,adin dental implant systems
Park View Family Dental,False,False,65,dental film s r l
Parkdale Dental & Implant Clinic,False,False,67,adin dental implant systems
Parkell Inc,False,False,67,pearl
Parker Eyecare Ltd T/A Parker Optometrists,False,False,50,metis healthcare s r l
Parker Hannifin Corporation Precision Fluidics Division,False,False,56,premier medical corporation private
"Parker Hannifin Corporation, Precision Fluidics Division",False,False,56,premier medical corporation private
"Parker Laboratories, Inc.",False,True,93,parker laboratories bv
pfm medical mepro gmbh,True,True,100,pfm medical mepro
Hi-Tech Medics Private Limited,False,False,68,indus medicare private
HIACCUR LAB LTD,False,False,67,accuray
Hickman Dental Lab,False,False,76,final dental lab
Hidalgo Ltd,False,False,67,idiag
Hidemar Mobilario Clinico SA,False,False,73,mobiliario clínico saber s l
Hidramed Solutions Ltd,True,True,100,hidramed solutions
High Technology Products SLU,True,True,100,high technology products slu
Highcliffe Dental Care,False,False,67,mcd medical care dental
HigoSense Sp. z o.o.,True,True,100,higosense sp z o o
HILBRO GOODS WHOLESALERS L.L.C,False,False,57,costco wholesale
Hexacath,True,True,100,hexacath
Hexagon International (GB) Ltd,True,True,100,hexagon international gb
Heyer Aerotech GmbH,False,False,72,aromtech oy
Heyer Medical AG,True,True,100,heyer medical
HG Innovations Ltd.,True,True,100,hg innovations
"Hi-Fortune Health Products Co., Ltd.",False,False,76,citeq health products
HI-TECH DENTAL LABORATORY,False,False,65,aldeal lab tech
Hidrofer SA,False,False,70,bioner sa
High Street Dental Care,False,False,70,anees dental instrument
Parker-Hannifin s.r.o.,False,False,68,gyn partner s r o
Parkside Denture Studio Ltd,False,False,64,mayclin dental studio
PARMR LTD,False,False,77,pharmpur
Parnell Plus Ltd,False,False,79,parnell products
Parodent Dental Laboratory Ltd,False,False,68,phantom laboratory
paromed OrthoCAM GmbH,False,False,72,orthopred
Parry Clulow Ltd,False,False,57,saraya co
Parsek d.o.o.,False,False,78,pamel d o o
Parson Associates Ltd,False,False,74,implantech associates
Partners for Endoscopy Limited,True,True,100,partners for endoscopy
PASANTE HEALTHCARE LIMITED,False,False,83,sanvero healthcare
PASRUR SURGICAL,False,False,80,praise surgical
Holly Health,False,False,78,grhealth oy
Holmusk Europe Ltd,False,False,75,nsk europe
HoloCare AS,True,True,100,holocare as
Hologic Ltd.,True,True,100,hologic
"Hologic, Inc.",True,True,100,hologic
"Hologic, Inc.",True,True,100,hologic
Passion Dental Design Studio,False,False,67,dsi dental solutions
Passion For Life Healthcare (UK) Limited,True,True,100,passion for life healthcare uk
"HIOSSEN, Inc.",False,False,77,ossgen
Hira Dental Laboratory,False,False,68,final dental lab
Hisense Ltd.,True,True,100,hisense
Hivox Biotek Inc.,False,False,67,biotex
HKG gallery,False,False,62,allergoeye gmbh co kg
HN Optical Ltd,False,False,78,jh optical co
Hoil Dental Laboratory Ltd,False,False,68,final dental lab
Hoil Dental Manufacture Solutions Ltd,False,False,75,young dental manufacturing i
Hoist Medical Ltd,False,True,92,ist medical
Holland & James,False,False,75,mrc holland
Holland Opticians Ltd,False,False,64,prp holland
Hollister Incorporated,False,False,82,hollister ulc
"Passy-Muir, Inc.",True,True,100,passy muir
Patchs Health Ltd,False,False,73,zt health
HOMANN-MEDICAL GmbH u. Co. KG,False,False,81,holthaus medical gmbh co kg
"Homecare Enterprise Co., Ltd.",True,True,100,homecare enterprise co
Homewoundcare Ltd,False,False,70,onetwocare
Honeywell Healthcare Solutions GmbH,True,True,100,honeywell healthcare solutions
Honeywell Safety Products,False,False,68,t s health products
HongKong Marvel Limited.,False,False,79,hongkong marvel
Hongsun (Nantong) Co. Ltd,False,True,88,honsun nantong co
"HONSUN（NANTONG）CO., Ltd.",False,True,100,honsun nantong co
Hony Medical Co. Ltd,False,True,89,hony medical co
Hoogland Spine Products GmbH,True,True,100,hoogland spine products
Hook dental practice ltd,False,False,67,code of practice ab
Hope Valley Opticians Ltd,False,False,60,opticris optica srl
"Hope Vision Co.,Ltd.",False,True,88,hope vision co
"Hopf, Ringleb & Co. GmbH & CIE",False,False,67,dr hopf gmbh co kg
Hopper,False,False,73,hoyer
Horbury Dental Laboratories Ltd,False,False,75,dermadry laboratories
HORIBA ABX SAS,True,True,100,horiba abx sas
HORIBA Instruments Incorporated,False,True,85,bob instruments
Horizon dental laboratory limited,False,False,75,homer ion laboratory co
Horizon Strategic Partners Ltd,False,False,65,magic horizons
Hornchurch VE Limited,False,False,60,horcher
Horsford Dental Practice,False,False,65,code of practice ab
Horsham VE Ltd,False,False,59,horcher
Horus Pharma,False,False,82,pharma cos
Holthaus Medical GmbH & Co. KG,True,True,100,holthaus medical gmbh co kg
Holton Dental Centre,False,False,76,hasharon dental center
PATH MEDICAL GMBH,False,True,96,pathy medical
"PathAI, Inc.",False,False,67,palithera
Hounslow VE Ltd,False,False,60,holomoves
Hove Dental Studio ltd,False,False,83,hall dental studio
Howard Wright Limited,False,False,64,treasure wright
HowLite Dental Laboratory LTD,False,False,63,laboratorios diet esthetic
Howmedica Osteonics Corp.,True,True,100,howmedica osteonics
Howoco Ltd,False,False,67,hocoma
Hoya Corporation,True,True,100,hoya
Hoya Holdings N.V. / Hoya Vision Care,False,False,64,hoya holdings nv
"Hoya Lamphun Ltd, Hoya Eye care Thailand",True,True,100,hoya lamphun ltd hoya eye care thailand
Hoya Lens UK Ltd,False,False,62,leventon s a u
HOYA Medical Singapore Pte Ltd,True,True,100,hoya medical singapore pte
Hoya Technosurgical Corporation,False,False,77,hoya surgical optics
HPF S.R.L.,False,False,78,hta s r l
HQ Dental Laboratory Ltd.,False,False,67,helena laboratories
"HR Pharmaceuticals, Inc",False,True,89,gw pharmaceuticals
HRS Dental Care Limited,False,False,79,cardex dental
HS DOMS GmbH,True,True,100,hs doms
HSDU Royal Infirmary Edinburgh,False,False,50,skanray europe srl
"HSDU, George Eliot Hospital NHS Trust",False,False,53,hospital trentine di cristini gianmaria c s a s
"HSDU, Milton Keynes University Hospital NHS Foundation Trust",False,False,55,bedford hospital bedfordshire hospitals nhs foundation trust
"Hsiner Co., Ltd.",True,True,100,hsiner co
"HT CO., LTD.",True,True,100,ht co
HTL-Strefa S.A.,True,True,100,htl strefa
HTZ Ltd,False,False,67,tzm
"Hu-Friedy Manufacturing Co., LLC",True,True,100,hu friedy manufacturing co
PATHELEN GB LTD,False,False,64,panthera ab
Hospital Direct (Marketing) Ltd,True,True,100,hospital direct marketing
Hospital Metalcraft Ltd,True,True,100,hospital metalcraft
PathoNostics B.V.,True,True,100,pathonostics
"PathRight Medical, Inc.",True,True,100,pathright medical
"Huangshan Jinfu Medical Equipment Co., Ltd",True,True,100,huangshan jinfu medical equipment co
"Huawei Device Co., Ltd.",True,True,100,huawei device co
Huayi Isotopes Co.,True,True,100,huayi isotopes
"Hubei Qianjiang Kingphar Medical Material CO., Ltd",True,True,100,hubei qianjiang kingphar medical material co
"Hubei V-Medical Products Co., Ltd.",False,True,93,hubei v medical products co ltd
"Hubei Wanli Protective Products Co., Ltd.",False,True,94,hubei wanli protective products co ltd
"Hubei Weikang Protective Products Co., Ltd",False,True,95,hubei weikang protective products co ltd
Hubert De Backer n.v.,False,True,91,hubert de backer nv
Hucknall Dental Laboratory Ltd,False,False,67,final dental lab
Huger Medical Instrument Co Ltd,False,True,94,huger medical instrument co
Hugh Steeper Ltd,True,True,100,hugh steeper
Hughes and Farrugia,False,False,55,farmigea s p a
Hughes Dental Laboratory Ltd,False,False,67,genes laboratories
Huidu Shanghai Medical Sciences Ltd.,False,False,75,reliance medical shanghai
"Huiying Medical Technology (Beijing) Co., Ltd.",True,True,100,huiying medical technology beijing co
"Huizhou Carefit Medical Electronic Co., Ltd.",False,False,74,aaruy medical electronics co
"Huizhou Foryou Medical Devices Co., Ltd.",False,True,94,huizhou foryou medical devices co ltd
Huizhou Gold Rose Technology Co. Ltd,False,False,73,diros technology
"Huizhou Kaiyi Technology Co.,Ltd",False,False,79,hangzhou heo technology co ltd
HYPHEN BioMed,True,True,100,hyphen biomed
"HuaiYin Medical Instruments Co., Ltd.",True,True,100,huaiyin medical instruments co
Huanghua Promisee Dental Co Ltd,False,False,61,promedica dental material
Patiali Limited,False,False,67,materialise
Patient Lifting Solutions,False,True,92,patiënt lifting solutions bv
HUMA THERAPEUTICS LIMITED,True,True,100,huma therapeutics
Human Brain Wave srl,True,True,100,human brain wave srl
Human Care HC AB,True,True,100,human care hc ab
HUMAN Gesellschaft fur Biochemica und Diagnostica mbH,False,True,99,human gesellschaft für biochemica und diagnostica mbh
Human med GmbH,True,True,100,human med
Human Protection B.V.,False,True,91,human protection bv
Human Protection BV,True,True,100,human protection bv
Humankind Ventures Ltd,False,False,65,notion venture sdn bhd
HumanOptics Holding AG,True,True,100,humanoptics holding
Humant Group Limited,False,False,82,mast group
HumanTech Spine GmbH,False,False,76,alphatec spine
Humeca BV,False,False,80,humeca
"Hunan Accurate Bio-Medical Technology Co., Ltd",False,False,81,hunan beyond medical technology co
"Hunan Beyond Medical Technology Co., Ltd",True,True,100,hunan beyond medical technology co
"Hunan Eexilnherent Pharmaceutical Co., Ltd.",True,True,100,hunan eexilnherent pharmaceutical co
HUNAN EHOME HEALTH TECHNOLOGY COMPANY LIMITED,False,False,72,richhealth technology
Hunan Endoso Life Technology Co. Ltd.,False,False,74,hunan beyond medical technology co
Hunan Jingyi Medical Technology Co. Ltd,False,True,95,hunan jingyi medical technology co
"Hunan Reborn Medical Science and Technology Development Co., Ltd",False,True,97,hunan reborn medical science and technology development co ltd
Hyperice Inc,True,True,100,hyperice
Patient Watch Ltd,False,False,64,switch it
"Huizhou Yixiang Medical Equipment Co., Ltd.",False,False,80,hohhot xinlongkang medical equipment co
Hull University Teaching Hospital,False,False,58,hunan univers medical technology co ltd
patientMpower Ltd.,False,False,67,dietz power
Patientrack Holdings Limited,False,False,67,menicon holdings
Hunkar Medikal,False,False,77,husk medical
Hunt Developments (UK) Ltd,False,False,72,sra developments
Hunter Scientific Ltd,True,True,100,hunter scientific
Huntingdon Dental Laboratory Limited,False,False,66,instrumentation laboratory spa
Huntingdon V.E. Limited,False,False,58,able human motion
"Hurev Co., Ltd.",True,True,100,hurev co
Hurricane Medical,False,False,76,case medical
Hurst Dental Laboratory,False,False,65,laboratorios diet esthetic
Huvitz Co Ltd,False,False,80,huvitz co
"Huvitz Co., Ltd.",True,True,100,huvitz co
Huynh Dental Laboratory,False,False,67,tin lok dongguan dental laboratory co
Hyaltech Ltd,True,True,100,hyaltech
HYCOR Biomedical Inc.,False,False,83,vycor medical
Hydrafacial LLC (previously Edge Systems LLC - Name change not a change in legal entity),False,False,42,"integral systems pty ltd trading as ""cirrus medical"""
Hydrosun Medizintechnik GmbH,False,False,82,hissin medizintechnik
"Hygea Medical Technology Co., Ltd.",True,True,100,hygea medical technology co
HYGITECH,True,True,100,hygitech
Hyland Software Canada ULC,False,False,60,change healthcare canada
Hyper Photonics S.r..I.,False,False,63,photonics healthcare
HyperBranch Medical Technology Inc.,True,True,100,hyperbranch medical technology
"Hyperfine, Inc.",True,True,100,hyperfine
Hypervision Surgical Ltd,False,False,76,mediscon surgical
Patron Bohemia a.s.,False,False,67,biomax s p a
"Hunan Vathin Medical Instrument Co., Ltd.",True,True,100,hunan vathin medical instrument co
"Hunan VentMed Medical Technology Co., Ltd.",False,True,95,hunan ventmed medical technology co ltd
Patterson Restorative Solutions,False,False,69,arion slide solutions
Paul B Dental Studio,False,False,84,hall dental studio
Paul Calder Dental Limited,False,False,71,cardex dental
Paul Hartmann AG,True,True,100,paul hartmann
Hywel Dda University Health Board - Glangwili General Hospital,False,False,48,global health and safety
Hywel Dda University Health Board - Prince Philip Hospital,False,False,48,qubiotech health intelligence sl
Hywel Dda University Health Board - Withybush General Hospital,False,False,50,general electric healthcare portugal sociedade unipessoal lda
I see 3 Limited,False,False,67,i sep
i Smile Dental Lab,False,False,71,final dental lab
I W Dental Laboratory Ltd,False,False,71,diplomat dental s r o
I Wear Opticians,False,False,67,weinert fiber optics
I-MED PHARMA Inc.,True,True,100,i med pharma
i-Optix,False,False,80,optix bt
"i-SENS, Inc.",True,True,100,i sens
i-SEP,True,True,100,i sep
I-Smart Developments Limited,True,True,100,i smart developments
I-TEC Independent Technicians Limited,False,False,62,d tech dental technologies
I-Tech Industries S.r.l,False,False,73,rennich industries
I.P.S. INTERNATIONAL PRODUCTS e SERVICES Srl,True,True,100,i p s international products e services srl
I.R.A. Istituto Ricerche Applicate S.p.A.,False,False,59,i r med srl istituto ricerca medica
I.S.E. S.r.l.,False,False,83,being s r l s
I.T.S. GmbH,False,False,80,g s t
"I.V. House, Inc.",False,False,60,hospidex nv
i+Med S. Coop,True,True,100,i+med s coop
I2M Labs,False,False,75,jam labs
i5 Analytics Limited,False,True,88,imt analytics
i5HealthAI,False,False,80,kai health
HyStool Ltd,False,False,71,physiol
Hywel Dda University Health Board - Bronglais General hospital,False,False,50,general electric healthcare portugal sociedade unipessoal lda
I.A.C.E.R. S.r.l,False,False,79,i a c e r srl
PAUL MARIENFELD GMBH & CO KG,False,False,77,marvida gmbh co kg
Paul Murray PLC,True,True,100,paul murray plc
IAS Academy and Labs Ltd,False,False,59,dia chem s r l
IB Medical AB,False,True,89,bcb medical ab
IBA Dosimetry GmbH,True,True,100,iba dosimetry
"Iberhospitex, S.A.",True,True,100,iberhospitex
IBEX Innovations Ltd,True,True,100,ibex innovations
Ibex Medical Analytics Ltd,True,True,100,ibex medical analytics
"IBEX Medical Systems Co., Ltd.",False,True,86,dk medical systems co
IBL International GmbH,True,True,100,ibl international
IBSA Farmaceutici Italia Srl,True,True,100,ibsa farmaceutici italia srl
"IC Biomedical, LLC",True,True,100,ic biomedical
IC! Berlin  GmbH,False,False,73,primax berlin
"iCAD, Inc.",True,True,100,icad
Icare Finland Oy,True,True,100,icare finland oy
Icarus Medical LLC,False,True,93,clarus medical
ICB Medical Distributors PTY LTD,False,False,74,medical distribution partners
Icentia Inc.,True,True,100,icentia
Icometrix BV,False,True,86,icometrix
ICSION Medical Pty Ltd,True,True,100,icsion medical pty
ICT  HealthCare Technology Solutions B.V.,True,True,100,ict healthcare technology solutions
ICU Medical Inc,True,True,100,icu medical
ICU Medical Inc,True,True,100,icu medical
ICU UK Medical Ltd,False,True,88,icu medical
IDCP B.V.,False,False,73,idcp bv
Ian Taylor Creating Smiles,False,False,61,triq sales marketing
Ian Underwood Ltd,False,False,62,florian unger
ICSTHub,False,False,67,strub
Paul Verity Opticians,False,False,62,ser optical
PAVIA FARMACEUTICI S.R.L,False,True,87,pavia farmaceutici srl
IdealMed Limited,False,True,94,ideal med
iDentical Dental Laboratories LTD,False,False,73,biolytical laboratories
Identiti UK Lab Ltd,False,False,64,ibodontit s l
IDMED,True,True,100,idmed
iDoc24 AB,True,True,100,idoc24 ab
Idoman Teoranta,True,True,100,idoman teoranta
Idoven,False,False,71,midocean
IDS LTD.,False,False,67,dds
IEM GmbH,True,True,100,iem
Ieso Digital Health Limited,False,False,67,eyetech digital systems
IF Cardboard Creations Ltd,False,False,64,core scientific creations
"iFIT Prosthetics, LLC",True,True,100,ifit prosthetics
IGEA S.p.A.,True,True,100,igea s p a
Igloo Survival Limited,True,True,100,igloo survival
iHealthScreen Inc,False,False,74,nrs healthcare
IHSS Limited,False,False,75,hass
"Ikegami Tsushinki Co., Ltd.",False,False,59,yushin medical co
"CompAI Healthcare (Suzhou) Co., LTD",False,True,94,compai healthcare suzhou
"Edan Instruments, Inc.",False,True,91,evans instruments
151 Products Limited,False,False,78,dx products
1st SurgiConcept,False,False,67,surgicon
3D MATRIX EUROPE SAS,False,True,98,3 d matrix europe sas
G-Flex Europe SPRL,False,False,73,neos europe srl
"3T Medical System, Inc.",False,True,89,lmt medical systems
A & B Cann Dentures Direct Ltd,False,False,67,direct dentaire
"IDEAL MEDICAL INDUSTRIES CO.,LTD",True,True,100,ideal medical industries co ltd
Ideal Profile Ltd,False,False,64,ideal med
Pavis SPA,True,True,100,pavis spa
Paxman Coolers Ltd,True,True,100,paxman coolers
A&E Medical Corporation,False,True,90,a medical
"Abbott Diagnostics Korea, Inc.",False,True,86,abbott diagnostics
Abbott Medical,True,True,100,abbott medical
"Abiores Technology (Beijing) Co., Ltd.",False,True,94,abiores technology beijing co ltd
Aboca S.p.A. Società Agricola,True,True,100,aboca s p a società agricola
"ABON Biopharm (Hangzhou) Co., Ltd.",False,False,68,guangzhou baybio bio tech co
Accuvein Inc.,False,False,71,accumedix
"Acro Diagnostics Co., Ltd.",False,True,89,amoy diagnostics co
Acrostak AG,False,False,67,acrostak schweiz
Acteon Manufacturing,False,True,87,lacey manufacturing
Active Health Tech Ltd,False,False,73,most active health care
"Active Life Scientific, Inc.",False,False,76,acotec scientific co
Adcal Dental Laboratory Ltd,False,False,67,helena laboratories
ADRIA.MED. SRL,False,False,83,artimed srl
Advanced Bio-Technologies Inc.,False,True,85,pluss advanced technologies
Advanced Dental Laboratory,False,False,74,dental advance sl
Advanced Practical Diagnostics BV,False,False,70,reccan diagnostics ab
"Aezian Co., Ltd",True,True,100,aezian co
Affinity Biologicals Inc.,True,True,100,affinity biologicals
AI LABS GROUP SL,False,True,91,ai labs group s l
Aidacare Healthcare Equipment,False,False,75,health equipment denmark
PB Chrome Casts,False,False,64,chroma ate
A&D Instruments Ltd,False,True,94,a d m instruments
PB Swiss Tools AG,True,True,100,pb swiss tools
PBB Devices Ltd,True,True,100,pbb devices
PBC Dental Laboratory Ltd,False,False,68,laboratorios cosmodent s l
Akzenta International SA,False,False,82,dental international
"Albino Dias de Andrade, S.A.",True,True,100,albino dias de andrade
AlgOss Biotechnologies GmbH,False,False,80,healios technologies sl
ALLISONE TECHNOLOGIES SAS,False,False,83,allurion technologies
Allmed Medical GmbH,True,True,100,allmed medical
"ALLMED Medical Products Co., Ltd.",False,True,93,allmed medical products co ltd
Alloyed Limited,False,False,77,allmed
Allspecs Ltd,False,False,63,alix lasers
AlPreTec SrL,False,False,83,puretech srl
ALPRO MEDICAL GMBH,False,True,89,alegro medical
American Eagle Instruments Inc,True,True,100,american eagle instruments
AMK Medical Equipment Co Ltd,False,True,93,akas medical equipment
Anatolia Tanı ve Biyoteknoloji Ürünleri Ar-Ge San. ve Tic. AŞ,False,False,73,anatolia tani ve biyoteknoloji urunleri arastirma gelistirme san ve tic a s
Andocor NV,True,True,100,andocor nv
Andromedical S.L.,False,True,86,andromedical
Angiomed GmbH&Co. Medizintechnik KG,False,True,86,atmos medizintechnik gmbh co kg
"Anhui Greenland Biotech Co.,Ltd",True,True,100,anhui greenland biotech co ltd
"Anhui Tianrun Medical Packaging Materials Co., Ltd.",True,True,100,anhui tianrun medical packaging materials co
"Anika Therapeutics, Inc",False,True,86,airgas therapeutics
Anthony Coe Ltd Dental Laboratory,False,False,66,tin lok dongguan dental laboratory co
Anton Hipp,True,True,100,anton hipp
PCCA Limited,False,False,60,accora
Akas Technologies,False,True,88,apis technologies
PCG Dental Design,False,False,69,pd dental eu
Aptissen SA,True,True,100,aptissen sa
Arden Medical Ltd,True,True,100,arden medical
Ardo medical AG,True,True,100,ardo medical
Arrow International LLC,True,True,100,arrow international
Arti Medikal Tibbi Malzemeler Ihr.Ith.San ve Tic.Ltd.Sti.,False,False,81,kadioglu tibbi cihaz medikal malzemeler san tic ltd sti
AS Medizintechnik GmbH,False,True,89,asanus medizintechnik
"Asahi Kasei Transfusion Technology Co., Ltd.",False,False,77,jms transfusion technology co ltd
Ashford Orthodontics Ltd,False,False,80,db orthodontics
ASP International GmbH,True,True,100,asp international
ASTAR SPÓŁKA Z OGRANICZONĄ ODPOWIEDZIALNOŚCIĄ,True,True,100,astar spółka z ograniczoną odpowiedzialnością
Atom Medical Corporation,True,True,100,atom medical
Augusta Medical Systems,False,True,86,acist medical systems
AusDiagnostics Pty Ltd,True,True,100,ausdiagnostics pty
AventaMed DAC,False,False,67,avisena med
"Axonics, Inc.",True,True,100,axonics
"Azure Biosystems, Inc",False,False,77,biosystems
B.N.O.S. Meditech Ltd.,True,True,100,b n o s meditech
BA DENTAL Ithalat Ihracat Sanayi ve Dis Ticaret LTD. STI.,False,False,75,aldar medikal ithalat ihracat sanayi ve ticaret anonim sirketi
Balmonds Skincare Ltd,False,False,62,slingcare bv
Balt Extrusion SAS,True,True,100,balt extrusion sas
Barraclough and Stiles Limited,False,False,58,borch textile group a s
Barron Precision Instruments LLC,True,True,100,barron precision instruments
"BCM Co., Ltd.",True,True,100,bcm co
PD NEUROTECHNOLOGY LIMITED,True,True,100,pd neurotechnology
Aptis Medical LLC,True,True,100,aptis medical
PDG Product Design Group Inc.,True,True,100,pdg product design group
PDI Ltd,False,False,67,sdi
BEGO Implant Systems GmbH & Co. KG,True,True,100,bego implant systems gmbh co kg
"Beijing ADSS Development Co., Ltd.",True,True,100,beijing adss development co
"Beijing Kinghawk Pharmaceutical Co., Ltd.",False,False,72,anhui fangda pharmaceutical co
"Beijing Konted Medical Technology Co.,Ltd",True,True,100,beijing konted medical technology co ltd
"Beijing Wanliandaxinke Instruments Co., Ltd.",False,False,76,beijing mindray medical instrument co
Bemis Manufacturing Company,False,False,83,hemostat manufacturing
"BERPU Medical Technology Co., Ltd",True,True,100,berpu medical technology co
"BESTDENT FOSHAN MEDICAL EQUIPMENT CO., LTD",False,False,84,foshan anlun medical equipment co
Betterguards Technology GmbH,True,True,100,betterguards technology
Beurer GmbH,False,False,67,neuroderm
Bien-Air Dental SA,False,False,73,argen dental
Bio-Rad,True,True,100,bio rad
"Bio-Rad Laboratories, Inc., Clinical Immunology Division (CID)",False,False,53,clonallon laboratories ireland
"BIOCERAMED - Cerâmicos para Aplicações Médicas, S.A.",False,False,58,laboratorio de aplicaciones farmacodinámicas
Biocool AB,True,True,100,biocool ab
"BioDetect (Xiamen) Biotechnology Co., Ltd.",False,False,81,xiamen amonmed biotechnology co
"Biologicals Quality Control B. V,",False,True,93,biologicals quality control
Biomate Medical Devices Technology Co. Ltd.,True,True,100,biomate medical devices technology
Granton Medical Ltd,True,True,100,granton medical
Becton Dickinson India Pvt. Ltd.,False,True,96,becton dickinson india p
"PDT, Inc",False,False,67,pnt
Peacocks Medical Group Limited,False,False,71,nacil medica 4 group
"BioRegen Biomedical (Changzhou) Co., Ltd.",True,True,100,bioregen biomedical changzhou co
Bioskin LLC.,True,True,100,bioskin
Biotech Dental Smilers SAS,False,False,64,swiss biotech innovation sa
Bitmos GmbH,False,False,73,bitop
Black Tie Medical Inc. DBA Tulip Medical Products,False,False,63,integral medical products co
"Bliss Health Products Co., Ltd.",True,True,100,bliss health products co
Blue Spark Technologies,True,True,100,blue spark technologies
Boehringer Ingelheim Pharma GmbH & Co. KG,False,False,65,helago pharma gmbh co kg
Bomtech Electronics Co. Ltd,False,False,74,conmo electronic
BOSS Instruments Ltd,True,True,100,boss instruments
"Boston Scientific Cardiac Diagnostics Technologies, Inc.",False,False,67,abbott diagnostics technologies as
"Bradacare (XiaMen) Health Technology Co.,LTD",True,True,100,bradacare xiamen health technology co ltd
Bredamed BV,False,False,84,bredamed
bredent GmbH & Co.KG,True,True,100,bredent gmbh co kg
Brivant Limited T/A Lake Region Medical,False,False,66,lake region medical
Brock University,False,False,62,univet srl
Bucher Leichtbau AG,False,False,58,coherex medical
Buddy Healthcare Oy Ltd,False,True,90,buddy healthcare ltd oy
Bürki inno med AG,True,True,100,bürki inno med
C J Packford (Optician) Limited,False,False,59,jh optical co
PolarSeal Tapes and Conversions Ltd,True,True,100,polarseal tapes and conversions
Biopsybell S.R.L,False,False,80,biopsybell srl
Peak Medical Limited,False,True,87,pap medical
Pearl Dental Ceramics Ltd,False,False,76,axis dental sarl
Caire Inc.,True,True,100,caire
"Caliber Imaging and Diagnostics, Inc.",False,False,73,diagnostic imaging
Camp Scandinavia AB,False,True,86,opo scandinavia ab
Cancer Diagnostics INC,True,True,100,cancer diagnostics
"CapitalBio Technology (Chengdu) Co., Ltd.",True,True,100,capitalbio technology chengdu co
CARDIOFOCUS INC,False,False,73,cardionovum
Care Diagnostica Produktions- und Vertriebsgesellschaft m.b.H.,True,True,100,care diagnostica produktions und vertriebsgesellschaft m b h
"CareMax Co., Ltd.",False,False,83,caremax co ltd
Carnamedica Sp z o o,True,True,100,carnamedica sp z o o
"Cascade Dafo, Inc",True,True,100,cascade dafo
CAVEX Holland BV,True,True,100,cavex holland bv
CDM Center of Excellence Ltd.,False,False,67,electro cap center
CDM Center of Excellence Ltd.,False,False,67,electro cap center
CDU,False,False,67,cmd
Cecil Amey Opticians,False,False,65,excel optics p
CEDAR DENTAL LABORATORIES LTD,False,False,77,helena laboratories
Cedarlane Corporation,True,True,100,cedarlane
Cedars-Sinai Medical Center,False,False,70,inter medical as
Cedic srl,True,True,100,cedic srl
Ceek Women's Health,False,False,68,woundel health care
CEFALY Technology,True,True,100,cefaly technology
"C.R. Bard, Inc.",True,True,100,c r bard
C.S.O srl,False,False,78,id co srl
"Pearl Diagnostics, Inc.",True,True,100,pearl diagnostics
Pearl Technology AG,True,True,100,pearl technology
Celf Creative Limited,False,False,64,uab 3d creative
Cell Marque Corporation,True,True,100,cell marque
Cepheid AB,True,True,100,cepheid ab
Ceramic Designs Laboratory LLP,False,False,60,homer ion laboratory co
Ceramic Studios Premier LTD,False,False,59,studio emi srl
Ceramisys Ltd,True,True,100,ceramisys
"Changshu Wilson Medical Devices Co., Ltd.",False,True,88,chengdu wision medical device co
"Changzhou Tongchuang Medical Instrument Technology Co., Ltd.",False,False,84,changzhou yonghua medical instruments co
"Changzhou Zhengyuan Medical Technology Co.,Ltd.",False,True,95,changzhou zhengyuan medical technology co
"Chembio Diagnostic Systems, Inc",False,True,85,ab diagnostic systems
Chemische Fabrik Dr. Weigert GmbH & Co. KG,True,True,100,chemische fabrik dr weigert gmbh co kg
Chengdu Cryo-Push Medical Technology Co Ltd,False,True,96,chengdu cryo push medical technology co
"Chengdu IXING Biotechnology Co., Ltd.",False,False,84,chang gu biotechnology co
"Chengdu Mechan Electronic Technology Co., Ltd.",True,True,100,chengdu mechan electronic technology co
"Chengdu Mediate Technology Co., Ltd",True,True,100,chengdu mediate technology co
"Chengdu Xinjin Shifeng Medical Apparatus & Instrument Co., Ltd.",True,True,100,chengdu xinjin shifeng medical apparatus instrument co
Cherry Dental Design Ltd,False,False,65,inno dental co
Cheshire Denture Clinic,False,False,58,coreline europe
"Chesterfield Dental Laboratories,",False,False,75,helena laboratories
Chesterfield Royal Hospital,False,False,60,cam hospital srl
CHETAN MEDITECH PVT LTD,True,True,100,chetan meditech pvt
Chiaro Technology Ltd,True,True,100,chiaro technology
Amity Limited,True,True,100,amity
Cegedim Rx Ltd,False,False,63,cedic srl
Pearl White Dental Laboratory,False,False,67,ral tecnica para el laboratorio
"Pearl, Inc.",True,True,100,pearl
"Chongqing Jinshan Science& Technology (Group) Co., Ltd.",False,False,76,chongqing yeasn science technology co
"Christie Medical Holdings, Inc",True,True,100,christie medical holdings
Chromsystems Instruments and Chemicals GmbH,False,False,66,cts chemical industries
Circassia AB,True,True,100,circassia ab
Clarius Mobile Health Corp,True,True,100,clarius mobile health
"Clinical Innovations, LLC.",True,True,100,clinical innovations
Clinomic Medical GmbH,False,True,87,medicap clinic
Coates and Grute Optometrists Ltd,False,False,58,cutler and gross
"College Park Industries, Inc.",True,True,100,college park industries
Collison Retail Limited,False,False,67,cwire retail holdings
Colonic Machines LLP,False,False,63,kahines concept
Communication and Power Industries Canada,False,True,94,communications power industries canada
Confident Orthodontics Ltd,False,False,83,modern orthodontics
Conlett Technology Inc,True,True,100,conlett technology
Cookson Precious Metals Ltd,True,True,100,cookson precious metals
Cooper Lyne Optics (Higham) Ltd t/a Higham Eye Care,False,False,49,jiangsu jumao x care medical equipment co ltd
"CorDx, Inc.",True,True,100,cordx
CoreMedTech ApS,False,False,74,gormedic aps
"CORITON INSTRUMENT CO., LTD.",True,True,100,coriton instrument co
Cosmo Technologies Ltd,False,False,83,biovo technologies
Cotronic Technology Ltd,True,True,100,cotronic technology
Creation Laboratory Ltd,False,False,76,laboratoires arion
Pearldent Dental Practice,False,False,64,metaux precieux dental
CHITOGEL LIMITED,True,True,100,chitogel
PEARLYGLOW INNOVATIONS LTD,False,False,73,innovations medical
Pearmine Health Ltd,True,True,100,pearmine health
Crosstex International Inc.,True,True,100,crosstex international
Crown 24 UK Ltd,False,False,56,microson s a u
"Cubelabs, Inc.",False,False,71,obelab
Cuviva AB,True,True,100,cuviva ab
"Cytek Biosciences, Inc.",True,True,100,cytek biosciences
D-SAM International,True,True,100,d sam international
"Daiya Industry Co., Ltd.",True,True,100,daiya industry co
Daniel Winston Limited,False,False,64,winsome lda
"Dansu-China Health Care Co., Ltd.",False,True,93,dansu china health care co ltd
Data Innovations LLC,False,True,88,asap innovations
Datt Mediproducts PVT. LTD.,False,False,72,fairmont medical products pty
DEAS Srl,False,True,93,dea srl
Deben Diagnostics Ltd,True,True,100,deben diagnostics
Deloris Private Limited,False,False,72,primus gloves private
dent a pharm Produktionsgesellschaft mbH,False,True,85,kaniedenta produktionsgesellschaft mbh
Dental Beauty Bow Ltd,False,False,69,basiq dental bv
Dental Beauty Bromley Limited,False,False,65,astron dental
Dental Manufacturing S.p.A,True,True,100,dental manufacturing s p a
Dentatus AB,False,False,75,uab unidentas
"Dentsply LLC, trading as DENTSPLY Caulk",False,False,55,krk ltd trading as anis dent
DERM TECH France,False,False,69,euro new tech
Dermaroller GmbH,False,False,67,dermaco
"Peek Health, S.A.",True,True,100,peek health
Cross Vetpharm Group UK Ltd (T/A Bimeda),False,False,56,anshi medical group co ltd
Peek Vision Limited,False,False,80,pelvision
PEEL AND GUDGIN LTD,False,False,57,a r guide in medical
DiaSys Diagnostic Systems GmbH,False,False,78,ab diagnostic systems
Dilon Technologies,False,True,86,biomin technologies
Direct Healthcare Group Sverige AB,True,True,100,direct healthcare group sverige ab
Disposable Cubicle Curtains Ltd T/A Hygenica,False,False,52,easy disposable hygienic supplies
Distributed Medical AB,True,True,100,distributed medical ab
DIXI Medical,True,True,100,dixi medical
DMV Corporation,True,True,100,dmv
Dongguan Aidisy Machinery & Electronic Equipment Co. Ltd,False,False,67,dongguan hems electronic technology co
"Dongguan Lingxin Technology Co., Ltd.",False,True,90,dongguan lingsheng technology co
"DongGuan LinSky Medical Device Technology Co., Ltd.",False,True,96,dongguan linsky medical device technology co ltd
"Double Care Medical Technology Co., Ltd",False,True,94,double care medical technology co ltd
Dr Rez dental,False,True,85,dürr dental se
Dr. Arabin GmbH & Co. KG,False,False,76,cardea gmbh co kg
Dr. August Wolff GmbH  & Co. KG,False,False,80,dr august wolff gmbh co kg arzneimittel
Dr. Fenyves und Gut Deutschland GmbH,True,True,100,dr fenyves und gut deutschland
DR. FRANZ KÖHLER CHEMIE GMBH,False,False,58,lee cooper france
Dr. Frigz International (PVT) Ltd.,False,False,80,t i g international
Dr. Gerhard Mann chem.-pharm. Fabrik GmbH,True,True,100,dr gerhard mann chem pharm fabrik
Dr. Jean Bausch GmbH & Co. KG,True,True,100,dr jean bausch gmbh co kg
Dr. Kleine Pharma GmbH,True,True,100,dr kleine pharma
Dr. Langer Medical GmbH,False,False,80,liger medical
Pegasus Med Ltd,False,False,74,medipeau
"Diagnostic Grifols, S.A.",True,True,100,diagnostic grifols
Pegavision Corporation,False,False,84,pelvision
Peili Vision Oy,False,False,76,body vision medical
"Dymedix Diagnostics, Inc",False,False,83,memed diagnostics
"e-LinkCare Meditech Co., Ltd.",False,True,92,e linkcare meditech co ltd
East Lancashire Hospitals NHS Trust,False,False,53,nsk dental italy s r l
East Sussex Healthcare NHS Trust,False,False,66,musicure in healthcare aps
Echosens,False,False,71,opsens
Eckart Klobe,False,False,64,lp care oe
Edward and Mark Coppen T/A St Oswald's Dental,False,False,59,dental planet di barozzini marco c s a s
"Egg Medical, Incorporated",False,True,87,bego medical
EKDANT LIMITED T/A NEW OCTAVIA DENTAL SURGERY,False,False,55,erk dental med tibbi̇ malz tur san ve ti̇c ltd şti̇
"Eko Health, Inc.",True,True,100,eko health
Elektronika i Elektromedycyna M.Lewandowski Sp.J.,False,False,59,elektro oxigén orvosi műszer és elektrotechnikai kft
Eli Lilly and Company_ Pharmaceutical Delivery Systems,False,True,99,eli lilly and company pharmaceutical delivery systems
Eltech srl,False,True,91,celltech srl
EMS Handels Gessellschaft m.b.H.,False,True,98,ems handels gesellschaft m b h
Enable Aid Limited,False,False,71,aidence
Enable Design Ltd,True,True,100,enable design
ENABLE INNOVATIONS s.r.l.,False,False,72,p + l innovations
EnamelX,False,False,71,zenamed
Encore Medical L.P.,False,False,78,creo medical s l u
Endeavour Predict Ltd,False,False,62,medfor products
Endo Tools Therapeutics S.A.,False,True,85,endo therapeutics
ENDO-FLEX GmbH,True,True,100,endo flex
Endocarts International Limited,True,True,100,endocarts international
"EndoClot Plus Co., Ltd.",True,True,100,endoclot plus co
Duearity AB,True,True,100,duearity ab
Pelican Healthcare Ltd,False,False,80,selvas healthcare
Pelvipro,False,False,71,pelvision
"EndyMed Medical Ltd.,",False,False,73,medical econet
"eNeura, Inc",True,True,100,eneura
ENTPROMED SAĞLIK ÜRÜNLERİ SAN. VE TİC. A.Ş.,False,False,83,pakten sağlık ürünleri san ve ti̇c a ş
"Epic International (Thailand) Co., Ltd.",True,True,100,epic international thailand co
EPIX Therapeutics Inc.,False,False,82,endo therapeutics
Epsilon,False,False,71,essilor
Eschenbach Optik GmbH,False,False,58,nk optik
Essilor International,True,True,100,essilor international
Establishment Labs S.A.,False,False,65,home habilis sas
ESTS (GB) Ltd,False,False,60,gc aesthetics
Etac Immedia A/S,False,False,71,ems medical a s
European Orthopaedic Centre,False,False,64,adco orthopaedics
EVER CROWN TRADING (HK) LIMITED,False,False,64,c p a mediterra trading
EVERSENS S.L.,False,True,87,eversens sl
"Everyway Medical Instruments Co., Ltd.",False,True,98,everyway medical instrument co
Eximo Medical Ltd.,True,True,100,eximo medical
Extremity Medical LLC,False,False,76,frei medical
Eyeonic Pty Ltd,False,False,70,evertone pty
EzyAs ABC stocking applicator company,False,False,56,empowered applications ab
F.H INDUSTRIE,False,False,77,ag industries
PEMAX Kunststoff GmbH,False,False,69,meditech kunststoff
Endocon GmbH,True,True,100,endocon
Penarth Dental Laboratory,False,False,65,instrumentation laboratory spa
Pencoed Dental Laboratory,False,False,69,no7 contact lens laboratory
"FEEL TECH BIO Co., Ltd.",False,False,74,wuxi ea bio tech co
Ferring Pharmaceuticals A/S,True,True,100,ferring pharmaceuticals a s
Finetech Medical Limited,False,False,81,betatech medical
FIOCCHETTI SCIENTIFIC S.R.L.,True,True,100,fiocchetti scientific s r l
FKG Dentaire Sàrl,False,False,69,ugin dentaire
FLAEM NUOVA S.p.A,False,False,81,flaem nuova spa
Fogless International AB,True,True,100,fogless international ab
Footmender AB,True,True,100,footmender ab
Fosanis GmbH,True,True,100,fosanis
"Foshan Gaunying Electronics Co., Ltd.",False,False,77,samsung electronics co
"Foshan Vohom Technology Co., Ltd.",False,False,77,foshan xinbao technology co ltd
Fresenius Kabi AG,True,True,100,fresenius kabi
"Fudakang Industrial Co.,Ltd",False,False,78,3d industrial imaging co ltd
"Fujian Kang Chen Daily Necessities Co., Ltd.",False,False,53,shanghai chenguang medical technologies co
"Full Vision, Inc",True,True,100,full vision
"Fussen Technology Co.,Ltd.",False,True,91,fussen technology co
G and H Wire Company,False,False,58,b webber and
G SHAW AND SONS LTD,False,False,59,in log s a s
G-V LLC DBA ANJON,False,False,68,g v llc dba anjon medical devices
"Gambro UF Solutions, Inc. trading as Baxter Plymouth Research Centre",False,False,49,arthrex trauma inc dba advanced orthopaedic solutions
PendraCare International BV,False,True,94,pendracare international
FareTec Inc,True,True,100,faretec
Penlan Healthcare Limited,False,False,82,selvas healthcare
PENLON LIMITED,True,True,100,penlon
"GE OEC Medical Systems, Inc",True,True,100,ge oec medical systems
"Genadyne Biotechnologies, Inc.",False,False,72,genereach biotechnology
General Medical Merate S.p.A.,True,True,100,general medical merate s p a
"GENORAY Co., Ltd.",True,True,100,genoray co
Geotek Medikal ve Saglik Hiz. Tic. San. Ltd. Sti,False,False,78,alpler medikal ve saglik tic ltd sti
Geratherm Medical AG,True,True,100,geratherm medical
Geratherm Respiratory GmbH,True,True,100,geratherm respiratory
GERGONNE INDUSTRIE,False,False,78,euromed industries
German Medical Technology (Beijing) Co. Ltd.,False,True,86,beijing eternal medical technology co
Germitec,False,False,80,s a germitec
GERMO S.p.A.,False,False,80,imo s p a
Gestenco International AB,True,True,100,gestenco international ab
Gethin Jones T/A Moorside Dental Practice,False,False,56,peridenta care dental produkte e k
Getinge Disinfection AB.,True,True,100,getinge disinfection ab
Glaukos Corporation,True,True,100,glaukos
Glisten Dental Technology Ltd,False,True,86,lightmed dental technology
GluStitch Inc.,True,True,100,glustitch
Glycar S.A,False,False,71,glaucare
Good-Lite Corporation,True,True,100,good lite
GrandVision Supply Chain B.V.,True,True,100,grandvision supply chain
PENTA ARZNEIMITTEL GmbH,True,True,100,penta arzneimittel
GCMEDICA ENTERPRISE LTD.(WUXI),True,True,100,gcmedica enterprise ltd wuxi
PentaBase A/S,False,False,64,heka dental a s
PENTAFERTE ITALIA s.r.l.,False,True,86,pentaferte italia srl
"Guangdong JINME Medical Technology Co., Ltd.",False,True,91,guangdong hongke medical technology co
"Guangzhou Deaou Bio-technology Co., Ltd.",False,True,87,guangzhou deaou gene technology co
"Guangzhou Longest Medical Technology Co., Ltd.",True,True,100,guangzhou longest medical technology co
Guilin Refine Medical Instrument Co Ltd,False,True,90,guilin refine medical instrument co ltd
"Guilin Yikeshi Medical Instrument Co., Ltd.",False,False,83,guilin woodpecker medical instrument co
H Robotics Inc.,False,False,83,rehab robotics
h/p/cosmos sports and medical gmbh,False,True,93,h p cosmos sports medical
Haemopharm Biofluids S.r.l.,False,False,63,apharm s r l
Hager & Meisinger GmbH,True,True,100,hager meisinger
Hamilton Thorne Inc,False,False,70,hamilton
Hampton Surgical Industries,False,False,77,surgicell industries
HANGZHOU FUYANG HONGWEI METAL PRODUCT LIMITED COMPANY,False,False,64,changzhou major medical products co ltd
"Hangzhou Genesis Biodetection and Biocontrol Co., Ltd.",False,False,59,new gene hangzhou bioengineering co
"Hangzhou Headway Medical Equipment Co., Ltd.",False,False,82,life medical equipment guangzhou co;ltd
"Hangzhou Hengsheng Medical Technology Co.,Ltd.",False,True,87,hangzhou hawk medical technology co ltd
"HANGZHOU SHUJIE HYGIENE PRODUCTS CO., LTD",False,False,71,hangzhou zhiwu medical product co
"Hangzhou Sino-Europe Biomedical Science Park Co., Ltd.",False,False,64,zeda precision hangzhou biopharmaceutical co
"Hanson Medical, Inc",False,True,93,hansol medical
ICU Medical  Australia Pty Limited,False,False,84,cyclomedica australia pty
"GRI Medical & Electronic Technology Co., Ltd",True,True,100,gri medical electronic technology co
Pentapharm AG,False,False,70,capnopharm
"PENTAX of the Americas, Inc.",False,True,87,pentax of america
Health Equipment Denmark Aps,False,True,92,health equipment denmark
"HEALTH PLUS (SHANGHAI) INTERNATIONAL CO., LTD.",False,True,95,health plus shanghai international co ltd
HeartSine Technologies Ltd,False,True,86,heartfelt technologies
"Heartway Medical Products Co., Ltd.",False,True,94,heartway medical products
Helioscopie,True,True,100,helioscopie
Hemonart Medikal Sistemler San. Tic. A.Ş,False,True,92,hemonart medikal sistemler sanayi ticaret a ş
"Hetaida Technology Co., Ltd.",True,True,100,hetaida technology co
Hinze Optoengineering GmbH & Co. KG,False,False,77,heine optotechnik gmbh co kg
Histon Dental Clinic,False,False,71,itena clinical
HISURGICO,False,False,82,surgicon
"Hologic, Inc.",True,True,100,hologic
Hospidex SAS,False,False,78,hospidex nv
"Hu-Friedy Mfg. Co.,LLC",False,False,65,hu friedy manufacturing co
"Huaian Tianda Medical Instruments Co., Ltd.",False,True,86,hunan vathin medical instrument co
"Huizhou Videya Technology Co., Ltd.",True,True,100,huizhou videya technology co
"Hunan Runmei Gene Technology Co., Ltd.",True,True,100,hunan runmei gene technology co
"Hunan Triplex Precision Medical Devices Co., Ltd.",False,False,76,jingfang precision medical device shenzhen co
HYPNO VR SAS,True,True,100,hypno vr sas
"I-Ming Sanitary Materials Co., Ltd.",False,True,93,i ming sanitary materials co ltd
Ian Hammerton Private Prosthetics Dental Laboratory,False,False,59,tin lok dongguan dental laboratory co
Hartwell Medical LLC,True,True,100,hartwell medical
Pentax UK Ltd,False,False,67,ukens dental
"Penumbra, Inc.",True,True,100,penumbra
A C Cossor & Son (Surgical) Ltd,False,True,90,ac cossor and son surgical
Accucise Diagnostics Inc.,False,False,82,cc diagnostics
"Accutron, Inc.",False,False,71,acuson
Advanced Molecular Diagnostics LTD.,True,True,100,advanced molecular diagnostics
Advanced Ophthalmic Innovations Pte. Ltd.,True,True,100,advanced ophthalmic innovations pte
Advanced Ophthalmic Systems Limited,True,True,100,advanced ophthalmic systems
Advanced Oral Care Ltd,False,False,76,advanced pharma srl
"Advanced Sterilization Products, Inc.",True,True,100,advanced sterilization products
Advanced Vascular Dynamics,False,False,71,advanced molecular diagnostics
Advanced Vehicle Concepts Limited,False,False,68,advanced medical balloons
AdvancedCPR Solutions® LLC,False,False,81,advanced medical solutions
AirLife Finland Oy,True,True,100,airlife finland oy
"ALCARE Co., Ltd.",True,True,100,alcare co
Align Technology Inc.,True,True,100,align technology
Alimed Inc.,False,False,83,maimed
Alimetry Ltd.,True,True,100,alimetry
AliveCor Inc.,False,False,71,alsico
AliveDx Suisse SA,False,False,67,ulisse biomed s p a
All Care Dental Laboratory,False,False,71,aurena laboratories ab
Altomed Ltd,True,True,100,altomed
Alton (Shanghai) Medical Instruments Company Limited,False,True,96,alton shanghai medical instruments co
altona Diagnostics GmbH,False,False,81,co diagnostics
Altris Inc.,False,False,77,altrium
Amann Girrbach AG,True,True,100,amann girrbach
Amanta Healthcare Ltd.,True,True,100,amanta healthcare
"PeopleBio, Inc.",False,False,74,plexbio co
Pepper medical,False,True,86,vesper medical
AMAZIAH LTD,False,False,60,ami
Ambridge Ceramics,False,False,65,fine art ceramics
Ambroise Holland B.V.,True,True,100,ambroise holland
Ambry Genetics,False,False,74,genetic s p a
Ambu A/S,True,True,100,ambu a s
AMC Pharma Ltd,False,False,84,nm pharma
AMD Medicom Inc.,False,False,78,medicom
Amdecc Ltd,False,False,73,a dec
Amedtec Medizintechnik Aue GmbH,True,True,100,amedtec medizintechnik aue
Amenity Health Inc,False,False,74,health beauty
American Diagnostic Corporation,True,True,100,american diagnostic
American Orthodontics Corp,True,True,100,american orthodontics
American Safety Power Tool PVT Ltd,True,True,100,american safety power tool pvt
American Surgical Company,True,True,100,american surgical
American Well Corporation Limited Ireland,False,False,61,sceneray corporation limited
Amery House Dental Practice,False,False,65,code of practice ab
Ames Medical Prosthetic Soulutions SAU,False,True,99,ames medical prosthetic solutions sau
amg International GmbH,True,True,100,amg international
AMI INC.,True,True,100,ami
AMI Italia S.r.l,False,True,88,a m i italia s r l
AMI Medical Ltd,True,True,100,ami medical
Amico Mobility Solutions Corp,True,True,100,amico mobility solutions
Amimon Inc.,True,True,100,amimon
amin dental,False,False,80,baumann dental
"AMITOFO CO., LIMITED",False,False,67,amtec co
Peptonic Medical AB,False,True,91,peptonic medical
Peptonic Medical Israel Ltd,False,False,82,peptonic medical
Amman Pharmaceutical Industries Company,True,True,100,amman pharmaceutical industries
"Ammex-Weida (Hubei) Health and Safety Products Co., Ltd",False,False,66,sesmed healthcare products cambodia co
AMO Groningen B.V.,False,False,64,group akm ni
AMO Ireland,True,True,100,amo ireland
"AMO Manufacturing USA, LLC.",True,True,100,amo manufacturing usa
AMO Uppsala AB,True,True,100,amo uppsala ab
Amoena Medizin-Orthopädie-Technik GmbH,False,False,70,alianza techniques d'orthopedie
Appasamy Ocular Devices (P) Ltd,True,True,100,appasamy ocular devices p
"Ataraxis Medical Supply Co., Ltd.",True,True,100,ataraxis medical supply co
"Auckland Medical Polymer (Tianjin) Co., Ltd.",False,False,68,biochip langdao tianjin medical technology
"Avalign Technologies, Inc.",False,True,87,attain technologies
Avantsonic Technology Co. Ltd,False,True,86,avantsonic technology co ltd
"AVINENT IMPLANT SYSTEM, S.L.U.",True,True,100,avinent implant system s l u
BDC Dental Corporation Ltd.,False,False,80,cms dental
"Beijing Choice Electronic Technology Co., Ltd.",False,False,76,beijing eternity electronic technology co ltd
"Beijing OriginPoly Bio-Tec Co., Ltd.",False,False,73,beijing datsing bio tech co
"Beijing OriginPoly Bio-Tec Co., Ltd.",False,False,75,beijing datsing bio tech co
"Beijing Ruicheng Medical Supplies Co., Ltd",True,True,100,beijing ruicheng medical supplies co
"Beijing Sappho Technology Co., Ltd.",False,True,87,beijing smart technology co
"Beijing Sincoheren Science and Technology Development Co., Ltd.",False,False,80,beijing fule science technology development co
Perceive International,False,False,83,pendracare international
"Beijing Smart Technology Co.,Ltd",False,True,93,beijing smart technology co
"Beijing Stelle Laser Technology Co.,Ltd.",True,True,100,beijing stelle laser technology co ltd
"Beijing Taijieweiye Technology Co., Ltd.",True,True,100,beijing taijieweiye technology co
Beijing taktvoll technology co. ltd,False,False,77,beijing unt technology co
Beijing Unidiag Technology Inc.,False,False,82,beijing unt technology co
"Beijing Wanliandaxinke Instruments Co.,Ltd,",False,False,72,beijing mindray medical instrument co
"Beijing Zhongyan Taihe Medical Instrument Co., Ltd",True,True,100,beijing zhongyan taihe medical instrument co
Belimed AG,True,True,100,belimed
Belkin Vision Ltd,True,True,100,belkin vision
Bellamy Eyecare,False,False,58,deltacare
Bellamy Eyecare (Irthlingborough),False,False,53,linde homecare belgium
Bellco S.r.l.,True,True,100,bellco s r l
Belle Vue Dental Laboratory,False,False,70,helena laboratories
BELLINGER A/S,False,False,67,gabel s r l
Bellman & Symfon Group AB,False,False,65,gama group a s
Belmont Dental Lab,False,False,69,access dental lab
Biomet Sports Medicine,False,False,83,computer sports medicine
"Bluegrass Vascular Technologies, Inc.,",False,True,94,bluegrass vascular technologies
BRUMABA GmbH & Co.KG,False,False,81,bergmann gmbh co kg
C.B.M. s.r.l. Medical Equipment,False,False,79,b j zh f panther medical equipment co
Careplus (M) Sdn Bhd,True,True,100,careplus m sdn bhd
Cattani S.p.A,True,True,100,cattani s p a
Cavagna Group SpA,False,False,83,cavagna group s p a
Diva Smile,False,False,67,damie
Percussionaire Corporation,True,True,100,percussionaire
"Peregrine Surgical, LLC",True,True,100,peregrine surgical
"CG Bio CO., Ltd.",True,True,100,cg bio co
"Chien Ti Enterprise Co., Ltd.,",False,True,92,chien ti enterprise co
"Clark Laboratories, INC., dba Trinity Biotech USA",False,False,58,bio rad laboratories
"Conant Optics (Jiangsu) Co., Ltd.",False,True,92,conant optics jiangsu co ltd
Cosmed Srl,True,True,100,cosmed srl
"Cosmedent, Inc.",False,False,80,siamdent co
"Creative Biosciences (Guangzhou) Co., Ltd.",True,True,100,creative biosciences guangzhou co
DEBx Medical BV,True,True,100,debx medical bv
"Dental Engineering Laboratories, LLC Trading as `Plan B Dental`",False,False,60,lean innovations trading engineering
Dentsply Industria e Comercio Ltda.,True,True,100,dentsply industria e comercio ltda
DESU MEDİKAL ÜRÜNLERİ VE TIBBİ CİHAZLAR SAN. VE TİC A.Ş,False,False,76,oltre medi̇kal ve elektroni̇k ci̇hazlar san ve ti̇c a ş
Devroye Instruments SRL,False,False,76,pisces eye instruments
DiaSorin Inc.,False,False,73,diasorin s p a
"DiaTrust Medical Co., Ltd.",False,False,79,clarus medical
Dignitana AB,False,False,70,nitab ab
Dignity Care Network,False,False,61,dentek oral care
Digostics Ltd,True,True,100,digostics
Dilon Medical Technologies Ltd.,True,True,100,dilon medical technologies
"DINA-HITEX, spol. s r.o.",True,True,100,dina hitex spol s r o
Ding Yuan Dental Lab Ltd,False,False,72,final dental lab
DIO Corporation,True,True,100,dio
Diomed Developments Ltd,True,True,100,diomed developments
Perfect 32,False,False,60,perspectum
Perfection Plus Ltd,True,True,100,perfection plus
"Diversatek Healthcare, Inc",True,True,100,diversatek healthcare
Diversey Europe Operations B.V.,True,True,100,diversey europe operations
Diversey Ltd,False,False,57,delsys
Divine Dentures Limited,False,False,67,direct dentaire
DJ Ceramics and Denture Studio,False,False,62,j b implant and dental ceramics
DJM dental laboratory ltd,False,False,67,dermadry laboratories
DJO France SAS,False,False,83,djo france
"DJO, LLC",True,True,100,djo
DLAB Scientific Company Ltd,False,True,86,3b scientific
DLS MEDICAL,False,True,92,delos medical
DM Dental Laboratory Ltd,False,False,68,dermadry laboratories
DM Orthotics ltd,True,True,100,dm orthotics
DName-iT Holdings Limited,True,True,100,dname it holdings
DNH Digital Guides Services Limited,False,False,65,dia lab services s r l
DO-ALL Corp.,False,False,67,allyon
Do.Tobell S.r.l,False,False,79,do tobell srl
"DOC Brands, Inc",False,False,76,movi brands
Dr. Mach GmbH & Co KG,False,False,84,dr lüschow gmbh co kg
Dragerwerk AG & Co. KGaA,False,True,98,drägerwerk ag co kgaa
East End Orthodontics,False,False,78,db orthodontics
"EndoClot Plus, Inc.",True,True,100,endoclot plus
F.L. MEDICAL s.r.l. Unipersonale,True,True,100,f l medical s r l unipersonale
FAMED Żywiec Sp. z o.o.,False,False,69,medin sp z o o
FAMICA INTERNATIONAL CO. LTD.,True,True,100,famica international
"Famidoc Technology Co., Ltd.",False,False,84,taidoc technology
FEELLIFE HEALTH INC.,True,True,100,feellife health
Performance Health Int,False,True,90,performance health
Performance Health Supply LLC,True,True,100,performance health supply
Pergo Medikal ve Ilac Sanayi A.S.,True,True,100,pergo medikal ve ilac sanayi a s
"Genetron Health (Beijing) Co., Ltd.",False,False,69,beijing zhenhealth technology co
Gerium Medical Ltd.,False,False,83,eu medical
Glenbio Ltd.,True,True,100,glenbio
Graphic Controls Acquisition Corp d.b.a. Nissha Medical Technologies,False,False,69,graphic controls d b a nissha medical technologies vermed biomedical innovations
"Grifols Diagnostic Solutions, Inc",True,True,100,grifols diagnostic solutions
Haleon Medical Devices,False,False,84,medbone medical devices
Hart Biologicals Ltd,True,True,100,hart biologicals
"Heng Rong (Xiamen) Plastic Products Co., Ltd.",False,False,73,xiantao city songqing plastic products co
"Hengshui Gangsheng Medical Instruments Co., Ltd.",False,False,76,hengshui zhukang medical instrument co
hill opticians limited,False,False,67,thinoptics
Hill-Rom S.A.S.,True,True,100,hill rom s a s
Hill-Rom Services Private Ltd.,False,True,91,hill rom services pte
"Hill-Rom, Inc.",False,False,73,hill rom s a s
Hilotherm GmbH,False,False,63,hospithera
HiMedia Laboratories Private Ltd.,False,True,92,himedia laboratories pvt
Himedico LTD,False,False,80,medicom
Hinckley V E Limited,False,False,75,scd hinckley
Hindhead Dental Laboratory,False,False,67,final dental lab
HL Healthcare Ltd,True,True,100,hl healthcare
HLW Dentalinstruments GmbH,False,True,86,lead dental instruments
HMC Premedical S.p.A,True,True,100,hmc premedical s p a
HMP Enterprises Inc,False,True,87,kem enterprises
HMT Medizintechnik GmbH,True,True,100,hmt medizintechnik
PostopQRS Ltd,False,False,71,posos
Perimed AB,False,True,86,apriomed ab
Perimom Ltd,False,False,73,prim
Abbott Laboratories Diagnostics Division,False,False,71,abbott diagnostics scarborough
"Airflo (Xiamen) Medical Co., Ltd.",True,True,100,airflo xiamen medical co
AIRS Medical Inc.,True,True,100,airs medical
Airsonett UK Ltd,False,False,75,airsonett ab
"AirStrip Technologies, Inc",True,True,100,airstrip technologies
Aiste Bliudziute,False,False,55,astra biotech
AIT Austrian Institute of Technology GmbH,False,False,76,industrial technology research institute
AITCH DENTAL LABORATORY,False,False,69,laboratoire d'etalons d'activite
AIVF Ltd,True,True,100,aivf
AJ IMPLANT AND PROSTHETICS DENTAL LAB LTD,False,False,70,implant protesis dental 2004 s l
Amar Chidipothu,False,False,56,ortho arch
AMBULANC (SHENZHEN) TECH. CO. LTD.,False,True,94,ambulanc shenzhen tech co
AMLo Biosciences Limited,False,False,84,alba bioscience
"Aplan Well Enterprise Co., Ltd.",True,True,100,aplan well enterprise co
"Beijing Sincoheren Science and Technology Development Co., Ltd.",False,False,80,beijing fule science technology development co
Bioventus LLC,False,False,74,entusia bv
Braingaze SL,False,False,67,brintazzoli srl
Hobby Casuals Ltd,False,False,59,thego care sas
"Hocer (Tianjin) Medical Technologies Co., Ltd.",False,True,87,teijin medical technologies co
Hocoma AG,True,True,100,hocoma
HONG SENG GLOVES SDN. BHD.,True,True,100,hong seng gloves sdn bhd
Hovertech International,True,True,100,hovertech international
Ideal Living LLC,False,False,67,living brain
Perinatal Institute,False,False,71,institute for prenatal health
Brainlab AG,True,True,100,brainlab
Brainlab Ltd.,True,True,100,brainlab
Brainomix Limited,True,True,100,brainomix
BrainPortfolio Inc.,False,False,62,braincool ab
Brainscan S.A.,False,False,74,braincarta
BrainsWay Ltd,False,False,71,brainlab
Bramley Dental Ceramics Limited,False,False,65,dental balance
Brammar & Walker Ocularists Limited,False,False,79,robin brammar ocularist
BRAND GMBH + CO KG,False,True,86,bergmann gmbh co kg
Brandon Medical Company Limited,True,True,100,brandon medical
"Brasseler USA Medical, LLC",True,True,100,brasseler usa medical
Cefla s.c.,True,True,100,cefla s c
Cerium Visual Technologies Ltd,True,True,100,cerium visual technologies
CerTest Biotec S.L,True,True,100,certest biotec s l
"Citotest Labware Manufacturing Co., Ltd.",False,False,76,jiangsu kahotest citotest labware manufacturing co ltd
Curasept S.p.A,True,True,100,curasept s p a
CurveBeam AI,True,True,100,curvebeam ai
Diversatek Healthcare,True,True,100,diversatek healthcare
Dorset County Hospital,False,False,61,orthopeasia co
elm-plastic GmbH,True,True,100,elm plastic
ELOS Medtech Pinol A/S,True,True,100,elos medtech pinol a s
Emotion fitness GmbH & Co.KG,False,False,70,evonos gmbh co kg
Ethos Evacuation Strategies LLC.  (Ethos Preparedness -Medsled),False,False,46,organes tissus regeneration reparation remplacement
Fortress Diagnostics Ltd,False,False,81,diagnostics s r o
FORTUNA HEALTHCARE LIMITED,False,False,78,barnaux healthcare
Forum Brands LLC,False,False,78,yoyu brands
"Gansu Constar Technology Group Co., Ltd.",True,True,100,gansu constar technology group co
"Guangzhou RebornEndo Medical instrument Co,. Ltd.",False,True,85,guangzhou tourniqueen medical instrument' s co
Gunze Limited,True,True,100,gunze
Gustav Baehr GMBH,True,True,100,gustav baehr
"HOB Biotech Group Co., Ltd.",False,True,92,hob biotech group
"Hunan Beyond Medical Technology Co., Ltd.",True,True,100,hunan beyond medical technology co
I.C. Dental Laboratory,False,False,73,homer ion laboratory co
"I.C. Medical, Inc.",False,True,92,i com medical
"IDION MEDICAL CO.,LTD.",True,True,100,idion medical co ltd
Ikerian AG,True,True,100,ikerian
"iLine Microsystems, S.L.",True,True,100,iline microsystems s l
"Illumina, Inc.",True,True,100,illumina
iLsa Diagnostic,False,True,97,ilsa diagnostics
iLumi Sciences Inc.,True,True,100,ilumi sciences
IM Med Ltd,True,True,100,im med
Im Vitro,False,False,77,vitro
IMACTIS® SAS,False,True,100,imactis sas
image dental laboratory,False,False,67,apimab laboratoires
IMAGE Information Systems Europe GmbH,True,True,100,image information systems europe
Imaginable Ltd,False,False,70,varex imaging
Imagine Eyes,True,True,100,imagine eyes
"Imaging Biometrics, LLC",True,True,100,imaging biometrics
Imaxeon Pty Ltd,False,False,63,imeso it
"Imbio, LLC",False,False,80,mybio
IMDS OPERATIONS B.V.,False,False,72,episurf operations ab
iMDsoft Ltd.,True,True,100,imdsoft
imed Medical GmbH,True,True,100,imed medical
"IMEDICOM Co., Ltd.",False,False,82,medicore co
IMERA.AI Limited,False,False,71,spimed ai
IMMCO Diagnostics,False,True,88,imtec diagnostics
Immedica Pharma AB,False,False,80,gd medical pharma
"Immucor GTI Diagnostics, Inc.",True,True,100,immucor gti diagnostics
IMMUCOR Medizinische Diagnostik GmbH,True,True,100,immucor medizinische diagnostik
"Immucor, Inc.",True,True,100,immucor
Immunalysis Corporation,True,True,100,immunalysis
Immundiagnostik AG,True,True,100,immundiagnostik
Immunexpress Inc.,False,False,67,immunemed
Immunodiagnostic Systems France,False,True,87,immunodiagnostic systems
Immunodiagnostic Systems Limited,True,True,100,immunodiagnostic systems
Immunodiagnostic Systems S.A.,True,True,100,immunodiagnostic systems
ImmunoIVD AB,False,False,64,unident ab
ImmunoServ Ltd,False,False,71,immucor
Immunostics Inc.,False,False,76,bionostics
Immunotech S.A.S.,False,True,87,immunotech sas
Immunotech s.r.o,False,False,80,medutech s r o
"IMMY MDx, Ltd.",False,False,71,im med
"IMMY, Inc.",False,False,60,zimmer
"ImPACT Applications, Inc.",True,True,100,impact applications
ImpediMed Limited,True,True,100,impedimed
Imperial Dental Studio Ltd,False,False,80,hall dental studio
Imperial Smiles ltd,False,False,68,imperial vitamins s r o
Impeto Medical,True,True,100,impeto medical
Implanet,False,False,82,implantec
implant and ceramic centre ltd,False,False,70,j b implant and dental ceramics
Implant Design Solutions,False,False,73,implant solutions west ab
"IMPLANT PROTESIS DENTAL 2004, S.L",True,True,100,implant protesis dental 2004 s l
Implant Restorations Ltd,False,False,74,implant solutions s r o
Implant Solutions Pty Ltd. (T/A Osteon Medical),True,True,100,implant solutions pty ltd t a osteon medical
implantcast GmbH,True,True,100,implantcast
Implantech Associates,True,True,100,implantech associates
Implantica CE Reflux Ltd,True,True,100,implantica ce reflux
Implatek Saglik Ürünleri San. ve Tic. Ltd. Sti.,False,False,72,nta implant ticaret ve sanayi ltd sti
"ImplicitCare, LLC",False,False,64,implicit care
Implicity,False,False,73,implicit care
Impo International Limited,True,True,100,impo international
Impression Dental Laboratory Ltd,False,False,65,laboratoires arion
Impressions Dental Laboratories Ltd,False,False,69,clonallon laboratories ireland
Impressions Dental Laboratory Ltd,False,False,64,laboratoires arion
"IMPROVING MOBILITY DEVELOPMENT, S.L.",False,True,96,improving mobility development sl
IMS Giotto S.P.A.,True,True,100,ims giotto s p a
Imspex Diagnostics Ltd,True,True,100,imspex diagnostics
IMULAB,False,False,80,mölab
Imusyn GmbH & Co.KG,True,True,100,imusyn gmbh co kg
Imutest Limited,False,False,77,mstest
In Retention,False,False,67,microvention
In-Align Orthodontic Ltd,False,False,73,american orthodontics
IN’SURG,False,False,67,eakin surgical
In2Bones SAS,False,True,92,in2bones usa
In2Bones USA,True,True,100,in2bones usa
Inagene Diagnostics Inc.,False,True,86,genome diagnostics
"Inami & Co., Ltd.",True,True,100,inami co
Inari Medical,False,True,85,artio medical
Inavya Ventures Ltd,False,False,71,smart in venture
"InBody Co., Ltd.",True,True,100,inbody co
Inceler medical ltd,False,True,86,clers medical
INCEPTION OPTICS LTD,False,False,68,sunoptic international
Incereb Ltd,True,True,100,incereb
İnci Dental Tıbbi Malz.San.ve Tic.Ltd.Sti.,False,False,84,i̇nci̇ dental tibbi̇ malzeme san ve ti̇c ltd şti̇
Incidental Limited,False,False,82,indigodental
Incipio Devices,True,True,100,incipio devices
Incipio Devices SA,True,True,100,incipio devices sa
"Incisive Surgical, Inc.",False,True,86,intuitive surgical
Incontinence Shop,False,False,59,reshape lifesciences
"Incrediwear Holdings, Inc.",True,True,100,incrediwear holdings
Incus Surgical Ltd,False,False,83,custom surgical
Incydental Ltd,False,False,73,indigodental
Independence Products Ltd,True,True,100,independence products
INDIANA OPHTHALMICS LLP,False,False,73,labtician ophthalmics
"INDIBA, S.A.U.",True,True,100,indiba s a u
Indica Labs,True,True,100,indica labs
Indizen Optical Technologies S.L.U.,True,True,100,indizen optical technologies s l u
Indlovu Healthcare Limited,False,False,79,trio healthcare
Indus Medicare Private Limited,True,True,100,indus medicare private
Industree Group Pty Ltd,False,False,73,go medical industries pty
Industria Farmaceutica Galenica Senese S.r.l.,False,True,88,industria farmaceutica galenica senese srl
Industrial Farmaceutica Cantabria S.A.,False,True,98,industrial farmacéutica cantabria
Industrias Hidraulicas Pardo. S.L,False,True,94,industrias hidráulicas pardo sl
Industrie Biomediche Insubri SA,False,False,64,fomed industries
INEX Innovate Pte Ltd,False,False,67,ibex innovations
"Infermedica Sp. z o.o.,",False,True,88,neuromedical sp z o o
"Infervision Medical Technology Co., Ltd",True,True,100,infervision medical technology co
Infinite Biomedical Technologies,True,True,100,infinite biomedical technologies
"INFINITT Healthcare Co., Ltd.",False,False,82,ntl healthcare co
Infinity Dental Lab Ltd.,False,False,80,final dental lab
Infinity Eyecare Ltd,False,False,71,infinitt europe
Infinity Neuro LLC,True,True,100,infinity neuro
"Infivision Medical Imaging Technology Co., Ltd.",True,True,100,infivision medical imaging technology co
"Infivision Medical Imaging Technology Co., Ltd.",True,True,100,infivision medical imaging technology co
INFOHEALTH LTD,False,False,78,sihealth
INFOMED FLUIDS S.r.l.,True,True,100,infomed fluids s r l
Infomed SA,True,True,100,infomed sa
"Infomed Software, S.L.",False,True,92,infomed software sl
Informatica Systems Ltd,False,False,83,4s information systems
Infrared Laboratory Systems LLC,False,False,74,baltic laboratory systems oü
"Infraredx, Inc.",False,False,63,share info
Infumed GmbH,False,False,83,numed
"ING Source, LLC",False,False,82,gsource
Ingenion Medical Ltd,True,True,100,ingenion medical
Ingleby house dental practice,False,False,60,gebdi dental products
Inhealthcare Ltd,False,False,83,davion healthcare
inHEART,True,True,100,inheart
Inland UK Ltd,False,False,71,invandus
INMED S.A.,False,True,91,inomed
InMode Ltd,True,True,100,inmode
"InnaK Diagnostics, Inc.",False,True,88,inova diagnostics
INNATE S.r.l.,True,True,100,innate s r l
INNERSIGHTLABS LTD,False,True,97,innersight labs
"InnFocus, Inc.",True,True,100,innfocus
Inno-train Diagnostik GmbH,True,True,100,inno train diagnostik
Innolatex (Thailand) Limited,True,True,100,innolatex thailand
"Innolcon Medical Technology (Suzhou) Co., Ltd.",True,True,100,innolcon medical technology suzhou co
Innomed Inc.,False,True,93,inno3med
Innominata dba GenBio,False,False,57,gestenco international ab
Innoprick S.L.,True,True,100,innoprick s l
InnoScot Health Limited,False,False,77,mint health
INNOTERE GmbH,False,False,75,innocare
Innova Vision Inc.,True,True,100,innova vision
Innovaciones Disras S.L.,False,False,68,st andrews medical innovations
Innovacon Inc,False,False,75,novacor
Innovant Healthcare Limited,False,True,86,noventi healthcare
Innovate Dental Laboratory Limited,False,False,67,final dental lab
Innovate Orthopaedics Ltd,True,True,100,innovate orthopaedics
Innovative BioCeramix Inc.,False,False,68,innovative gloves
Innovative Design Orthopaedics Limited,True,True,100,innovative design orthopaedics
Innovative Health Sciences EU Inc.,False,False,68,revvity health sciences inc sc
Innovative Health Technologies (NZ) Ltd,False,False,79,ionic health technologies
"Innovative Material and Devices, Inc.",True,True,100,innovative material and devices
Innovative Oral Care Ltd,False,True,86,innovative trauma care
Innovative Tomography Products GmbH,False,False,65,innovative product brands
Innovative Trauma Care Inc.,True,True,100,innovative trauma care
Innovel Ltd,False,False,74,ls innoventa
Innoventa Medica A/S,False,True,90,innoventa medica aps
Innovere Medical Inc.,True,True,100,innovere medical
"INNOVEX MEDICAL CO., LTD.",False,True,85,innermedical co
Innovgas Pty Ltd,False,False,67,annalise ai pty
Innvol Medical India Limited,False,False,74,innz medical ab
Inocer Ltd,False,False,77,sincler
"Inogen, Inc.",False,True,86,inogenix
inomed Medizintechnik GmbH,True,True,100,inomed medizintechnik
inomed neurocare limited,False,False,73,abiomed europe
Inotec AMD LTD,True,True,100,inotec amd
INOVA Diagnostics,True,True,100,inova diagnostics
"Inovo, Inc.",True,True,100,inovo
Inovytec Medical Solutions Ltd.,True,True,100,inovytec medical solutions
Inpeco SA,False,False,78,sipec spa
InQpharm Consumer Health GmbH,False,False,67,clonmel healthcare
InQpharm Consumer Health Ltd.,False,False,67,clonmel healthcare
Insight Lifetech Co Ltd,False,True,91,insight lifetech co
Insight Medical Products Ltd,True,True,100,insight medical products
Insight Opticians,False,False,67,infiniti options
"Insight Rx, Inc.",True,True,100,insight rx
Insight Surgical,False,False,79,ntz surgical
Insightec Ltd,False,False,74,retinsight
Insignia Medical Systems Ltd,True,True,100,insignia medical systems
Insollz Ltd,False,False,83,insol
Inspecs Ltd,False,False,67,inspe iį
Inspiration Healthcare Limited,True,True,100,inspiration healthcare
"Inspire Medical Systems, Inc.",False,True,85,insignia medical systems
Inspired Dental Laboratory Ltd,False,False,64,clonallon laboratories ireland
InspireMD Ltd.,True,True,100,inspiremd
INSTITUT DE BIOTECHNOLOGIES JACQUES BOY,True,True,100,institut de biotechnologies jacques boy
INVACARE UK OPERATIONS LIMITED,False,False,77,invacare france operations sas
Institut Georges Lopez (IGL),False,True,92,institut georges lopez
Institut Straumann AG,True,True,100,institut straumann
"Instituto Tecnológico de Canarias, S.A.",False,False,62,istituto ottico isolani
Instrumentation Difra SA,False,True,93,instrumentation difra
Instrumentation Laboratory Co,False,True,93,instrumentation laboratory spa
Instrumentation Laboratory SpA,True,True,100,instrumentation laboratory spa
Insulet Corporation,True,True,100,insulet
Int2med ltd,False,False,77,inomed
Intact Vascular Inc,True,True,100,intact vascular
Intco Medical (HK) Co Ltd,False,True,91,intco medical hk co
"InTec Products, Inc.,",False,True,88,intec products
Integra International AS,False,False,84,antec international
Integra LifeSciences (Ireland) Ltd,False,False,83,integra lifesciences
Integra LifeSciences Corporation,True,True,100,integra lifesciences
Integra LifeSciences Corporation,True,True,100,integra lifesciences
Integra LifeSciences Production Corporation,True,True,100,integra lifesciences production
Integra LifeSciences Switzerland Sarl,False,False,71,integra lifesciences production
Integra MicroFrance SAS,False,True,90,integra microfrance
Integra Neurosciences Implants (France) S.A.S,False,False,58,alimera sciences europe
Integra Neurosciences Limited,False,False,83,integra lifesciences
Integra Pain Management,True,True,100,integra pain management
"Integral Medical Products Co., Ltd.",True,True,100,integral medical products co
Integrated Endoscopy Inc.,False,False,78,intelligent endoscopy
INTEGRATED LENS TECHNOLOGY,True,True,100,integrated lens technology
IQ MEDICAL,False,True,90,ic medical
Integration Diagnostics Sweden AB,False,False,75,integration diagnostics nsk nordic
Integrity Implants Inc.,False,False,69,integrity implants inc dba accelus
Integrity Mobility Solutions Ltd.,True,True,100,integrity mobility solutions
Integrum AB,True,True,100,integrum ab
Intelerad Holdings USA Ltd,False,False,67,incrediwear holdings
Intelerad Medical Systems Incorporated,True,True,100,intelerad medical systems
Intelex Group (UK) Limited,False,False,69,interco group
INTELLIGENCE ARTIFICIELLE APPLICATIONS – I2A,False,True,95,intelligence artificielle applications
Intelligent Dental Solutions Laboratory Ltd,False,False,68,tin lok dongguan dental laboratory co
Intelligent Endoscopy LLC,True,True,100,intelligent endoscopy
Intelligent System Co. Ltd.,False,False,80,intelligent hearing systems
Intelligent Ultrasound Limited,True,True,100,intelligent ultrasound
"Intelon Optics, Inc",False,False,75,liteoptics
Intensiv Medical Products IMPROMEDIFORM GmbH,True,True,100,intensiv medical products impromediform
Intensiv SA,True,True,100,intensiv sa
"Inter-Med, Inc.",True,True,100,inter med
Interacoustics A/S,True,True,100,interacoustics a s
INTERDENT d.o.o.,False,False,71,intersocks d o o
Interlinked AB,True,True,100,interlinked ab
Intermark Medical Innovations Ltd,True,True,100,intermark medical innovations
Intermark Medical innovations Ltd,True,True,100,intermark medical innovations
INTERMEDIC ARFRAN S.A.,True,True,100,intermedic arfran
INTERMEDT Medizin & Technik GmbH,True,True,100,intermedt medizin technik
"International Biomedical, Ltd",True,True,100,international biomedical
International Glazing Services Ltd,False,False,79,service best international
International Isotopes Inc.,True,True,100,international isotopes
"International Medical Industries, Inc.",False,False,83,best medical international
International Medical Research Pty Ltd,False,True,86,mir medical international research s p a
Interneuron CIC,False,False,69,dci international
Interpod Pty Ltd,True,True,100,interpod pty
"Interrad Medical, Inc.",True,True,100,interrad medical
"INTERSCOPE, INC",True,True,100,interscope
Intersect ENT,True,True,100,intersect ent
Interster International B.V.,True,True,100,interster international
Intersurgical Ltd,True,True,100,intersurgical
Intersurgical SpA,True,True,100,intersurgical spa
InterSystems,False,False,83,line systems
Interton A/S,False,False,71,d sam international
INTERVASCULAR SAS,True,True,100,intervascular sas
Interweave Textiles Limited,False,False,65,intraven s l
Intigena GmbH & Co.KG,True,True,100,intigena gmbh co kg
"IntoCare Medical Technology (SuZhou) Co, Ltd.",True,True,100,intocare medical technology suzhou co
intra special catheters GmbH,True,True,100,intra special catheters
Intracell Medical UK Limited,False,False,78,integral medical
"Intradin (Shanghai) Machinery Co., Ltd",False,False,68,zhongshan a e machinery industry co
Intrasign Ltd,False,False,74,intrasense
"IntroMedic Co., Ltd.",True,True,100,intromedic co
Intuitive Surgical Inc,True,True,100,intuitive surgical
Inuvi Diagnostics Limited,False,True,88,inova diagnostics
Invacare France Operations SAS,True,True,100,invacare france operations sas
Invacare GmbH,True,True,100,invacare
Invacare Portugal,False,True,89,invacare portugal lda
Invacare Rea AB,True,True,100,invacare rea ab
Invatec SpA,False,False,82,novatech sa
"Invenio Imaging, Inc.",False,False,76,nano x imaging
Invent Medic Sweden AB,True,True,100,invent medic sweden ab
Inventis S.r.l,False,False,83,ingeniars s r l
Inverness Dental Laboratory,False,False,70,egj jonkers dental laboratorium jonkers
"INVIA, LLC",True,True,100,invia
Invictus Global Limited,False,False,74,unico global
INVIDIA Medical GmbH & Co. KG,True,True,100,invidia medical gmbh co kg
inVita intelligence Care Solutions Limited,True,True,100,invita intelligence care solutions
inVita intelligence Care Solutions Limited,True,True,100,invita intelligence care solutions
Invivo Corporation,False,True,86,scinvivo
Invivo Corporation,False,True,86,scinvivo
"Invivo, a division of Philips Medical Systems",False,False,70,philips medical systems dmc
"Invivoscribe, Inc",True,True,100,invivoscribe
Invotec,False,False,80,innotech
"INYECCION ARTICULOS LABORATORIO, S.L.",True,True,100,inyeccion articulos laboratorio s l
IO Mullens (Stockton) Limited,False,False,59,simfle stick co
IO Spurretts Limited,False,False,67,serres oy
IOLLA  GROUP Ltd,False,False,78,milano group
IOLUTION GmbH,False,False,82,ovolution
Ion Beam Application S.A.,False,True,98,ion beam applications
IOPI Medical LLC,False,True,92,hopi medical
IP3 services limited,False,False,78,mpg service
iPlato Healthcare Ltd,False,True,85,nateo healthcare
iPrescribe Exercise Digital Limited,False,False,60,dmg digital enterprises se
IProdens GmbH,False,False,71,prodent oü
IPS Converters ltd,True,True,100,ips converters
IQ Endoscopes Limited,False,True,92,endoscope i
iQ HealthTech,False,True,89,vio healthtech
IQ Messenger BV,False,True,89,iq messenger
IQ Products B.V.,False,True,91,pi products
IRADIMED CORPORATION,False,False,77,idmed
"iRay Technology Co., Ltd.",False,True,91,iray technology
"iRhythm Technologies, Inc",False,False,83,imv technologies
Irida Health,False,False,78,siva health
Iridex Corporation,True,True,100,iridex
Iris eye care limited,False,False,76,iris eye
IROMED GROUP S.r.l,True,True,100,iromed group s r l
iRT Systems GmbH,False,True,86,hi systems
"Irufa Industrial Group CO.,LTD",False,False,76,jiangxi ruibang industrial group co ltd
Irvine Biomedical Inc. a St. Jude Medical Company,False,False,60,borcad medical a s
Isabel brenkley,False,False,60,bentley innomed
Isakssons Gummifabrik AB,True,True,100,isakssons gummifabrik ab
Isansys Lifecare Ltd,True,True,100,isansys lifecare
"iSchemaView, Inc.",False,False,74,somaview
ISDIN SA,False,False,77,isdin
ISFY INTERNATIONAL pvt.,False,False,81,nurikon international pvt
ISFY Ltd,False,False,67,ailsy
ISKO KOCH GmbH,True,True,100,isko koch
Iskra Medical d.o.o.,False,False,79,medical intertrade d o o
Island Polymer Industries GmbH,True,True,100,island polymer industries
Islay and Jura Dental Practice,False,False,58,metaux precieux dental
Isle of Wight NHS Trust,False,False,56,erilens s r o
"IsoAid, LLC",False,False,67,wisada
ISOL8 Healthcare Ltd,False,False,84,trio healthcare
IsoLab Limited,False,False,80,visionlab
iSTAR Medical SA,True,True,100,istar medical sa
Istem Medikal Tıbbi Cihaz ve Sanayi Ticaret LtI,False,False,76,meysa tıbbi cihazlar sanayi ve ticaret a ş
iSYS Medizintechnik GmbH,True,True,100,isys medizintechnik
IT Dr. Gambert GmbH,False,False,57,ampex it
IT-V Medizintechnik GmBH,True,True,100,it v medizintechnik
It's You Babe LLC,False,False,58,yoyu brands
ItalDent,False,False,75,oraldent
Italdevice Srl,False,False,76,ab dental device srl
Italfarmacia SRL,True,True,100,italfarmacia srl
Italres S.r.l,False,True,85,italeco s r l
Itamar Medical Ltd.,False,True,85,mars medical
ITD GmbH,False,False,67,itp
ITEC MANUFACTURING LLC,False,True,92,litex manufacturing
Itecho Health Limited,False,False,81,vio healthtech
Itémedical B.V.,False,True,95,imtmedical
ITH icoserve technology for healthcare GmbH,False,False,73,sensecare smart health technology co
ITH Pharma Ltd,False,False,80,mip pharma
iThera Medical GmbH,False,True,90,exthera medical
ITL Asia Pacific Sdn. Bhd.,True,True,100,itl asia pacific sdn bhd
ITM S/A - Industria de Tecnologias Medicas,False,False,70,sia industrialas tehnologijas
ITO co ltd,False,False,75,bitop
iTs Designs Ltd,False,False,83,point designs
"IUL, SA",False,False,73,mil's
"Ivantis, Inc.",True,True,100,ivantis
IVD Research Inc.,False,False,71,jupiter research
Iveneer Ltd,False,False,75,visgeneer
IVF 2.0 Limited,True,True,100,ivf 2 0
IVF HARTMANN AG,True,True,100,ivf hartmann
IVKO GmbH,True,True,100,ivko
Ivoclar Vivadent AG,True,True,100,ivoclar vivadent
"Ivoclar Vivadent Inc,",False,True,89,ivoclar vivadent
Ivor Shaw Limited,False,False,67,bioner sa
Ivory Dental Care,False,False,73,cardex dental
Ivory Graft Ltd,False,False,67,graftys
"ivWatch, LLC",True,True,100,ivwatch
"Ivy Biomedical Systems, Inc",True,True,100,ivy biomedical systems
IWBA Ltd,False,False,60,ib lab
"iWEECARE Co., Ltd.",False,False,82,deepcare co
IZI Medical Products,True,True,100,izi medical products
IZIPIZI,False,False,50,ziwig
J & D TECH INC,False,False,78,jm tech co
J & J Instruments LLC,False,True,87,mjk instruments
J & S Evans Denture Lab Ltd,False,False,59,central de envasados
J C Haynes Prosthetics,False,False,73,exphand prosthetics
J D Denture Clinic & Laboratory,False,False,62,laboratoire d'etalons d'activite
J D WATSON (LABORATORY) LTD,False,False,72,phantom laboratory
J Donno Dental Laboratory Ltd,False,False,71,tin lok dongguan dental laboratory co
J H Orsing AB,True,True,100,j h orsing ab
J J Thompson Ltd,False,False,58,d e hokanson
j m daniels dental services,False,False,64,ab dental device srl
J P Rose Dental Laboratory,False,False,65,dental p s r l
J P S Dental Laboratory,False,False,69,laboratorios cosmodent s l
J W Tafft Orthodontics Ltd,False,False,76,tangent orthodontics
J-World,False,False,82,j world co
J. MORITA MFG. CORP.,True,True,100,j morita mfg
J. N. Eberle Federnfabrik GmbH,True,True,100,j n eberle federnfabrik
j. söllner AG,True,True,100,j söllner
J.A. Hutchinson Ltd,False,False,60,chinesport s p a
J.M. Crown and Bridge,False,False,55,mectron s p a
J.M.S Dental Laboratory,False,False,69,laboratorios cosmodent s l
J.R Davies Dental Laboratory,False,False,67,laboratoire d'etalons d'activite
J.S.Dental Ceramics,False,False,71,cm dental s r l
J.T. Hemming Dental Laboratories.,False,False,69,laboratorios anaclin s l
J&D Dental Laboratory,False,False,66,tin lok dongguan dental laboratory co
J&J CERAMICS LAB LTD,False,False,61,dermis hellas e e
J&J Instruments,False,True,87,mjk instruments
J&J Southbourne Ltd t/a Julian May Opticians,False,False,54,st shine optical co ltd
J&PAE Ltd,False,False,62,paige ai
J&R DENTAL,False,False,80,o s dental
J&S Davis Limited,True,True,100,j s davis
Jablotron Alarms a.s,False,False,59,haemotronic s p a
Jack Allen Contact Lenses,False,False,65,haichang contact lens co
JACK BROWN LIMITED,False,False,59,prowalk
Jackson & Co Eye Care (Berkhamsted) Ltd,False,False,56,bestcare medical co
Jackson & Co Eye Care (New Romney) Ltd,False,False,56,joson care enterprise co
Jackson & Co Eye Care (Walters Ash) Ltd,False,False,60,anhui jica care equipment co ltd
Jade Euro Med,False,False,75,medz europe
JADRAN-GALENSKI LABOLATORIJ dd,False,True,95,jadran galenski laboratorij d d
"Jafron Biomedical Co., Ltd.",True,True,100,jafron biomedical co
Jai Surgicals Limited,True,True,100,jai surgicals
JAMES ALAN HUNTER.,False,False,59,intermedic arfran
James Cook University Hospital (Audiology Department),False,False,53,biosonda comércio de material hospitalar lda
James G Mathias,False,False,59,messer romania gaz srl
James Leckey Design Ltd,True,True,100,james leckey design
James Rimmer Dental Ceramics,False,False,65,ceramtec dentalvertriebs
Jamie Pugh Dental Healthcare Ltd,False,False,70,jms healthcare phl
Jamie Ralston,False,False,67,hamilton
Jamjoom Fullcare Corporation,True,True,100,jamjoom fullcare
"Jan Mao Industries Co., Ltd.",True,True,100,jan mao industries co
Jansen Medicars B.V.,False,True,91,jansen medicars bv
KASK S.p.a.,True,True,100,kask s p a
Janssen Pharmaceutica NV,False,False,74,esteve pharmaceuticals
Jarden-Galenski Labolatorij d.d,False,True,90,jadran galenski laboratorij d d
Javelo Health,False,False,75,nemo health
JB Cosmetic Dentures Ltd,False,False,65,pur inside cosmetics
JB Denture Clinic (Bath) Ltd,False,False,58,pentron clinical
JB Dentures Ltd,False,False,70,sure dent
JCM CHROME  COBALT  LABORATORY LTD,False,False,71,homer ion laboratory co
JDentalCare Srl,False,False,81,dental market srl
JDI Electronics Factory,False,False,73,lg electronics france
JE-Medic i Gavle AB,False,False,69,limedic ab
JEB Technologies Limited,True,True,100,jeb technologies
Jeenie Solutions Ltd,False,False,83,ent solutions
Jei Daniel (JD) Biotech Corp.,False,False,65,qian wei biotec s l
Jeisys Medical Inc,True,True,100,jeisys medical
JeNaCell GmbH,True,True,100,jenacell
JenaValve Technology Inc.,False,False,78,pearl technology
Jenx Limited,True,True,100,jenx
"JERRY MEDICAL INSTRUMENT (SHANGHAI) CO., LTD",True,True,100,jerry medical instrument shanghai co
"Jessop Precision Products, Inc, (Trading as The Suremark Company)",True,True,100,jessop precision products inc trading as the suremark company
"JETEMA Co., Ltd",True,True,100,jetema co
"JETEMA Co., Ltd.",True,True,100,jetema co
JFA MEDICAL LTD,True,True,100,jfa medical
JFG CARE LIMITED,False,False,71,nofa care
"Jianerkang Medical Co., Ltd.",True,True,100,jianerkang medical co
"Jiangmen Dacheng Medical Equipment Co., Ltd.",True,True,100,jiangmen dacheng medical equipment co
"Jiangmen Jia Mei Medical Products Co., Ltd.",False,False,80,jiangsu feixia medical products co
"Jiangsu Accuracy Biotechnology Co., Ltd.",False,True,94,jiangsu accuracy biotechnology co ltd
"JIANGSU AOBOSI MEDICAL TECHNOLOGY CO., LTD",False,True,93,jiangsu bonss medical technology co
"Jiangsu Ate Medical Technology Co.,Ltd.",False,True,94,jiangsu ate medical technology co
"Jiangsu Bangbang Intelligent Technology Co., Ltd.",False,True,90,jiangsu brozan intelligent technology co
Jiangsu Bioperfectus Technologies Co Ltd,False,True,96,jiangsu bioperfectus technologies co
"Jiangsu Bytech Medical Supplies Co.,Ltd.",True,True,100,jiangsu bytech medical supplies co ltd
"Jiangsu Caina Medical Co., Ltd.",False,True,92,jiangsu caina medical co ltd
"JIANGSU CHANGFENG MEDICAL INDUSTRY CO.,LTD",False,False,78,jiangsu baide medical instrument co ltd
"Jiangsu Changmei Medtech Co., Ltd.",True,True,100,jiangsu changmei medtech co
"Jiangsu Cureguard Glove Co., Ltd.",False,False,60,jiangsu jaysun glove co ltd
"Jiangsu East Optics Co., Ltd.",False,False,80,conant optics jiangsu co ltd
"Jiangsu Embrace Science & Technology Development Co., Ltd.",False,False,75,shenzhen huisong technology development co
"Jiangsu Excellence Medical Supplies Co., Ltd.",False,False,76,jiaxing fuluo medical supplies co
"Jiangsu Eyoung Medical Devices Co., Ltd.",False,True,94,jiangsu eyoung medical devices co ltd
"Jiangsu Grit Medical Technology Co., Ltd.",True,True,100,jiangsu grit medical technology co
"Jiangsu Haize Medical Scientific Development Co., Ltd.",False,False,69,jiangsu hanbo medical equipment co
"Jiangsu Hanheng Medical Technology Co., Ltd.",True,True,100,jiangsu hanheng medical technology co
Jiangsu Hanyao Medical Devices Co Ltd,False,False,79,jiangsu greatwall medical devices co
"Jiangsu Hitec Medical Co., Ltd",True,True,100,jiangsu hitec medical co
"Jiangsu Hope Biomedical Science & Technology Co., Ltd.",False,False,81,jiangsu kangpu biomedical technology co
"Jiangsu Huayuan Medical Technology Co.,Ltd.",True,True,100,jiangsu huayuan medical technology co ltd
"JIANGSU HUIDA MEDICAL INSTRUMENTS CO.,LTD",False,True,85,jiaxing funing medical instrument co ltd
"Jiangsu HXRT MD Co.,Ltd",False,False,78,elite medtek jiangsu co ltd
"Jiangsu IAWA Bioscience Engineering Co., Ltd.",True,True,100,jiangsu iawa bioscience engineering co
"Jiangsu IAWA Bioscience Engineering Co., Ltd.",True,True,100,jiangsu iawa bioscience engineering co
"Jiangsu iiLO Biotechnology Co., Ltd.",True,True,100,jiangsu iilo biotechnology co
JIANGSU INTCO Medical Products CO. LTD,False,True,95,jiangsu intco medical products co
"Jiangsu JianYu Health Medical Co., Ltd.",True,True,100,jiangsu jianyu health medical co
"Jiangsu Jichun Medical Devices Co., Ltd",False,True,87,jiangyin medical devices co
"Jiangsu Jiele Medical Dressing Co., Ltd.",False,False,79,jiangsu guangyi medical dressing co
"Jiangsu Jiyuan Medical Technology Co., Ltd",True,True,100,jiangsu jiyuan medical technology co
"Jiangsu Kangjin Medical Instrument Co., Ltd.",True,True,100,jiangsu kangjin medical instrument co
"Jiangsu Konsung Bio-Medical Science And Technology Co., Ltd.",False,False,77,qingdao kingon medical science and technology co
"Jiangsu Maat Optical Technology Co., Ltd.",False,False,82,jiangsu taimedical technology co
"JIANGSU MEDPLUS NON-WOVEN MANUFACTURER CO.,LTD.",False,True,100,jiangsu medplus non woven manufacturer co ，ltd
Jiangsu Meilan Medical Devices Co.， Ltd.,False,True,100,jiangsu meilan medical devices co
"Jiangsu Micsafe Medical Technology Co., Ltd",True,True,100,jiangsu micsafe medical technology co
"Jiangsu Mole Bioscience Co., Ltd.",True,True,100,jiangsu mole bioscience co
"Jiangsu NewValue Medical Products Co., Ltd.",True,True,100,jiangsu newvalue medical products co
"Jiangsu Power-endo Medical Technology Co., Ltd.",True,True,100,jiangsu power endo medical technology co
"Jiangsu Reak Healthy Articles Co., Ltd",False,False,63,shining world health care co
"Jiangsu Ripe Medical Instruments Technology Co., Ltd",False,True,87,jiangsu health medical instruments technology co
"Jiangsu Rixin Medical Equipment Co., Ltd.",False,True,94,jiangsu rixin medical equipment co ltd
"Jiangsu Rongye Technology Co., Ltd.",False,False,79,jiangsu mijo technology co ltd
"Jiangxi Rainbow Medical Products CO.,LTD.",True,True,100,jiangxi rainbow medical products co ltd
"Jiangsu Saikang Medical Equipment Co., Ltd",False,True,90,jiangsu qianjing medical equipment co
"Jiangsu Swirl Medical Technology Co., LTD",False,True,90,jiangsu senolo medical technology co
"Jiangsu TaiMedical Technology Co., LTD.",True,True,100,jiangsu taimedical technology co
"Jiangsu Tuyun Medical Technology Co., Ltd.",True,True,100,jiangsu tuyun medical technology co
"Jiangsu Vedkang Medical Science and Technology Co., Ltd.",False,False,78,jiangsu senolo medical technology co
"Jiangsu Wanxin Optical Co., Ltd.",False,False,75,jiangsu nanfang medical co
"Jiangsu Webest Medical Product Co., Ltd",False,False,82,jiangsu intco medical products co
"Jiangsu Weikang Jiejing Medical Apparatus Co., Ltd.",True,True,100,jiangsu weikang jiejing medical apparatus co
"JIANGSU YADA TECHNOLOGY GROUP CO., LTD",False,False,74,hangzhou guoyuan yanglao technology co
"Jiangsu Yanfang Medical Technology Co., Ltd.",False,True,95,jiangsu yanfang medical technology co ltd
"Jiangsu Yishun Medical Equipment Co.,Ltd.",True,True,100,jiangsu yishun medical equipment co ltd
"Jiangsu Yizheng Carepro Medical Instruments Co., Ltd",True,True,100,jiangsu yizheng carepro medical instruments co
Jiangsu Yuyue Medical Equipment & Supply Co. Ltd,False,True,92,jiangsu yuyue medical equipment supply co ltd
"Jiangxi AICARE Medical Technology Co., Ltd.",False,True,95,jiangxi aicare medical technology co ltd
"Jiangxi BaoErAn BioMedical Science & Technology Co., Ltd.",False,False,74,3d biomedicine science technology co
Jiangxi Hongda Medical Equipment Group Ltd,True,True,100,jiangxi hongda medical equipment group
Jiangxi Hongda Medical Equipment Group Ltd,True,True,100,jiangxi hongda medical equipment group
Jiangxi Hongda Medical Equipment Group Ltd,True,True,100,jiangxi hongda medical equipment group
Jiangxi Huali Medical Instrument Co Ltd,False,False,81,hebei kang ji medical instrument co
"JIANGXI JAYSUN MEDCARE CO., LTD.",False,False,66,jiangxi langhe medical instrument co
"Jiangxi Kemei Medical Apparatus & Instruments Group Co., Ltd.",True,True,100,jiangxi kemei medical apparatus instruments group co
"Jiangxi Langhe Medical Instrument Co., Ltd.",True,True,100,jiangxi langhe medical instrument co
"Jiangxi Zhonghong Pulin Medical Products Co., Ltd.",False,True,88,zhonghong pulin medical products co ltd
Jiangxi ZhuoRuiHua Medical Instrument Co Ltd,False,True,91,jiangxi zhuoruihua medical instrument co ltd
"Jiangxi ZhuoRuiHua Medical Instrument Co., Ltd.",False,True,95,jiangxi zhuoruihua medical instrument co ltd
"Jiangyin Huashi Medical Equipment Co., Ltd.",False,True,85,jiangyin everise medical equipment co
"Jiangyin Nanquan Macromolecule Product Co., Ltd.",True,True,100,jiangyin nanquan macromolecule product co
"Jiaxing How Sport Medical Instrument Co., Ltd.",True,True,100,jiaxing how sport medical instrument co
"Jiaxing Keying Intelligent Technology Co., Ltd.",False,False,80,jiaxing shangjia intelligence technology co ltd
"Jiaxing Xinyi Medical Equipment Co., Ltd",False,True,86,jiangsu yongxin medical equipment co
"Jilin Leading Bio-engineering Co., Ltd.",False,False,71,shanghai kehua bio engineering co
"Jilin Realcon Optical Technology Co., Ltd.",False,True,95,jilin realcon optical technology co ltd
JIM Dental Laboratory Ltd,False,False,68,korea dental implant
JIMY BROTHERS GROUP,False,False,61,hob biotech group
"JINAN BABIO BIOTECHNOLOGY CO., LTD.",False,False,81,zhejiang besay biotechnology co
"JingFang Precision Medical Device(Shenzhen) Co., Ltd",True,True,100,jingfang precision medical device shenzhen co
Jingzhou Yihai Technology Ltd,True,True,100,jingzhou yihai technology
"JINHUA HEYUAN MAOYI CO.,LTD.",False,False,66,jiangsu huayuan medical technology co ltd
"Jinhua Huacheng Medical Appliance Co., Ltd",True,True,100,jinhua huacheng medical appliance co
"Jinhua Jingdi Medical Supplies Co., Ltd",False,True,94,jinhua jingdi medical supplies co ltd
"JINHUA OTMAR TECHNOLOGY CO.,LTD",False,False,80,jiangsu mijo technology co ltd
"Jining Orodeka Medical Equipment Co.,Ltd",False,False,82,royal fornia medical equipment co ltd
"Jinyuan Medical Equipment (Tianjin) Co., Ltd",False,True,91,tianjin jinchangda medical equipment co
JJGC INDÚSTRIA E COMÉRCIO DE MATERIAIS DENTÁRIOS S.A.,True,True,100,jjgc indústria e comércio de materiais dentários
JK-Products GmbH,False,False,82,dx products
jkg dentart studio,False,False,72,hall dental studio
"JKH Health Co., Ltd.",False,False,83,k jump health co
JLC Dental Lab Inc.,False,False,80,final dental lab
JLM Supplies Ltd,False,False,72,clinisupplies
JMEndodontics Ltd,False,False,76,endodont
"JMS Co., Ltd.",True,True,100,jms co
JMS Singapore Pte Ltd,True,True,100,jms singapore pte
Jodal Ltd,False,False,67,labodal
JODGO AB,False,False,67,prodimo ab
Joe Dwyer,False,False,59,bayer oy
Joerns Healthcare Ltd,True,True,100,joerns healthcare
"Joerns Healthcare, Inc.",True,True,100,joerns healthcare
Johann White Dental Laboratory,False,False,69,tin lok dongguan dental laboratory co
Johari Digital Healthcare Limited,False,False,71,fidia healthcare srl
John F Stott Ltd,False,False,57,john preston co belfast
John Florence Limited,False,False,64,owkin france
John Foster Private Prosthetics Limited,False,False,68,boston orthotics prosthetics
John GMBH,True,True,100,john
John Hibbert Crown & Bridge Laboratory,False,False,68,homer ion laboratory co
John Hubbard Dental Studios,False,False,71,hall dental studio
John Lucas Dental Laboratory Ltd,False,False,68,tin lok dongguan dental laboratory co
John Prebble Opticians Ltd,False,False,61,jeongs optical
Johnson & Furze Optometrists Ltd,False,False,60,john weiss son
Johnson & Johnson GmbH,True,True,100,johnson johnson
JOHNSON & JOHNSON INTERNATIONAL,True,True,100,johnson johnson international
JOHNSON & JOHNSON MEDICAL GMBH,False,False,79,johnson johnson
"Johnson & Johnson Surgical Vision, Inc.",False,False,76,johnson johnson vision care
"Johnson & Johnson Vision Care, Inc.",True,True,100,johnson johnson vision care
Johnson Analytica Ltd,False,False,65,moebius analytics
Johnson&Johnson Surgical Vision Inc.,False,False,76,johnson johnson vision care
Joii UK Limited,False,False,62,jinius
joimax GmbH,True,True,100,joimax
JOINENTERPRISE CO LTD,False,False,73,concise enterprises
Joinstar BioMedical Technology Limited,False,True,95,joinstar biomedical technology co
Joint Active Systems,False,False,80,active fiber systems
Joint Vision Opticians LTD,False,False,82,vision one optics
JOINTPARTNERS LIMITED,False,False,67,optic partner srl
Jolife AB,True,True,100,jolife ab
Joline GmbH & CO. KG,True,True,100,joline gmbh co kg
Jonathan Partridge Opticians,False,False,57,thrive orthopedics
Jonathan Pattison Ceramics,False,False,57,fin ceramica faenza spa
"Jones & Newsham,",False,False,56,in2bones usa
Jones-Barrick Opticians Limited,False,False,61,bio optics co
"Joonghun Pharmaceutical Co., Ltd.",True,True,100,joonghun pharmaceutical co
"Jordco, Inc",True,True,100,jordco
Jordent Limited,False,False,80,oraldent
Jorg & Sohn GmbH,False,False,62,organon
Josef Ganter Feinmechanik GmbH,True,True,100,josef ganter feinmechanik
Jota AG,True,True,100,jota
JOTEC GmbH,True,True,100,jotec
"Jousing Medical Co., Ltd.",False,False,79,hony medical co
JovaArt LTD,False,False,67,novacare
JOVIL ENTERPRISES LTD,False,False,81,jsf enterprises
JOWETT DENTAL Lab Ltd,False,False,73,power dental usa
"Joylux, Inc.",True,True,100,joylux
"JOYSBIO (Tianjin) Biotechnology Co., Ltd.",True,True,100,joysbio tianjin biotechnology co
"JOYTECH Healthcare Co., Ltd.",True,True,100,joytech healthcare co
JP DENTAL LABORATORY,False,False,68,diplomat dental s r o
JP Optical Limited,False,False,78,jh optical co
"JPI Healthcare Co., Ltd.",True,True,100,jpi healthcare co
JPM Ceramics.,False,False,67,ceramisys
JR Engineering and Medical Technologies,False,True,88,jr engineering medical technologies m sdn bhd
JRBiomedical Ltd,False,False,82,promedical
JRI Orthopaedics Ltd,True,True,100,jri orthopaedics
JS Optical,False,False,83,jeongs optical
JSKBiomed Inc.,True,True,100,jskbiomed
JSL Dental Laboratory Ltd,False,False,70,dental today srl
JSP Ltd,False,False,67,jps
JT Rehab Ltd,False,False,71,alu rehab
"JTECH Medical Industries, Inc.",False,False,75,ameco medical industries
JTPD Limited T/A JT Denture Lab,False,False,56,great future optics co limited
Jubilant Draximage Inc.,True,True,100,jubilant draximage
Julius Zorn GmbH,False,False,61,gordon ellis
Just Optics,False,False,75,laurus optics
JVCKENWOOD Corporation,False,False,53,scewo
Jyväskylän Ortotekniikka Oy,True,True,100,jyväskylän ortotekniikka oy
K and S Dental Ceramics Laboratory Ltd,False,False,74,j b implant and dental ceramics
K Line Europe GmbH,False,False,80,neo g europe
K McGuinness Opticians Ltd,False,False,59,mind optical co
K. McKeeman Ltd,False,False,60,medema a s
K.T. Ceramics Dental Laboratory,False,False,66,tin lok dongguan dental laboratory co
K2 Ceramic Studio,False,False,71,studio emi srl
K2 Medical Systems,True,True,100,k2 medical systems
"K2M Group Holdings, Inc",False,False,62,oim holding bv
KA Imaging Inc.,False,False,82,kent imaging
KABE-Labortechnik GmbH,False,False,67,beautytechnik
KAF GRUP SAĞLIK HİZMETLERİ İNŞAAT SAN. VE TİC. LTD. ŞTİ,False,False,81,kaf grup sağlik hi̇zmetleri̇ i̇nşaat sanayi̇ ve ti̇caret li̇mi̇ted şi̇rketi̇
"Kai Health, Inc",True,True,100,kai health
Kai Industries Co. Ltd,False,True,87,kaaha industries
Kaident Technologies Ltd,False,True,86,at technologies
Kaizen Ceramics Ltd,False,False,69,fine art ceramics
Kaizen Endüstri Sanayi ve Dis Ticaret Limited Sirketi,False,False,77,dinamik rontgen sanayi ve ticaret limited sirketi
Kalisetty Dental Ltd.,False,False,77,kis dental
Kalogon Inc,False,False,71,ellogon ai
Kamedi GmbH,False,False,77,karlmed
"KAMIYA BIOMEDICAL COMPANY, LLC",True,True,100,kamiya biomedical company
Kan-Breathe Australia,False,False,65,tecan austria
Kanam Latex Industries Private Limited,True,True,100,kanam latex industries private
KANEKA Corporation,True,True,100,kaneka
KANGFU MEDICAL EQUIPMENT FACTORY,True,True,100,kangfu medical equipment factory
"Kanghui Medical Technology (Suzhou) Co., Ltd",False,True,95,kanghui medical technology suzhou co ltd
"Kangmei Tianhong Biotech (Beijing) Co., Ltd.",False,False,75,innovation biotech beijing co
Kanmed AB,True,True,100,kanmed ab
Kansuk Laboratuarı Sanayi ve Ticaret A.Ş,False,True,90,kansuk laboratuarı san ve tic a ş
Kapitex Healthcare Ltd.,True,True,100,kapitex healthcare
Kapsam Saglik Urunleri LTD,False,False,71,turkplast saglik urunleri a s
Karex Industries Sdn. Bhd.,False,False,82,longcane industries sdn bhd
Karl Hammacher GmbH,False,False,61,karl heck
Karl Kaps GmbH & Co KG,True,True,100,karl kaps gmbh co kg
KARL STORZ Endoscopy (UK) Ltd.,False,False,65,era endoscopy srl
KARL STORZ SE & Co. KG,True,True,100,karl storz se co kg
"KARMA MEDICAL PRODUCTS CO., LTD",True,True,100,karma medical products co
Karma Mobility Ltd,False,False,80,ki mobility
Kartell S.p.A.,True,True,100,kartell s p a
KASM International LLC,False,True,86,mjm international
Kat's Dental Laboratory,False,False,69,laboratorios cosmodent s l
Katalyst Diagnostics Ltd,False,False,80,mast diagnostic
Katalyst Surgical,True,True,100,katalyst surgical
"Katena Products, Inc.",True,True,100,katena products
Kathryn Anthony Optometry,False,False,56,aeon astron europe
Katoomba Dental Practice,False,False,67,katia dental sa
Kavendor Ltd,False,False,67,mawendo
KaVo Dental GmbH,True,True,100,kavo dental
Kay Pictures Ltd,False,False,70,picterus as
Kaydiar Ltd,False,False,67,cydar
"Kaye Products, Inc.",False,True,86,katena products
Kays Medical Ltd.,False,True,91,as medical
KayserBetten,False,False,69,kayserbetten gmbh co kg
KAZ Europe Sàrl,True,True,100,kaz europe sàrl
KB DENTURE STUDIO LTD,False,False,69,hall dental studio
KBD Laboratory Ltd,False,False,73,laboratoire 7med
"KCI USA, Inc.",False,False,71,cid spa
KCL GmbH,False,False,67,acl
KDIC Ltd,False,False,60,diacor
KDT Prosthetics,False,True,88,naked prosthetics
"KDx Diagnostics, Inc.",False,True,90,yd diagnostics
Keeler Ltd,True,True,100,keeler
"Keeler USA (Accutome, Inc)",False,True,92,accutome inc dba keeler usa
KEEPMECOMPANY LTD,True,True,100,keepmecompany
Keiser Corporation,False,False,71,zeisberg
Keith Laird Eyecare,False,False,69,leica eyecare
Kelburne Dental,False,False,74,ukens dental
KellMed Ltd,True,True,100,kellmed
Kem Enterprises Inc.,True,True,100,kem enterprises
Ken Hall Ltd,False,False,64,klenico health
KEN HYGIENE SYSTEMS A/S,False,False,70,goldmann systems a s
Kendall Dentures,False,False,62,medentis medical
Keneric Healthcare LLC,True,True,100,keneric healthcare
Kenex (Electro-Medical) Limited,True,True,100,kenex electro medical
Kennedy Laboratories,False,False,84,genes laboratories
Kennet Lahti Opticial Glazing Ltd,False,False,58,danyang honyatt optical co ltd
KENPAX INTERNATIONAL LIMITED,True,True,100,kenpax international
Kensing Dental Laboratory Ltd,False,False,67,laboratorios diet esthetic
Kent Community Health NHS Foundation Trust,False,False,55,bedford hospital bedfordshire hospitals nhs foundation trust
Kenward Orthopaedic Ltd,False,False,78,adco orthopaedics
KERIMEDICAL SA,False,True,97,keri medical sa
Kering Eyewear S.p.A.,True,True,100,kering eyewear s p a
Kernaghan's Dental Laboratories,False,False,72,dr korman laboratories
Kernelmed Medical Equipment Co. Ltd,False,False,82,medical equipment europe
Kerox Ltd,False,False,62,keranova
"Kerr Corporation, also doing business as Pentron Clinical",False,False,55,laboratory corporation of america holdings
Kerr Italia S.r.l.,False,True,86,krape italia s r l
Kerrypark dental practice,False,False,64,metaux precieux dental
Kessel medintim GmbH,True,True,100,kessel medintim
Kestrel Dental Studio Ltd,False,False,77,hall dental studio
Keswick Mountain Rescue Team,False,False,57,precious mountain ent
Kettenbach GmbH & Co. KG,False,False,77,kayserbetten gmbh co kg
Kettering General Hospital NHS Foundation Trust,False,False,60,bedford hospital bedfordshire hospitals nhs foundation trust
Kettering General Hospital NHS Trust,False,False,56,hospital direct marketing
Kettering Surgical Appliances Ltd,True,True,100,kettering surgical appliances
Kettering Surgical Appliances Ltd (K.S.A. Ltd),False,False,81,kettering surgical appliances
Kettering Town VE Limited,False,False,57,better2know
KEVIN DONNELLY,False,False,54,ukens dental
Kevin Mantles Dental Practice,False,False,62,tri dental implants direct
Key Ceramics Ltd,False,False,76,ceramisys
Key Surgical LLC,True,True,100,key surgical
KeyMed (Medical & Industrial Equipment) Ltd.,False,True,95,keymed medical and industrial equipment
KEYSTONE HEART LTD.,False,False,73,hearteye
"KH Medical Co., Ltd.",True,True,100,kh medical co
KHEIRON MEDICAL TECHNOLOGIES LTD,False,True,89,dilon medical technologies
Ki Mobility,True,True,100,ki mobility
Kibion GmbH,False,False,67,kinzio
Kientech LTD,False,False,82,scientech
Kilde Medic ApS,False,False,77,life medical aps
Kilitch Healthcare India Ltd,True,True,100,kilitch healthcare india
Kimal PLC,True,True,100,kimal plc
Kimberley Opticians,False,False,65,nimble robotics
KIMBERLY-CLARK EUROPE LIMITED,False,False,80,kimberly clark
Kimbolton Dental Practice,False,False,64,metaux precieux dental
Kimetec GmbH,True,True,100,kimetec
"Kimsmed Co., Ltd.",False,True,95,kims med co
Kinamed Inc.,False,True,86,tinamed
Kind Eyes Prosthetics,False,False,75,exphand prosthetics
Kinesio Holding Corporation,True,True,100,kinesio holding
Kinestica,False,False,78,sintetica
Kinetec SAS,True,True,100,kinetec sas
Kinetik Medical Devices (Asia) Limited,False,False,72,allwin medical devices
"Kinetikos - Driven Solutions, SA",False,True,95,kinetikos driven solutions lda
Kingfisher Castings Ltd. T/A dentacast.co.uk,False,False,53,shanghai shengda medical applications co
Kingfisher Ceramics Ltd,False,False,67,fine art ceramics
KingKraft Limited,False,False,72,kingkraft europe
Kings College Hospital NHS Foundation Trust,False,False,70,bedford hospital bedfordshire hospitals nhs foundation trust
Kings College London,False,False,60,jiangsu fleximed co ltd
Kings Lynn VE Ltd,False,False,56,king systems
Kings Mill Hospital,False,False,63,cam hospital srl
Kingsbridge Dental Laboratory,False,False,64,tin lok dongguan dental laboratory co
Kingsbridge Private Hospital North West,False,False,55,acheron instruments private
Kingsbury Dental Laboratory,False,False,66,tin lok dongguan dental laboratory co
"Kingstar Medical (Xianning) Co., Ltd",False,False,74,jiangsu nanfang medical co
Kingswood Dental Studio,False,False,73,mayclin dental studio
KingSystems,False,True,96,king systems
Kinova Inc.,True,True,100,kinova
KINVENT Biomecanique SAS,False,False,65,doc invent sa
Kirby Prosthetic Studio,False,False,67,ifit prosthetics
KIRCHNER & WILHELM GmbH + Co. KG,True,True,100,kirchner wilhelm gmbh + co kg
"Kirgen Bioscience (Hainan) Co., Ltd",False,False,73,taigen bioscience
Kirkcaldy VE Limited,False,False,58,vehu medical
Kirwan Surgical Products LLC,True,True,100,kirwan surgical products
KISSDENTAL BRAMHALL LTD,False,False,67,baumann dental
KISSDENTAL KNUTSFORD LTD,False,False,63,nora dental e k
Kitazato Corporation,False,False,62,keizo
"KJ Meditech Co., Ltd.",True,True,100,kj meditech co
KJS Dental Laboratory,False,False,67,egj jonkers dental laboratorium jonkers
KK Research Technology Limited,False,True,88,eresearchtechnology
KKX LTD,False,False,67,blokkx
KL-KEPONG RUBBER PRODUCTS SDN BHD,True,True,100,kl kepong rubber products sdn bhd
"Klarity Medical & Equipment (GZ) Co., Ltd.",False,True,94,klarity medical equipment（gz） co ltd
"Klarity Medical Products, LLC",False,True,86,heartway medical products
Klaxon Mobility GmbH,False,False,77,ki mobility
Kleen-Pak Products Pte Ltd,True,True,100,kleen pak products pte
KLEMA Dentalprodukte GmbH,True,True,100,klema dentalprodukte
Klinik Healthcare Solutions UK Ltd,False,True,90,klinik healthcare solutions oy
KLS Martin SE & Co. KG,True,True,100,kls martin se co kg
Knibbs Dental Surgery ltd,False,False,67,tiger dental
Know Medical S.r.l,False,False,82,know medical srl
Koalaa Ltd,True,True,100,koalaa
Koalys Technologies Ltd.,False,False,83,apis technologies
KOB GmbH,True,True,100,kob
Kobayashi Healthcare Europe Ltd,True,True,100,kobayashi healthcare europe
"Koch Biotechnology (Beijing) Co., Ltd",False,True,88,naton biotechnology beijing co
KOELIS,True,True,100,koelis
Kohlbrat & Bunz Gesellschaft m.b.H,False,False,71,ems handels gesellschaft m b h
Kohler Medizintechnik GmbH,True,True,100,kohler medizintechnik
Koios Medical,True,True,100,koios medical
Koite Health Oy,True,True,100,koite health oy
"Koken Co., Ltd",False,False,75,towen co
Kollsut International Inc,True,True,100,kollsut international
KometaBio Inc.,True,True,100,kometabio
"Konan Medical, Inc.",True,True,100,konan medical
"KONICA MINOLTA, INC.",True,True,100,konica minolta
"KONICA MINOLTA, INC.",True,True,100,konica minolta
"KONICA MINOLTA, INC.",True,True,100,konica minolta
"KONICA MINOLTA, INC.",True,True,100,konica minolta
"KONICA MINOLTA, INC.",True,True,100,konica minolta
"KONICA MINOLTA, INC.",True,True,100,konica minolta
"KONICA MINOLTA, INC.",True,True,100,konica minolta
"KONICA MINOLTA, INC.",True,True,100,konica minolta
"KONICA MINOLTA, INC.",True,True,100,konica minolta
"KONICA MINOLTA, INC.",True,True,100,konica minolta
"KONICA MINOLTA, INC.",True,True,100,konica minolta
LabLogic Systems Ltd T/A Knight Imaging,False,False,62,santa barbara imaging systems
Koning Corporation,False,False,77,corning
Koninklijke Utermöhlen N.V.,True,True,100,koninklijke utermöhlen
Konsultbyrån Process Construction AB,True,True,100,konsultbyrån process construction ab
Kontour (Xi'an) Medical Technology Co Ltd,False,True,96,kontour xi'an medical technology co
"KOO MEDICAL EQUIPMENT(Shanghai) Co., Ltd",False,True,90,shanghai flower medical equipment co
"Koolcare Technology Co., Ltd",False,False,82,swiscare technology co
KOON SENG SDN BHD,True,True,100,koon seng sdn bhd
KORA Corporation Ltd trading as Kora Healthcare,False,False,63,atv health corporation s l
Korbond Industries Ltd,False,False,83,krypton industries
Kornelija Zutaute,False,False,56,ge ultrasound korea
KOROGLU MEDIKAL TIBBI MALZ.KOZMETIK ITHALAT IHRACAT SANAYI VE TICARET LTD.STI.,False,False,77,cez med tibbi malzeme ithalat ihracat sanayi ve ticaret limited sirketi
Koru Medical Systems,False,True,89,k2 medical systems
"Koru Pharma Co.,Ltd",False,True,88,koru pharma co
Kossan International Sdn Bhd,False,False,79,medtec international sdn bhd
"Kova International, Inc.",False,True,89,omax international
Koval d.o.o.,False,False,73,domel d o o
"Koven Technology, Inc.",False,False,81,e com technology
Kowa Company Limited,True,True,100,kowa
Kowa Company Ltd,True,True,100,kowa
KP MEDICAL LTD,False,True,95,kap medical
Kreatech Biotechnology B.V.,False,False,84,genereach biotechnology
Kreation laboratory LTD,False,False,76,laboratoires arion
Kristaline Ltd,False,False,72,cristal hygiene
KroniKare Pte. Ltd.,True,True,100,kronikare pte
KSG MEDICARE SDN BHD,False,False,80,ain medicare sdn bhd
"KUB TECHNOLOGIES, INC. dba KUBTEC",False,False,69,air kinetic technologies
KUBE INNOVATION INC,False,False,79,sd innovation
Kulzer GmbH,True,True,100,kulzer
"Kunshan Aoshida Electric Technology Co., Ltd.",False,False,75,chengdu mechan electronic technology co
Kunststoffwerk Kremsmunster GmbH,False,True,98,kunststoffwerk kremsmünster
Kuraray Noritake Dental Inc. Kurashiki,False,True,86,kuraray noritake dental inc miyoshi
Kuraray Noritake Dental Inc. Miyoshi,True,True,100,kuraray noritake dental inc miyoshi
"Kurin, Inc.",True,True,100,kurin
Kuros Biosciences B.V.,True,True,100,kuros biosciences
Kustomer Kinetics Inc.,True,True,100,kustomer kinetics
Kvikna Medical ehf,True,True,100,kvikna medical ehf
"KWANG YANG MOTOR CO.,LTD.",False,False,64,siyang jaysun medtech co ltd32
Kylane laboratoires SA,True,True,100,kylane laboratoires sa
Kyle Couttie Ceramics,False,False,58,fine art ceramics
Kymco Uk Ltd,False,False,82,kymco lux
"Kyra Medical, Inc.",True,True,100,kyra medical
L & T Denture Laboratory Ltd,False,False,71,laboratorios cosmodent s l
L. Molteni & C. dei F.lli Alitti Società di Esercizio SpA,False,True,91,l molteni c dei f lli alitti società di esercizio s p a
L.B.F.Dental Laboratory,False,False,67,aurena laboratories ab
L.O.C. MANUFACTURING LIMITED,False,False,83,awc manufacturing
L'Amy America,True,True,100,l'amy america
L&R Medical UK Ltd,False,False,81,zulu medical s r l
L&R USA Inc.,False,False,71,smam s r l
L2S2 Ltd,False,False,57,hls
La Pointique Int'l Ltd.,False,True,97,la pointique int´l
Lab 11 Ortho,False,False,67,ortoma ab
Lab 194 Ltd,False,False,62,ib lab
Lab 53 Ltd,False,False,67,ib lab
Lab Kinetics LLC,False,False,74,spinal kinetics
Lab-Med Ltd,False,False,80,aomed ab
Lab-Serv Ltd,False,False,74,salter labs
Labomar S.p.A. a socio unico,False,True,86,leva s p a a socio unico
Labomar S.p.A. a socio unico,False,True,86,leva s p a a socio unico
Laboratoire Aguettant,True,True,100,laboratoire aguettant
Laboratoire de la Mer,False,False,72,b j m laboratories
LABORATOIRE HRA PHARMA,True,True,100,laboratoire hra pharma
LABORATOIRE HUCKERT'S INTERNATIONAL,True,True,100,laboratoire huckert's international
Laboratoire L'Ideal Parisien sp. z o.o.,False,False,66,laboratoire lideal parisien
Laboratoire UNITHER,True,True,100,laboratoire unither
Laboratoire Urgo SAS,False,True,92,laboratoires urgo
Laboratoires Anios,True,True,100,laboratoires anios
Laboratoires Biotic Phocea,False,False,75,les laboratoires brothier
"Laboratoires Bodycad, Inc.",False,False,79,biolytical laboratories
LABORATOIRES FILL-MED,False,False,80,laboratoires frilab
LABORATOIRES FILL-MED MANUFACTURING S.A.,True,True,100,laboratoires fill med manufacturing
Laboratoires Quinton International S.L.,True,True,100,laboratoires quinton international s l
Laboratoires Théa S.A.S.,False,False,84,laboratoires théa
Laboratoires VIVACY,False,False,80,laboratoires théa
Laboratorios Grifols SA,False,True,93,laboratorios grifols
Laboratorios Indas,False,True,89,laboratorios conda
"Laboratorios Liconsa, S.A.",True,True,100,laboratorios liconsa
Laboratory Arts Ltd,False,False,76,artron laboratories
Laboratory Corporation (LabCorp) of America Holdings,False,True,91,laboratory corporation of america holdings
Laborie Medical Technologies Corp.,True,True,100,laborie medical technologies
Laborie Medical Technologies. Corp.,True,True,100,laborie medical technologies
Labrida AS,True,True,100,labrida as
Labstyle Innovations Ltd.,False,False,75,surgease innovations
Labtech Dental Laboratory Ltd,False,False,65,aldeal lab tech
Labtech Kft.,False,False,78,lbt kft
"Labtician Ophthalmics, Inc",True,True,100,labtician ophthalmics
Labwise Dental,False,False,77,dental wings
LACAR MDX Technologies S.A.,True,True,100,lacar mdx technologies
"Lacey Manufacturing Company, LLC / Boston EndoSurgical Technologies",False,False,78,boston endo surgical technologies llc a division of lacey manufacturing company
Laerdal Medical AS,True,True,100,laerdal medical as
Laerdal Medical Limited,False,True,91,laerdal medical as
Lafayette Instrument,False,False,79,mattes instrumente
"Lagis Enterprise Co., Ltd.",True,True,100,lagis enterprise co
Lake Region Medical,True,True,100,lake region medical
Lake Region Medical Ltd.,True,True,100,lake region medical
Lakeland Orthotics Limited,False,False,77,ace orthotics
Lakeside Orthodontic Laboratory,False,False,63,reference laboratory
Lakeside Orthodontics,False,False,78,db orthodontics
Lambeg Dental Laboratory,False,False,67,no7 contact lens laboratory
LAMEDITECH,False,False,84,fameditec
Lamidey Noury Medical,False,False,74,biodem medical oy
Laminate Medical Technologies Ltd,True,True,100,laminate medical technologies
Lancashire Teaching Hospitals NHS Foundation Trust,False,False,58,bedford hospital bedfordshire hospitals nhs foundation trust
Lancashire Teaching Hospitals Specialist Mobility Rehabilitation Centre,False,False,51,ihcare innovation hospital care sa
Lance Holmes Dental Laboratory Ltd,False,False,66,tin lok dongguan dental laboratory co
LANDANGER SAS,False,False,64,milae sas
Lang-Stereotest AG,True,True,100,lang stereotest
Langlands Road Dental care,False,False,60,inno dental co
Langrick and Coe Ltd,False,False,62,warwick sasco
Langsteiner sp.zo.o.,False,False,71,astend sp z o o
Lansinoh Laboratories Sağlık Gereçleri Tasarım San. Tic. Ltd. Şti,False,False,83,lansinoh laboratories saglik gerecleri tasarim san tic ltd sti
"Lansion Biotechnology Co.,Ltd.",False,True,92,lansion biotechnology co
Lantor (UK) Ltd,False,False,67,lanora
"Lanzhou Seemine SMA Co., Ltd.",True,True,100,lanzhou seemine sma co
LAP GmbH Laser Applikationen,True,True,100,lap gmbh laser applikationen
LaproSurge Ltd,True,True,100,laprosurge
Larident S.R.L,False,False,79,lasering s r l
Lars Christensen Orthodontics Ltd,False,False,64,american orthodontics
Laryngograph Ltd,False,False,67,lanora
Lascod Spa,False,False,74,asecud sa
Laser Lipo Limited,False,False,70,lynton lasers
LASERING SRL,False,False,82,hering srl
Lasting Impressions Limited,False,False,62,bio compression systems
Latvia MGI Tech SIA,True,True,100,latvia mgi tech sia
Laurel Dental Practice Limited,False,False,70,global dental science
Laurence Butler Ltd,False,False,67,besurence
laurence chrisp ceramics,False,False,54,fine art ceramics
"Laurypath, a subsidiary of Epredia",False,False,55,davol inc subsidiary of c r bard
Lawrence Gaunt Opticians,False,False,58,dongyoung eye optical
Laxmi Dental Export Private Limited,False,False,62,vedia solutions division of laxmi dental export pvt
LCCS Products Limited,True,True,100,lccs products
LCJ Dental Lab,False,False,72,zoll dental
LDBIO Diagnostics,True,True,100,ldbio diagnostics
LDN Labor Diagnostika Nord GmbH & Co. KG,True,True,100,ldn labor diagnostika nord gmbh co kg
LDR Medical SAS,False,True,85,ldr medical
Leaf Dental Laboratory Ltd,False,False,69,no7 contact lens laboratory
Leamington Spa VE Ltd,False,False,62,demenego spa
Leca Dental Laboratory,False,False,69,no7 contact lens laboratory
LED SpA,True,True,100,led spa
LED SpA,True,True,100,led spa
Lee Mullins RDT,False,False,59,lisa laser products
Leeds Dental Institute Dental Laboratories,False,False,61,medical instrument development laboratories
Legency Remedies Private Ltd.,False,True,91,legency remedies pvt
"Leggero, LLC",True,True,100,leggero
Leica Biosystems Imaging Inc.,False,False,73,leica biosystems deutschland
Leica Biosystems Melbourne Pty Ltd,False,False,71,leica biosystems newcastle
Leica Biosystems Newcastle Ltd,True,True,100,leica biosystems newcastle
Leica Biosystems Nussloch GmbH,True,True,100,leica biosystems nussloch
Leica Biosystems Richmond Inc.,False,False,76,leica biosystems nussloch
Leica Microsystems (Schweiz) AG,False,True,85,leica microsystems nc
Leica Microsystems GmbH,False,True,92,leica microsystems nc
Leica Microsystems NC Inc.,True,True,100,leica microsystems nc
Leigh Dental Practice Ltd T/A New River Dental,False,False,51,hefei dentafilm medical equipment co ltd
Leightons Clapham Limited,False,False,61,alpha collection
Leightons Insight Limited,False,False,67,stout insight
Leightons Limited,False,False,62,ettsons
Leina-Werke GmbH,True,True,100,leina werke
Leisegang Feinmechanik-Optik GmbH,True,True,100,leisegang feinmechanik optik
Leixir Resources Private Limited,False,False,64,unisur lifecare private
"LeMaitre Vascular, Inc.",True,True,100,lemaitre vascular
Lemon Medical GmbH,True,True,100,lemon medical
Lenexa Medical Pty Ltd,False,True,86,ellex medical pty
"Lenjoy Medical Engineering, Inc.",False,True,85,german medical engineering
"LENSAR, Inc.",True,True,100,lensar
LENSTEC BARBADOS INC,False,False,61,osentec
Lenstec Optical Group Ltd,False,False,67,sc optical investment group sa
Lentismed,False,False,75,lenomed
Lentismed d.o.o.,True,True,100,lentismed d o o
Lenus Health Ltd,False,True,92,linus health
"Leo Medical Co., Ltd.",True,True,100,leo medical co
Leon Corns  Trading as Leon Corns Denture Service,False,False,54,damco trading services
Leone S.p.A.,True,True,100,leone s p a
Leonhard Lang GmbH,True,True,100,leonhard lang
"Lepu Medical Technology (Beijing) Co., Ltd.",False,True,100,beijing lepu medical technology co
Lepzi Diagnostika Ltd,False,False,72,zip diagnostics pty
"Lerado Zhongshan Peaceful Cove Business Trading Co., Ltd.",False,False,54,developing business trading s l
Lernapharm (Loris) Inc,True,True,100,lernapharm loris
LESLEY CREE OPTICIANS,False,False,60,key optical europe srl
Levabo ApS,False,False,67,emvi aps
"Lewa-Dental, Feinmechanik GmBH & Co. KG",False,False,71,dentalline gmbh co kg
Lewis Opticians Ltd,False,False,76,lewis specials
Lewisham VE Ltd,False,False,60,deisramed
Lexington Medical Inc.,False,False,81,fleming medical
Lexion Medical,False,True,89,lemon medical
LEXXOO International GmbH,False,False,84,meso international
"LG Chem, Ltd.",False,False,71,chemil srl
LG ELECTRONICS INC,True,True,100,lg electronics
LG Prosthetics LTD,False,False,80,ifit prosthetics
"LGC Clinical Diagnostics, Inc.",True,True,100,lgc clinical diagnostics
"LGC Clinical Diagnostics, Inc.",True,True,100,lgc clinical diagnostics
"LGC Clinical Diagnostics, Inc.",True,True,100,lgc clinical diagnostics
"LHBIOMED Co., Ltd",False,False,80,ecobiomed
LHM Medical Technology (Hong Kong) Limited,True,True,100,lhm medical technology hong kong
LIAM DEVELOPMENTS BV,False,True,92,liam developments
"Lianyungang Tiannuo Optical Instrument Co.,Ltd.",True,True,100,lianyungang tiannuo optical instrument co ltd
Liaoning Upcera Co Ltd,True,True,100,liaoning upcera
Liberator Ltd,False,False,67,libertech
Libertech Corporation,True,True,100,libertech
LiceComb Engineering Ltd,False,True,91,licecomb engineering roi
Lichfield VE Ltd,False,False,58,tex life srl
LID Sotramet,False,False,62,saturmable lda
LiDCO Ltd.,True,True,100,lidco
Liebel-Flarsheim Company LLC,False,False,57,foresee line
Life & Mobility,False,True,90,life mobility bv
Life Assistant Ltd,False,False,71,assistance srl
LIfe Science Group,False,True,85,lifesense group
Life Science Group Ltd,False,True,85,lifesense group
Life Science Investments Ltd,False,False,71,international life sciences
Life Science Robotics ApS,False,False,70,oreon life science co
Life Technologies Corporation,True,True,100,life technologies
Life Technologies Corporation,True,True,100,life technologies
Life Technologies Corporation,True,True,100,life technologies
Life Technologies Holdings Pte. Ltd.,True,True,100,life technologies holdings pte
Life Technologies Ltd,True,True,100,life technologies
Life Vascular,False,False,80,lemaitre vascular
Lifeaz SAS,False,False,73,highlife sas
Lifecell Corporation,True,True,100,lifecell
"LifeGlobal Group, LLC",False,False,67,klglobal co
Lifelike Dental Ceramics,False,False,62,ceramtec dentalvertriebs
LifeLine Software Inc,False,False,71,visionsoftware
Lifelines Ltd.,True,True,100,lifelines
Lifelong Meditech Private Limited,True,True,100,lifelong meditech private
"LIFEMED CO., LTD",False,False,73,finemedix co
LifeScan Europe GmbH,False,False,83,jiecang europe
LifeScan Scotland Limited,False,False,64,lifescan
"LifeScience PLUS, Inc",False,False,73,clinisciences s l
"LifeScience PLUS, Inc.",False,False,73,clinisciences s l
Lifesignals Inc,False,False,76,lifesignals europe
Lifestream Pharma N.V.,True,True,100,lifestream pharma
Lifestyle Dental Laboratory,False,False,70,helena laboratories
Lifetech Scientific (Shenzhen) Co Ltd,False,True,95,lifetech scientific shenzhen co
LifeVac Europe Limited,True,True,100,lifevac europe
Lifeward Ltd,False,False,84,lifeward ca
Light Guide Optics International Ltd.,True,True,100,light guide optics international
LightGuide Optics,False,False,74,liteoptics
Lighthouse Dental Laboratory,False,False,68,laboratory thoscane
Lightlab Imaging Inc.,True,True,100,lightlab imaging
Lightmed Corporation,True,True,100,lightmed
"Lights Medical Manufacture Co.,Ltd.",True,True,100,lights medical manufacture co ltd
Lightsense Medical Ltd,False,False,78,lightpoint medical
Lightwing Marketing Ltd,False,False,71,sb marketing consulting
Lightwood Dental Care,False,False,65,cardex dental
Likamed GmbH,True,True,100,likamed
Liko AB,False,True,88,likvor ab
Lima Orthopaedics UK Ltd,False,False,80,md orthopaedics
Limacorporate S.p.A,True,True,100,limacorporate s p a
Limbic Limited,False,False,73,almic
Limbkeepers LLC,False,False,59,keeler
Limbus AI Inc.,True,True,100,limbus ai
LimFlow SA,False,False,63,flowgy sl
Limmer Laser GmbH,False,False,73,zimmer cas
Lin-Zhi International Inc.,True,True,100,lin zhi international
LiNA Medical ApS,True,True,100,lina medical aps
LINAUS SRL,True,True,100,linaus srl
LINC Medical Systems Ltd,False,True,89,cu medical systems
Lincotek Bologna Srl,False,True,86,lincotek bologna s r l
Lincotek Medical,False,True,87,icotec medical
LINDBERG A/S,False,True,92,lindebjerg a s
Linden Leisure Ltd.,False,False,67,inogen europe
Lindhe Xtend AB,False,True,90,c lindhextend ab
Lindum Dental Studio,False,False,83,mayclin dental studio
LINet spol s.r.o,False,False,84,málek spol s r o
"Linhai haomei Glasses Co., Ltd.",False,True,85,linhai jiayi glasses co
"Linhai Shuangmei Medical Supplies Co., Ltd.",False,False,74,dongguan quanding medical supplies co
"Linhai west view trading Co., LTD",False,False,62,vignyburke trading co ltd
LinkopingsTekniska Fabrik AB,False,True,96,linköpings tekniska fabrik ab
Linkverse S.r.l.,False,False,74,nesmed s r l
Linus Health Europe Ltd,False,True,89,healthlink europe
Linus Health Inc,True,True,100,linus health
Liofilchem S.r.l.,True,True,100,liofilchem s r l
Lionex GmbH,True,True,100,lionex
LIPOELASTIC a.s.,False,False,71,coloplast a s
LiqudiPro,False,True,89,liquidpro
LiquidPro Ltd,True,True,100,liquidpro
LOD Consultancy Limited,False,False,79,taylored consultancy eu
LIQUIM LIMITED,False,False,67,allium
Lisburn VE Ltd,False,False,60,livassured
Lisclare Limited,False,False,71,delficare
Lisoma International Ltd,False,True,89,omax international
"LiteCure, LLC",True,True,100,litecure
Little Aston Dental Care Ltd,False,False,65,astron dental
Littleover Dental Laboratory,False,False,65,no7 contact lens laboratory
LivaNova Deutschland GmbH,False,False,84,sonova deutschland
"LivaNova USA, Inc.",True,True,100,livanova usa
"LivaNova USA, Inc.",True,True,100,livanova usa
LivAssured B.V.,True,True,100,livassured
Livedo USA Inc,False,False,73,livanova usa
Liverpool Advanced Dental Laboratory,False,False,65,paltop advanced dental solutions
Liverpool Brace Place,False,False,54,laboratoire lideal parisien
Livetec GmbH,False,False,75,libertech
Livetec Ingenieurburo GmbH,False,False,63,atec ingenieurbüro
Living With,False,False,61,reliving srl
LivsMed Inc.,False,False,77,icsmed
LIW Care Technology Sp. z o. o.,False,False,75,ars technology s r l
Lj dental laboratory,False,False,70,laboratorios cosmodent s l
LKC Technologies,True,True,100,lkc technologies
Llandeilo/Llandovery/Old Oak Dental Practices,False,False,52,diplomat dental s r o
Llusern Scientific Ltd,False,False,80,hunter scientific
LM Medical Division,False,False,84,l m medical division s r l
LM-Instruments Oy,True,True,100,lm instruments oy
Lmb Technologie GmbH,True,True,100,lmb technologie
LMT Medical Systems GmbH,True,True,100,lmt medical systems
LocaMed Ltd.,True,True,100,locamed
Lockdown Medical Ltd,True,True,100,lockdown medical
Lode BV,False,False,73,lode
Lodge Dental Laboratory,False,False,68,no7 contact lens laboratory
Loewenstein Medical SE & Co. KG,False,True,96,löwenstein medical se co kg
Loewenstein Medical Technology GmbH + Co. KG,False,True,98,löwenstein medical technology gmbh + co kg
Logical Medical Systems Ltd,True,True,100,logical medical systems
Logikal Health Products Pty Ltd,True,True,100,logikal health products pty
LogixX Pharma Limited,False,False,76,g pharma
Lohmann & Rauscher International GmbH & Co. KG,False,False,67,y m k international co
Lojer Oy,True,True,100,lojer oy
Lombard Medical Limited,True,True,100,lombard medical
Lomo Industries Ltd,False,False,84,milon industries
London Ceram Ltd,False,False,64,ceragem co
London Digital Lab Limited,False,False,61,human digital twin
London Health Company (LHC) Ltd,False,False,65,dear health holding company
London House Denture Clinic and Laboratory Ltd,False,False,57,laboratorio chimico deca dr capuani srl
London Medical Laboratory Ltd,False,False,75,brandon medical
Long & Pickard,False,False,62,jeongs optical
"Long Island Technology Group, LLC",False,False,75,nano gun technology ngt
Longbow First Aid Products Manufactory,False,False,63,manufacture de produits d'hygiène
Longeviti Neuro Solutions,False,False,70,ingenius solutions
Longevity worldwide ltd,True,True,100,longevity worldwide
"LONGFIAN SCITECH CO., LTD",False,True,90,longfian scitech co ltd
Longhorn Vaccines and Diagnostics LLC,False,False,67,reccan diagnostics ab
Looking Good Opticians LTD,False,False,64,opticalia global holdings
Loop Diagnostics S.L.,False,False,82,diagnostica longwood s l
Loovara Intimate GmbH,False,False,58,intact vascular
Lorne Laboratories Ltd,True,True,100,lorne laboratories
LOTHAR MEDTEC GmbH,True,True,100,lothar medtec
LOTOS Goldbrillen GmbH,False,False,64,owp brillen
LOUGHBOROUGH DENTAL & IMPLANT CENTRE LIMITED,False,False,63,korea dental implant
Loughborough VE Ltd,False,False,50,novomed group
Loughton VE Limited,False,False,60,motron nv
LOUISE SLOAN OPTICIANS LIMITED,False,False,67,vision one optics
Lovat House Dental Practice,False,False,62,global dental science
Love Cosmedical srls,False,False,84,love cosmedical s r l s
Love Dentures,False,False,64,exotec dentaire
Low Vision Care,False,False,79,ast vision care sl
Lowenstein Medical Innovation GmbH & Co. KG,False,True,99,löwenstein medical innovation gmbh co kg
Lowestoft VE Ltd,False,False,60,osteotec
LP ITALIANA SPA,True,True,100,lp italiana spa
lpd north east limited,False,False,67,north coast medical
LPG SYSTEMS,True,True,100,lpg systems
LREsystem Ltd,False,False,76,line systems
"LSI SOLUTIONS, Inc.",False,True,85,sjj solutions
LSM-MED S.r.l.,True,True,100,lsm med s r l
LTA Medical,True,True,100,lta medical
LTE Scientific Ltd,False,False,84,hunter scientific
Luas Diagnostics,False,True,88,ilsa diagnostics
"Lucas Medical, Inc.",False,True,89,lucida medical
"Lucerno Dynamics, LLC",False,False,69,fyne dynamics
Lucid Group Limited,False,False,70,groupe lépine
Lucida Medical Ltd,True,True,100,lucida medical
Luke Barnett Ltd Incorporating Precision Coping Company,False,False,53,precision dippings manufacturing
Lumed,True,True,100,lumed
LUMed GmbH,True,True,100,lumed
Lumendi LLC,False,True,86,lumenis
Lumenis (Germany) GmbH,True,True,100,lumenis germany
Lumenis Be Ltd.,True,True,100,lumenis be
"Lumenis Be, Inc.",True,True,100,lumenis be
Lumenis Ltd,True,True,100,lumenis
"Lumenis, Inc",True,True,100,lumenis
"Lumicare Medtech Co., Ltd.",True,True,100,lumicare medtech co
Luminex Corporation,False,False,77,lionex
Luminex Corporation,False,False,77,lionex
"Luminex Molecular Diagnostics, Inc.",True,True,100,luminex molecular diagnostics
Luminix Technologies Limited,False,True,85,innonix technologies
LumiQuick Diagnostics Inc.,False,False,79,lucid diagnostics
LumiraDx UK Ltd.,True,True,100,lumiradx uk
Lumitex Medical Devices Inc.,True,True,100,lumitex medical devices
"Lumitex Medical Devices, Inc.",True,True,100,lumitex medical devices
"LumiThera, Inc.",True,True,100,lumithera
LUMIWHITE LABORATORY LTD,False,False,72,laboratoire unither
LUMLEY OPTICALS LIMITED,False,False,69,evolve optical
"Lumos Diagnostic, Inc.",False,False,84,mast diagnostic
Luneau Technology Operations,True,True,100,luneau technology operations
LUNETTES OPTICIANS LIMITED,False,False,65,ls lunettes solidaires
LungHealth Ltd,False,False,74,ga health
Lunit Inc.,True,True,100,lunit
Lunor AG,False,False,73,lanora
Lurgan Dental Lab,False,False,65,eon dental jordan
Luscii healthtech B.V.,True,True,100,luscii healthtech
Lusio Technology Pty Ltd,True,True,100,lusio technology pty
Lustre Skin Ltd,True,True,100,lustre skin
"Lutech Industries, Inc.",False,False,81,talc industries
Luton and Dunstable University Hospital NHS Trust,False,False,53,h s hospital service s p a
Luton VE Limited,False,False,67,lutonix
"Lutonix, Inc",True,True,100,lutonix
LUTRONIC Corporation,False,False,82,urotronic
LUXAMED GmbH & Co. KG,False,False,83,starmed gmbh co kg
Luxe Dental Lab Ltd,False,False,69,zoll dental
LUXOTTICA GROUP S.p.A.,False,False,67,mundoptica europa grupo s l
Luzzani Dental S.r.l.,False,False,80,molteni dental s r l
Lydwood Glos Ltd,False,False,59,mediwood co ltd
Lyfe Focus Ltd,True,True,100,lyfe focus
Lymph Control Ltd,False,False,74,physio control
"Lyncmed Medical Technology (Beijing) Co., Ltd.",False,True,95,lyncmed medical technology beijing co ltd
Lynton Lasers Ltd,True,True,100,lynton lasers
Lyon Equipment Limited,False,False,77,woodley equipment
Lys Medical SA,False,True,88,lys medical
Lyttelton Rock Limited,False,False,55,tetronik
LYTTELTON ROCK LIMITED,False,False,55,tetronik
M & A Conservation And Prosthetics Laboratory Ltd,False,False,62,boston orthotics prosthetics
M & D McPhee Ltd T/a Airdrie Dental Care,False,False,56,dental planet di barozzini marco c s a s
M B Dental Laboratory,False,False,72,b j m laboratories
M C Dental Laboratory,False,False,72,laboratorios cosmodent s l
M G Bolger Dental Laboratory,False,False,68,tin lok dongguan dental laboratory co
M G Electric (Colchester) Ltd,True,True,100,m g electric colchester
M J Digital Dental Studio,False,False,74,hall dental studio
M POP Dental Laboratory,False,False,70,open mind laboratory
M-Brace Orthodontics Limited,False,False,81,orthodontic bracket 360 s l
M. C. Dentures,False,False,73,dentium co
M. J. Ryan Eyecare Ltd,False,False,63,gkb eyecare private
M. K. MACGREGOR  DENTAL  LABORATORY.,False,False,62,laboratorios urgo s l
M.& M. DENTAL  LABORATORY.,False,False,68,laboratorios cosmodent s l
M.A. Med Alliance SA,True,True,100,m a med alliance sa
M.A.S. Medical S.r.l.,True,True,100,m a s medical s r l
M.E.D. Medical Products GmbH,True,True,100,m e d medical products
M.F.Rosa Dental Laboratory,False,False,65,laboratorios cosmodent s l
M.G. Kurth GmbH,True,True,100,m g kurth
M.G.C. Lamps Limited,False,False,61,m2 global co
M.I.S.S. Medizintechnik GmbH,False,False,83,it v medizintechnik
"M.I.Tech Co., Ltd.",True,True,100,m i tech co
M.J. Underhay Dental Lab,False,False,58,aldeal lab tech
M.L.S Dental Laboratory,False,False,73,laboratorios cosmodent s l
M.V. S.r.l.,False,False,80,e m s s r l
M&C Eyecare Ltd,False,False,74,cerecare
M&D Healthcare Ltd,False,True,89,mx healthcare
M&S Connolly ltd ta Dentures Direct,False,False,56,tri dental implants direct
"M&S Technologies, a division of The Hilsinger Company Parent, LLC",False,False,59,boston endo surgical technologies llc a division of lacey manufacturing company
Macclesfield Denture Clinic,False,False,55,clinisciences s l
Macclesfield District General Hospital,False,False,61,hospital district of southwest finland
Mach7 Technologies Canada Inc,False,False,83,stemcell technologies canada
Macherey-Nagel Gmbh & Co. KG,False,False,72,meba schwer gmbh co kg
machineMD,False,False,75,machnet
Mackereth Opticians Ltd,False,False,69,ace orthotics
Maco Pharma,False,True,86,pharma cos
MacroArray Diagnostics GmbH,True,True,100,macroarray diagnostics
"MacroLux Medical Technology Co., Ltd.",False,False,82,cofoe medical technology co ltd
"MacroLux Medical Technology Co., Ltd.",False,False,82,cofoe medical technology co ltd
MacroMedics B.V.,True,True,100,macromedics
Made for Movement Group AS,True,True,100,made for movement group as
Madhu Instruments Pvt Ltd,False,True,91,madhu instruments private
Mag & More GmbH,False,False,67,more bv
MAG Orthotics Limited,False,True,88,dm orthotics
MagBio Genomics Inc,False,False,81,magbio genomics europe
Magdalena Zabawa T/as dot dental,False,False,55,anees dental instrument
Magentiq Eye Ltd,False,False,67,imagine eyes
Maggi srl,False,False,82,agis srl
Magia (Hong Kong) Limited,True,True,100,magia hong kong
Magic Bullet Limited,False,False,58,best medical
Magic Happens,False,False,70,appsens as
Magle Chemoswed AB,True,True,100,magle chemoswed ab
MagnetTx  Oncology Solutions Ltd.,True,True,100,magnettx oncology solutions
Magnum Dental OÜ,True,True,100,magnum dental oü
Magstim Inc,False,False,78,the magstim
magtivio B.V.,True,True,100,magtivio
Mah Sing Healthcare Sdn Bhd,True,True,100,mah sing healthcare sdn bhd
"Mahana Therapeutics, Inc.",False,False,83,huma therapeutics
Mahr Impex UK Limited Trading as Mahr Surgical,False,False,58,cipher surgical limited
Maico Diagnostics,False,True,88,embio diagnostics
Maidenhead VE Ltd,False,False,60,real view imaging
Maidstone Denture Studio,False,False,71,mayclin dental studio
Maillefer Instruments Holding S.a.r.l.,False,True,89,maillefer instruments holding sàrl
MaiMed GmbH,True,True,100,maimed
Mainstay Medical Limited,False,False,81,ist medical
Mainz Biomed Germany GmbH,True,True,100,mainz biomed germany
Majestic Industries Ltd,False,False,78,pharmaouest industries
Majestic Instruments,False,False,82,medicta instruments
Majestic Smile Ltd,False,False,67,ice aesthetic
Major Import Export Ltd,False,False,79,sadex import export
MAK DESIGN LTD,False,True,86,jake design
MAK SALE LTD,False,False,75,makevale
MAK Smiles Services Ltd T/A Lincs Mobile Smiles,False,False,54,linkcare health services sl
MAK-SYSTEM Group Ltd.,True,True,100,mak system group
MAKO Surgical Corp,True,True,100,mako surgical
Malebox Health Ltd,False,False,80,medx health
Malik & Collins Ltd,False,False,64,collis williams
Mallinckrodt Manufacturing LLC,True,True,100,mallinckrodt manufacturing
MANSONS EYECARE LIMITED,False,False,71,martison eyewear sl
Mallinckrodt Pharmaceuticals Ireland Limited,False,False,74,maxmind pharmaceutical s l
Malone Smile Design,False,False,63,james leckey design
Malsch GmbH,True,True,100,malsch
Maltron International Ltd,True,True,100,maltron international
Malvern Medical Developments Limited,False,False,80,futura medical developments
MAM Baby AG,True,True,100,mam baby
Mammendorfer Institut Fur Physik und Medizin GmBH,False,True,93,mipm mammendorfer institut für physik und medizin
Mammon International Corp.,True,True,100,mammon international
Mammon International Corp. (China),True,True,100,mammon international corp china
MaN Pharma Limited,False,False,84,nm pharma
Managed Self Limited,False,False,67,named srl
Manchester Dental Laboratory,False,False,64,helena laboratories
Manchester Imaging Limited,False,False,68,munich surgical imaging
Manchester University Hospital NHS Foundation Trust,False,False,58,bedford hospital bedfordshire hospitals nhs foundation trust
Manchester University NHS Foundation Trust,False,False,49,bedford hospital bedfordshire hospitals nhs foundation trust
Manchester University NHS Foundation Trust,False,False,49,bedford hospital bedfordshire hospitals nhs foundation trust
Manchester University NHS Foundation Trust,False,False,49,bedford hospital bedfordshire hospitals nhs foundation trust
Mandelay Kft,False,False,74,mde kft
Manfred Sauer GmbH,True,True,100,manfred sauer
Manfred Schägner GmbH,True,True,100,manfred schägner
Mangar International Limited,True,True,100,mangar international
Mango Dental Technologies,False,False,83,mawi dna technologies
MANI MEDICAL GERMANY GmbH,True,True,100,mani medical germany
"MANI, INC.",True,True,100,mani
Mannamead Cosmetic Dental Centre,False,False,67,dental creativ management
Manor Clinic,False,False,69,medicap clinic
Manor Dentures LTD,False,False,65,fagor enterprises
Mansel St Dental Laboratory,False,False,68,laboratorios cosmodent s l
Mansfield Dental Laboratory. (H.Tanner),False,False,63,tin lok dongguan dental laboratory co
Mansfield V E Limited,False,False,64,v i e med
ManukaMed Limited Partnership,True,True,100,manukamed limited partnership
Manus Neurodynamica Ltd,True,True,100,manus neurodynamica
MAPA GmbH,True,True,100,mapa
"MAQUET (Suzhou) Co., Ltd.",True,True,100,maquet suzhou co
Maquet Cardiopulmonary GmbH,True,True,100,maquet cardiopulmonary
Maquet Cardiovascular LLC,True,True,100,maquet cardiovascular
Maquet Critical Care AB,True,True,100,maquet critical care ab
Maquet GmbH,True,True,100,maquet
Maquet SAS,True,True,100,maquet sas
Mar-Med Inc.,False,False,80,main med
Marais and associates Ltd,False,False,69,tcm associates
Marchon Europe B.V.,False,False,79,urathon europe
Marchon UK Limited,False,False,71,archeon
Marcolin S.p.A.,True,True,100,marcolin s p a
Marcus Excelsior Limited,False,False,62,marco cendali
MARDALE  DENTAL  LABORATORY.,False,False,65,no7 contact lens laboratory
Maren Dental Lab,False,False,74,dental morelli ltda
MarFlow AG,False,False,75,clearflow
Margaret Platt,False,False,61,marketlab
Marizyme Inc.,False,False,71,maimed
Mark Archer Dental Ceramics,False,False,69,j b implant and dental ceramics
Mark Bladen Dental Laboratory,False,False,64,baumgartner laboratoire dentaire sprl
Mark Cleary Dental,False,False,71,ma dental aps
Mark Darling Eyecare Ltd,False,False,59,healthcare marketing consulting
Mark Hancock Dental Technician,False,False,59,harvard dental international
Mark Instruments Private Ltd,False,True,90,madhu instruments private
Mark Jagger Specialist Orthodontics,False,False,68,pwg orthodontic specialties
Mark Tucker T/as MT Ceramics (Account No:  CA016933),False,False,44,asclass cerrahi̇ aletler i̇malat sanayi̇ ve ti̇caret li̇mi̇ted şi̇rketi̇
Mark Wilkinson,False,False,56,wishbone sa
MARK-UP TOOLS LIMITED,False,False,59,anmar sp z o o
"mark'ennovy Personalized Care, S.L.",True,True,100,mark'ennovy personalized care s l
Marker Americas LP,False,False,69,medical2market
Market Harborough VE Limited,False,False,59,laboratoire marque verte
Marketlab Inc.,True,True,100,marketlab
Marlborough Clinic Belfast - Digital Lab,False,False,51,alliance pharma srl italy
Marlborough Dental Studio Limited,False,False,74,hall dental studio
Marlen Manufacturing & Development Co.,False,False,72,prima dental manufacturing
MARMA LIMITED,False,False,73,marpac
MARMA VISION LIMITED,False,False,77,caterna vision
Marola Dental Laboratories Ltd,False,False,76,e o laboratories
"Marpac, Inc.",True,True,100,marpac
Martin Docking Ltd T/A Dental Precision,False,False,60,k dental partner in specialties
Martin Johnson Opticians Ltd,False,False,62,mind optical co
Martin P Jacobs,False,False,65,kls martin se co kg
Martin Smith Opticians,False,False,63,optikhan artisan
Martin Storey Limited,False,False,67,martinez nieto
Martin Wright Crown and Bridge Specialist,False,False,61,speciality fibres and materials
Maruchi,True,True,100,maruchi
Marvin Hough Dental Technician,False,False,63,ear technic hearing aids
MaRVis Interventional GmbH,False,False,80,lumis international
Masalo KG,False,False,63,kimal sarl
Mascia Brunelli SpA,False,True,85,mascia brunelli s p a
Masimo Corporation,True,True,100,masimo
"Masket Design, LLC",False,False,83,jake design
MASMEC S.p.A.,False,False,75,ghimas s p a
Mast Diagnostica GMbH,True,True,100,mast diagnostica
Mast Group Ltd.,True,True,100,mast group
Mastelli Srl,False,False,78,casella srl
Masterclass Dental Laboratory,False,False,64,baltic laboratory systems oü
MATAP II dba Avulux,False,False,50,gada italia s p a
Materialise NV,False,True,88,materialise
MAXILLOFACIAL PROSTHETICS LABORATORY.,False,False,59,boston orthotics prosthetics
MATEX LAB SPA,True,True,100,matex lab spa
MATHESON OPTOMETRISTS LTD,False,False,56,zenometrics
Mathys Ltd Bettlach,False,False,81,mathys ag bettlach
Matia Robotics (US) Inc,True,True,100,matia robotics us
Matoke Holdings Limited,False,True,85,mae holding
MatOrtho Limited,True,True,100,matortho
Matricel GmbH,True,True,100,matricel
Matrix Dental Laboratory Limited,False,False,66,tin lok dongguan dental laboratory co
Matrix Diagnostics Ltd,False,True,85,mast diagnostic
Matrix Seating Limited,False,False,62,fme seating australia pty
"Matsunaga Manufactory Co., Ltd.",False,True,92,matsunaga manufactory co ltd
"Matsunami Glass Ind., Ltd.",False,False,56,linde gas a s
Mattana UK Limited,False,False,67,astrazeneca uk
Matthew Clay Dental Laboratory,False,False,63,tin lok dongguan dental laboratory co
Matthew Phelan Ceramics,False,False,60,dermis hellas e e
Maui Jim Inc,False,False,62,3 mai
Mavera Medical Devices Inc.,False,False,81,medical devices
"Maverick Sports Medicine, Inc dba Pro-Tec Athletics",True,True,100,maverick sports medicine inc dba pro tec athletics
Mavidon Medical Products,False,True,89,atrion medical products
Mavig GmbH,True,True,100,mavig
Mawi DNA Technologies LLC,True,True,100,mawi dna technologies
"Max Mobility, LLC",False,False,78,ki mobility
Maxigen Biotech Inc.,True,True,100,maxigen biotech
Maxillo-Facial & Orthodontic Laboratory,False,False,61,laboratorio ortopedico bello srl
"Maxillofacial and Dental Laboratory, Worcestershire Acute Hospitals NHS Trust",False,False,54,md e maxillofacial dental and esthetics lda
Maxillofacial and Orthodontic Laboratory,False,False,58,laboratorio oftálmico andaluz s l loa
MAXILLOFACIAL LABORATORY & PROSTHESIS CLINIC.,False,False,61,baltic laboratory systems oü
"Maxillofacial Laboratory, Lister Hospital, East and North Herts. NHS Trust",False,False,49,laboratorio gnathos di lantieri de paratico luigi e c s a s
Maxillofacial Prosthetics Service,False,False,61,ifit prosthetics
"Maxtec, LLC",True,True,100,maxtec
MAXTER GLOVE MANUFACTURING SDN BHD,True,True,100,maxter glove manufacturing sdn bhd
Maxvue Vision Sdn. Bhd.,False,False,75,supervision optimax sdn bhd
Maxwell Glove Manufacturing Bhd,False,True,95,maxwell glove manufacturing berhad
"Maxx Orthopedics, Inc",False,False,84,md orthopaedics
Maxxcare BV,False,False,73,mebocare bv
"Maya Astra Technology Co., Ltd",False,False,75,shanghai aitrox technology co
Maybach Icons of Luxury GmbH,False,False,54,dr hopf gmbh co kg
Mayborn Group,False,False,72,milano group
Mayflower Medical Supplies Ltd,False,False,79,centra for medical supplies
Maywood Dental,False,False,72,kavo dental
Mazado Inc.,False,False,62,cankado
Mazor Robotics Ltd.,True,True,100,mazor robotics
MB Products Ltd,False,True,87,acm products
MBK GROUP LIMITED,False,False,78,sbs group
MBK Group Tekstil Sanayi İc Ve Dis Tic. Ltd. Sti,False,False,66,podima medikal ve tekstil san tic ltd sti
MBP - Medical Biomaterial Products GmbH,False,False,77,integral medical products co
"MC3, Inc.",True,True,100,mc3
McAnnor Optical ltd t/a Cherwell Opticians,False,False,54,ningbo justice optical co ltd
McBio s.r.l,False,False,76,mabe s r l
"McCarthy Dental Laboratory,",False,False,62,laboratorios cosmodent s l
McCracken Opticians Ltd,False,False,59,ceram optec sia
McDermott Laboratories Ltd. t/a Mylan Dublin Respiratory,False,False,53,medical respiratory devices s l
McDowell & Service Dental Laboratory,False,False,62,laboratorios vicu s l
McGrath Dental,False,False,78,mt dental
McMichen Brooks Dental Care Ltdlt,False,False,61,mcd medical care dental
McMillan Dental Laboratory LTD,False,False,64,laboratoire monin chanteaud
MCTBIO Co Ltd,True,True,100,mctbio
Mcube Technology Co Ltd.,False,True,91,mcube technology co
MD Dental Services (Laboratory) Ltd,False,False,71,dia lab services s r l
"MD Orthopaedics, Inc.",True,True,100,md orthopaedics
MD Skin Solutions,False,False,79,qa med solutions
MD TECH S.R.L,True,True,100,md tech s r l
MD Trading Ltd,False,True,87,medos trading
MDD Company GmbH,True,True,100,mdd
MDF Instruments Medifriend Inc.,True,True,100,mdf instruments medifriend
Mdh Sp. z.o.o.,True,True,100,mdh sp z o o
MDJ SAS,False,False,75,comed sas
MDL Creative Crowns LTD,False,False,61,reactive robotics
MDM BV,False,False,75,emdamed bv
MDS Medical Limited,False,True,95,md medical
MDS Medical Technologies,False,True,91,medical technologies
MDT Micro Diamond Technologies Ltd.,False,False,79,dilon medical technologies
MDT sp. Z o.o.,True,True,100,mdt sp z o o
ME.BER. SRL Unipersonale,True,True,100,me ber srl unipersonale
MEC Medical Limited,False,True,91,dmc medical
MECCELLIS BIOTECH,False,False,71,x zell biotech
MECTA Corporation,False,False,80,lmeca
Mectron S.p.A.,True,True,100,mectron s p a
Med Europe European Medical Supplies S.R.L,False,True,93,med europe european medical supplies srl
MED-EL Elektromedizinische Geraete Gesellschaft m.b.H.,False,False,78,med el elektromedizinische geräte gmbh
Med-Logics Inc,True,True,100,med logics
Meda Co Ltd,False,True,89,ameda
Medema A/S,True,True,100,medema a s
MEDA Co. Ltd,False,True,89,ameda
Meda Pharma S.p.A.,True,True,100,meda pharma s p a
Medacta International SA,True,True,100,medacta international sa
medaia GmbH,False,False,83,midaia
Medalin Limited,False,False,77,medail
MedAlliance CardioVascular SA,False,False,73,cathmedical cardiovascular
Medanets Oy,True,True,100,medanets oy
Medartis AG,True,True,100,medartis
Medasense Biometrics Ltd.,True,True,100,medasense biometrics
Medasil (Surgical) Ltd,True,True,100,medasil surgical
Medax S.r.l. Unipersonale,False,True,87,ak medical s r l unipersonale
Medaxis AG,True,True,100,medaxis
Medbar Tibbi Malzemeler Turizm San. ve Tic A.S.,False,False,82,medbar tibbi̇ malzemeler tur san ve ti̇c a ş
Medbone – Medical Devices Ltd.,False,True,100,medbone medical devices
"MEDCAPTAIN Medical Technology Co., Ltd.",False,False,84,medical data technology
MedCare Visions GmbH,True,True,100,medcare visions
Medcem GmbH,True,True,100,medcem
MedChip Solutions Ltd,True,True,100,medchip solutions
MedCom Gesellschaft fur medizinische Bildverarbeitung mbH,False,True,99,medcom gesellschaft für medizinische bildverarbeitung mbh
MedCu Technologies Ltd,True,True,100,medcu technologies
MedDream UAB,False,False,73,"uab ""dameda"""
MEDE Technik,False,False,80,med tech
MEDEALIS GmbH,False,False,80,medaxis
Medeco B.V.,False,False,83,medtec
Medeco BV,True,True,100,medeco bv
MEDEL Medizinische Elektronik Handelsgesellschaft mbH,False,False,72,medino gmbh medizinische innovationenhandelsgesellschaft
Medela AG,True,True,100,medela
Medency Srl,False,True,86,medesy srl
Medenta Laboratories Ltd,False,True,85,medmira laboratories
Medentech Limited,False,False,82,med tech
Medentika GMBH,True,True,100,medentika
medentis medical GmbH,True,True,100,medentis medical
Medentra Manufacturing,True,True,100,medentra manufacturing
MedEnvision BV,True,True,100,medenvision bv
MEDesign Limited,False,False,80,medesign i c
Medevo s.r.o.,True,True,100,medevo s r o
Medevolve Limited,False,False,80,evolve
Medex,True,True,100,medex
Medex FMT,False,False,75,mde kft
"Medex International, Inc",False,True,89,rumex international
Medezine Ltd,True,True,100,medezine
Medfac UK Ltd,False,False,75,medpack
MedFact Engineering GmbH,True,True,100,medfact engineering
"Medfix International, LLC",False,True,88,medipro international
Medfor Products Ltd,True,True,100,medfor products
"Medfruition Electronics Technology Co., Ltd.",True,True,100,medfruition electronics technology co
MedGyn International Inc.,True,True,100,medgyn international
"Medi First Co., Ltd.",False,False,75,kims med co
medi GmbH & Co KG,False,True,94,medida gmbh co kg
medi UK Ltd,False,False,78,medisafe uk
Medi-Globe GmbH,True,True,100,medi globe
Medi-Line S.A.,False,True,86,medi line sa
Medi-Plinth Equipment Limited,False,False,76,meditech equipment co
Medi-Tate Ltd,False,False,78,medi tech
"Mediaburst Limited (trading as ""Florence"")",False,False,57,xianning eco medical articles co ltd
Mediagnost GmbH,False,False,74,amplexdiagnostics
mediaire GmbH,True,True,100,mediaire
Medial EarlySign Ltd,True,True,100,medial earlysign
"Mediana Co., Ltd.",False,True,90,medikan co
Medibord Limited,True,True,100,medibord
Medica Europe B.V.,True,True,100,medica europe
medica Medizintechnik GmbH,True,True,100,medica medizintechnik
Medica Reg Limited,False,False,80,renight medical
Medica S.p.A.,True,True,100,medica s p a
mediCAD Hectec GmbH,False,False,79,icotec medical
"MEDICAL & BIOLOGICAL LABORATORIES CO., LTD.",False,False,74,biolytical laboratories
Medical Bees GmbH,True,True,100,medical bees
Medical Brands Developments BV,True,True,100,medical brands developments bv
Medical Brands Innovations BV,True,True,100,medical brands innovations bv
Medical Communications GmbH,False,False,73,stryker communications
Medical Components Inc. (dba. Medcomp®),False,False,70,heraeus medical components
Medical Developments International Limited,True,True,100,medical developments international
Medical Device Management Ltd,True,True,100,medical device management
Medical Device srl,True,True,100,medical device srl
MEDICAL DEVICES (PVT) LTD.,True,True,100,medical devices pvt
Medical Devices Technology International Ltd,True,True,100,medical devices technology international
MEDICAL DIAGNOSIS,False,False,81,kinesis medical
Medical ECONET GmbH,True,True,100,medical econet
Medical Engineering,False,True,93,rb medical engineering
Medical Engineering Resource Unit (MERU),False,False,74,medicontur medical engineering
Medical Enterprises Europe B.V.,True,True,100,medical enterprises europe
Medical Equipment Europe GmbH,True,True,100,medical equipment europe
Medical Filtration Solutions Limited,False,False,80,fasttrack medical solutions
MEDICAL GmbH Medizintechnik,False,True,88,medica medizintechnik
Medisoft Limited,True,True,100,medisoft
Medical Graphics Corporation,False,False,83,aptis medical
Medical Iberica S.A.,True,True,100,medical iberica
Medical Indicators Inc,False,False,76,innovations medical
Medical Innovation Developpement,False,True,85,medical developments international
"Medical Instrument Development Laboratories, Inc.",True,True,100,medical instrument development laboratories
Medical Magnesium GmbH,False,False,79,argentum medical
Medical Manufacturers Pty Ltd,False,False,76,actis medical pty
Medical Measurement Systems B.V,True,True,100,medical measurement systems
Medical Microinstruments Inc.,True,True,100,medical microinstruments
"Medical Positioning, Inc",True,True,100,medical positioning
Medical Quant Ltd.,False,True,87,qt medical
Medical Respiratory Devices S.L.,True,True,100,medical respiratory devices s l
Medical Service GmbH,False,True,94,medical service c
MEDICAL SPECIALTIES OF CALIFORNIA UK LIMITED,False,False,66,medical technologies of georgia
Medical Technologies Ltd,True,True,100,medical technologies
Medical Wire & Equipment Co Bath (Ltd),True,True,100,medical wire equipment co bath ltd
Medical-Latex (DUA) Sdn. Bhd.,True,True,100,medical latex dua sdn bhd
medical2market.BV,False,True,90,medical2market
Medicalgorithmics S.A.,True,True,100,medicalgorithmics
"MEDICALIP Co., Ltd.",False,True,85,wiz medical co
Medicalplastic s.r.l.,True,True,100,medicalplastic s r l
Medicap Homecare GmbH,False,False,78,homecare medical supplies
MEDICAP Srl,False,True,87,rmedical srl
"MediCapture, Inc.",False,False,80,medictube
Medicare Colgate Ltd,False,False,77,flat medical co
Medicare Products Ltd,True,True,100,medicare products
Medicareplus International Limited,True,True,100,medicareplus international
Medicareplus International Ltd,True,True,100,medicareplus international
Medicel AG,True,True,100,medicel
Medicem Technology  s. r. o.,True,True,100,medicem technology s r o
MEDICEPT UK LTD,True,True,100,medicept uk
Medichecks.com Ltd,True,True,100,medichecks com
medichema GmbH,True,True,100,medichema
medichema GmbH,True,True,100,medichema
Medicina Ltd,True,True,100,medicina
"Mediclus co., ltd",True,True,100,mediclus co
Medico Electrodes International Ltd.,False,False,77,best medical international
Medico Technology Co Ltd,False,True,92,medico technology co
"Medico Technology Co., Ltd.",True,True,100,medico technology co
Medicom Healthcare BV,True,True,100,medicom healthcare bv
MEDICOM HEALTHCARE LIMITED,True,True,100,medicom healthcare
Medicom SAS,True,True,100,medicom sas
Medicon eG,True,True,100,medicon eg
Medicontur,False,False,82,medicor
Medicoplast International Gmbh,True,True,100,medicoplast international
Medicrea International,False,True,88,medicareplus international
Medicure Instruments,True,True,100,medicure instruments
Medicus Health Ltd,False,True,85,modus health
Medifa GmbH,True,True,100,medifa
Medifactia AB,True,True,100,medifactia ab
Medifirst Co. Ltd,False,False,82,medifort
Mediflex Surgical Products,False,False,78,aspen surgical products
Medigarments Ltd.,True,True,100,medigarments
medikall GmbH,False,False,77,medil
Medikokim,False,False,75,medicom
Medilogic UK Limited,False,False,70,medicept uk
Medima Sp.z o. o.,False,True,90,medin sp z o o
Medimaging Integrated Solution Inc,True,True,100,medimaging integrated solution
Medimaging Integrated Solution Inc.,True,True,100,medimaging integrated solution
Medimaps Group SA,True,True,100,medimaps group sa
MediMatch Dental Laboratory,False,False,65,implura dental medical
MediMatic Srl,True,True,100,medimatic srl
Medin a.s,True,True,100,medin a s
Medin Medical Innovations GmbH,True,True,100,medin medical innovations
Meding GmbH,False,False,77,medinfo
MEDINOX LONDON LIMITED,True,True,100,medinox london
Medio-Haus Medizinprodukte GmbH,False,False,82,alfamed medizinprodukte
Medion Grifols Diagnostics AG,True,True,100,medion grifols diagnostics
Medipin Limited,False,True,86,medipan
Mediplast AB,True,True,100,mediplast ab
Mediplus Ltd,True,True,100,mediplus
MediPurpose Pte.Ltd.,False,True,88,medipurpose pte
Mediq Healthcare UK Ltd,True,True,100,mediq healthcare uk
Mediracer Oy,True,True,100,mediracer oy
Mediroyal Nordic AB,True,True,100,mediroyal nordic ab
Medis Medical Imaging Systems UK,False,True,94,mediso medical imaging systems
Medisafe UK Limited,True,True,100,medisafe uk
Medisana GmbH,True,True,100,medisana
"Medisarang Co., Ltd",False,True,87,medisarang co ltd
Medisim Ltd,False,True,88,medissimo
Mediso Medical Imaging Systems Ltd.,True,True,100,mediso medical imaging systems
Medisoft Ram Italia srl,False,True,88,medisoft ram italia s r l
Medisoft S.A.,True,True,100,medisoft
Medisporex Pvt Ltd,False,False,78,medisport
Medistim ASA,True,True,100,medistim asa
Medisun Gmbh,False,True,86,medifun
Medisys,False,False,83,medys
Medit Corp.,True,True,100,medit
MEDITE Medical GmbH,True,True,100,medite medical
Meditec Source GmbH & Co. KG,True,True,100,meditec source gmbh co kg
Meditech Endoscopy Limited,True,True,100,meditech endoscopy
Meditech International Inc.,True,True,100,meditech international
Meditech Kft,True,True,100,meditech kft
Meditech Systems Ltd,True,True,100,meditech systems
Meditelle Ltd,False,False,76,mediwellness
Meditera Tıbbi Malzeme Sanayi ve Ticaret Anonim Şirketi,False,True,89,meditera tıbbi malzeme sanayi ve ticaret a ş
MEDITES PHARMA spol s.r.o,False,False,79,ardez pharma spol s r o
"MEDITHINQ CO., LTD.",True,True,100,medithinq co
Meditrade GmbH,False,False,78,meditrina
Meditrina Inc.,True,True,100,meditrina
Medivance Instruments Limited,True,True,100,medivance instruments
"Medivance, Inc.",True,True,100,medivance
Medivators Inc.,False,False,80,medivation
Medivys Ltd,False,False,83,medys
MediWhale Inc.,True,True,100,mediwhale
Medizintechnik Promedt GmbH,False,True,89,micromed medizintechnik
"Medker Medical Electronic Tech (Shenzhen) Co., Ltd",True,True,100,medker medical electronic tech shenzhen co
Medkonsult Medical Technology s.r.o.,False,False,78,medicem technology s r o
Medlac S.r.l.,True,True,100,medlac s r l
Medlander Medical Technology Inc.,False,True,87,rehand medical technology
Medlife Ltd,True,True,100,medlife
MEDlight GmbH,True,True,100,medlight
"Medline Industries, LP",True,True,100,medline industries lp
Medline International France SAS,False,True,93,medline international france
Medlinescientific,False,False,76,milestone scientific
MedLogic Limited,False,False,80,mologic
medmix Deutschland GmbH,True,True,100,medmix deutschland
medmix Switzerland AG,True,True,100,medmix switzerland
Medmont International PTY Ltd,False,False,81,medagent international
MedNet GmbH,True,True,100,mednet
Medoc Ltd.,False,False,80,medor
Medoffice Sağlık Endüstri A.Ş,False,False,84,medoffice saglik endustri a s
MedOne Surgical Inc.,True,True,100,medone surgical
MEDOS INTERNATIONAL SARL,True,True,100,medos international sarl
Medovate Limited,True,True,100,medovate
Medovex Pty Ltd,False,False,74,medovent
Medpage Ltd,False,False,80,medimage
medPhoton GmbH,False,False,71,endotron
MEDPLUS INC.,True,True,100,medplus
Medprin Biotech GmbH,True,True,100,medprin biotech
MedRx,False,False,80,medor
MedSafety Solutions,True,True,100,medsafety solutions
"Medscope Biotech Co., Ltd.",True,True,100,medscope biotech co
MedSkin Solutions Dr. Suwelack AG,True,True,100,medskin solutions dr suwelack
Menrad Optics Ltd,False,False,74,general optica
Medstrom Healthcare Ltd,False,True,86,medicom healthcare
Medstrom Ltd,True,True,100,medstrom
Medtec LLC dba CQ Medical,False,False,68,medihightec medical co
MedTec Medizintechnik GmbH,False,True,90,medset medizintechnik
Medtech SAS - Zimmer Biomet Robotics,False,False,59,zimmer trabecular metal technology
Medtrade Products Ltd,True,True,100,medtrade products
Medtrica Solutions Ltd,False,False,82,qa med solutions
MEDTRON AG,False,True,88,medtronic
Medtronic B.V.,True,True,100,medtronic
Medtronic CoreValve LLC,True,True,100,medtronic corevalve
Medtronic CryoCath LP,False,False,70,medtronic corevalve
Medtronic MINIMED,True,True,100,medtronic minimed
Medtronic Navigation Inc.,True,True,100,medtronic navigation
Medtronic Navigation Inc.,True,True,100,medtronic navigation
Medtronic Powered Surgical  Solutions Inc.,True,True,100,medtronic powered surgical solutions
Medtronic Sofamor Danek Inc.,False,True,92,medtronic sofamor danek usa
Medtronic Xomed Inc,False,False,81,medtronic minimed
"Medtronic, Inc",True,True,100,medtronic
"Medtronic, Inc.",True,True,100,medtronic
MEDTRUM TECHNOLOGIES INC.,True,True,100,medtrum technologies
"MedWaves, Inc.",False,True,86,medaes
Medway Inc,False,False,83,medray
"Medwell Medical Products Co., Ltd.",True,True,100,medwell medical products co
Medwin France SAS,False,True,87,medwin france
MedX Health Corp.,True,True,100,medx health
MedXL Inc.,True,True,100,medxl
MedXPress.pro,True,True,100,medxpress pro
MEDYTOX Inc.,True,True,100,medytox
MEEI Boston Keratoprosthesis,False,False,65,eve borstprotheses
MEGADYNE MEDICAL PRODUCTS INC,True,True,100,megadyne medical products
"MEGADYNE MEDICAL PRODUCTS, INC.",True,True,100,megadyne medical products
"MegaGen Implant Co., Ltd.",True,True,100,megagen implant co
Meghdoot Pharma,True,True,100,meghdoot pharma
MEGIN OY,True,True,100,megin oy
Mego Afek AC Ltd,True,True,100,mego afek ac
MEHAK LINDA ENTERPRISES,False,False,74,mzh enterprises
MEIKA GROUP s.r.l.,True,True,100,meika group s r l
MEIKO MASCHINENBAU GMBH & CO. KG,False,False,79,strama mps maschinenbau gmbh co kg
Meiser Medical GmbH,True,True,100,meiser medical
Mel Dental Laboratory,False,False,70,helena laboratories
MELAG Medizintechnik GmbH & Co. KG,True,True,100,melag medizintechnik gmbh co kg
Melcare Biomedical Pty Ltd,False,False,82,licare biomedical
Mellor Ceramics,False,False,64,müller bertram
Meloq AB,False,False,75,leloi ab
Melsia Surgical,False,False,84,medasil surgical
Melyd Surgical Ltd,False,True,85,key surgical
MeMed Diagnostics Ltd.,True,True,100,memed diagnostics
MEMORYTELL LTD,False,False,63,orthocell
"Menarini Silicon Biosystems, Inc.",False,True,90,menarini silicon biosystems s p a
Mendelian Ltd.,False,False,80,medela
Mendip Dental Laboratory,False,False,68,meddix dental doo
Menicon B.V.,True,True,100,menicon
"Menicon Co., Ltd",False,False,82,menicon
Menicon Ltd,True,True,100,menicon
Menicon Pharma SAS,False,True,88,menicon pharma
Mentice Spain S.L.,True,True,100,mentice spain s l
MENTOR,True,True,100,mentor
MENTOR MEDICAL SYSTEMS B.V.,True,True,100,mentor medical systems
Meotec GmbH,False,True,92,mecotec
MEQU A/S,False,False,75,ambu a s
Merah Medical Sdn Bhd,True,True,100,merah medical sdn bhd
Merah Medical Sdn Bhd.,True,True,100,merah medical sdn bhd
Mercado Medic AB,True,True,100,mercado medic ab
Mercator Medical (Thailand) Ltd.,True,True,100,mercator medical thailand
"Mercator MedSystems, Inc.",True,True,100,mercator medsystems
Mercian Surgical Supply Co Ltd,True,True,100,mercian surgical supply
Merck KGaA,False,False,64,kyara larock
Merck Millipore Ltd,False,False,67,millipore uk
Merckle GmBH,True,True,100,merckle
Mercodia,False,False,84,mercodia ab
Mercodia AB,True,True,100,mercodia ab
Mercodia AB,True,True,100,mercodia ab
Mercury Medical,True,True,100,mercury medical
Merete GmbH,False,False,71,meyetech
Merge Healthcare Incorporated,False,True,85,modern healthcare
Meridian Bioscience Inc.,False,False,84,meridian bioscience israel
Meridian Medical d.o.o,True,True,100,meridian medical d o o
Meridian Technique LTD,True,True,100,meridian technique
Meril Diagnostics Pvt. Ltd,False,False,79,pearl diagnostics
Meril Endo Surgery Pvt. Ltd.,True,True,100,meril endo surgery pvt
Meril Healthcare Pvt.Ltd.,False,True,91,meril healthcare pvt
Meril Life Sciences Private Limited,False,True,92,meril life sciences pvt
Meril Life Sciences Pvt. Ltd.,True,True,100,meril life sciences pvt
Merit Medical Singapore Pte. Ltd.,True,True,100,merit medical singapore pte
"Merit Medical Systems, Inc.",True,True,100,merit medical systems
"Merits Health Products Co., Ltd.",True,True,100,merits health products co
Merivaara Corporation,True,True,100,merivaara
"Merlin Biomedical (Xiamen) Co., Ltd.",True,True,100,merlin biomedical xiamen co
Mersey & West Lancs NHS Trust - Sterile Services Southport,False,False,49,medical technology transfer and services
Merz Dental,False,False,83,zimmer dental
Merz North America,True,True,100,merz north america
Merz North America,True,True,100,merz north america
MES Medical Electronic Systems Ltd.,True,True,100,mes medical electronic systems
Mesa Italia S.r.l.,True,True,100,mesa italia s r l
Mesh Suture Inc. dba MSi,False,False,56,medxray sistemas médicos lda
"MESI, Development of medical devices, Ltd.",False,False,70,rms medical devices bv
meso international GmbH,True,True,100,meso international
mesoestetic Pharma Group,False,True,92,mesoestetic pharma group s l
"META BIOMED CO., LTD.",True,True,100,meta biomed co
"META SYSTEMS CO., LTD.",True,True,100,meta systems co
META Technologies S.R.L,True,True,100,meta technologies s r l
Metadvice Ltd,False,False,78,meddevice
Metaltronica S.P.A,False,False,84,metrica s p a
MetaOptima Technology Inc.,True,True,100,metaoptima technology
Metaphysis LLP,True,True,100,metaphysis llp
METASYS Medizintechnik GmbH,False,True,88,mesa medizintechnik
METASYSTEMS PROBES GMBH,True,True,100,metasystems probes
METEDA S.r.l,True,True,100,meteda s r l
Meticuly Company Limited,True,True,100,meticuly
Metis Healthcare Srl,False,True,86,siemens healthcare srl
METKO (Medical Engineering Trade Company),False,False,70,medicontur medical engineering
"Metran Co., Ltd.",False,False,75,meda co
Metrex Research LLC,False,False,80,moberg research
Metrex Research LLC dba Orascoptic,False,False,61,coroventis research ab
Metrodent Limited,True,True,100,metrodent
Metrosan Endüstriyel ve Elektro Mekanik Cihazlar ve Tıbbi Malzemeler San. Tic. Ltd. Şti.,False,False,79,metrosan end ve elk mek ci̇h ve tibbi̇ malzeme san ti̇c ltd şti̇
Metrovision,False,True,85,metrovision sas
Metrum Cryoflex,False,False,57,terumo europe
Metuas Medikal Sağlık Hizmetleri Danışmanlık İhracat İthalat A. Ş,False,False,83,metuas medikal sağlık hizmetleri dan i̇hr ve i̇th aş
MeVis Medical Solutions AG,True,True,100,mevis medical solutions
"Mexpo International, Inc.",False,True,92,meso international
Meyra Group GmBH,False,False,78,medeia group
MFB Fertility,False,False,76,future fertility
MFI BV,True,True,100,mfi bv
MG Developpement,False,False,79,liam developments
MG4 Dental Laboratory,False,False,68,laboratorios cosmodent s l
MHK MEDIKAL TEKSTIL SAN. TIC. LTD. STI,False,True,87,podima medikal ve tekstil san tic ltd sti
mibeTec GmbH,True,True,100,mibetec
Micerium S.p.A.,True,True,100,micerium s p a
Michael Doel Dental Technician,False,False,62,central medical technologies
Michael Fothergill Dental Laboratory,False,False,61,laboratorios diet esthetic
Michael Harris  Opticians Ltd,False,False,64,entreprise patie michel
Michelson Diagnostics Ltd,True,True,100,michelson diagnostics
"Mick Radio-Nuclear Instruments, Incorporated",True,True,100,mick radio nuclear instruments
"MiCo BioMed Co., Ltd.",True,True,100,mico biomed co
"Micomme Medical Technology Development Co., Ltd.",True,True,100,micomme medical technology development co
"Miconvey Technologies Co, Ltd",True,True,100,miconvey technologies co
Micrel Medical Devices S.A.,True,True,100,micrel medical devices
Micreos Human Health B.V.,True,True,100,micreos human health
Micrima Ltd,True,True,100,micrima
Micro BVM Systems LTD,False,False,76,icho systems
"Micro Cube, LLC",False,False,73,micro device
MICRO DENT LABORATORY LIMITED,False,False,70,e o laboratories
"Micro Medical Solutions, Inc.",True,True,100,micro medical solutions
"Micro Therapeutics, Inc., DBA ev3 Neurovascular",False,False,59,bioxa therapeutics s r o
Micro-Mega SA,True,True,100,micro mega sa
Micro-NX Co. Ltd,False,True,86,micron
"Micro-Tech (Nanjing) Co., Ltd",True,True,100,micro tech nanjing co
Micro-X Ltd,False,False,78,micro nx co
"MicroAire Surgical Instruments, LLC",False,True,85,maq surgical instruments
Microba Pty Ltd,False,False,83,micropace pty
Microbio Ltd,False,False,77,mobio
Microbiosensor Limited,True,True,100,microbiosensor
Microbira Limited,False,False,75,micrima
Microbix,False,False,71,micron
Microgenics Corporation,True,True,100,microgenics
Mid and South Essex NHS Foundation Trust,False,False,56,bedford hospital bedfordshire hospitals nhs foundation trust
Microlife Corporation,True,True,100,microlife
"Microline Surgical, Inc.",False,False,81,crown surgical
Microlink Technology Ltd T/A Pro-Lab Diagnostics,False,False,62,jiangsu mijo technology co ltd
Micromar Indústria e Comércio Ltda.,False,True,97,micromar industria e comercio ltda
Micromed Medizintechnik GmbH,True,True,100,micromed medizintechnik
Micromed SpA,False,False,78,micromedics
MICROMED Srl,False,True,87,picomed srl
Micronclean,True,True,100,micronclean
Micronica srl,True,True,100,micronica srl
Micropace Pty Ltd,True,True,100,micropace pty
"Micropoint Biotechnologies Co., Ltd.",True,True,100,micropoint biotechnologies co
MicroPort CRM Ltd,False,False,81,microport crm s r l
Microport CRM S.r.l,True,True,100,microport crm s r l
MicroPort NaviBot (Suzhou) Co. Ltd,False,True,94,microport navibot suzhou co
MICROPORT NEUROTECH (SHANGHAI) Co. LTD.,False,True,89,microport neurotech shanghai co ltd
MicroPort Orthopedics Inc.,False,False,74,adco orthopaedics
Micropos Medical AB,True,True,100,micropos medical ab
Microscopix Limited,False,False,70,microsoft
"MicroSurgical Technology, Inc.",True,True,100,microsurgical technology
"Microtech Medical (Hangzhou) Co., Ltd.",False,True,94,microtech medical hangzhou co ltd
"Microtek Medical B.V,",False,True,89,microtek medical
Microtek Medical Inc.,True,True,100,microtek medical
Microtek Medical Malta Ltd,True,True,100,microtek medical malta
MicroVention Europe SARL,False,False,80,innoventiv europe srl
MicroVention Inc,True,True,100,microvention
Microwarm ApS,False,False,73,icura aps
Mid and South Essex University Hospitals Group,False,False,52,hospital district of southwest finland
Mid-Continental Dental Supply Co. Ltd.,False,False,64,saga dental supply as
Middleton St George Dental Care,False,False,63,hamilton central europe
Mident,False,True,86,empident
miDiagnostics nv,True,True,100,midiagnostics nv
MIDLAND TANK AND IRON PLATE COMPANY LIMITED (THE),False,False,59,the mentholatum company ireland
Midmark Corporation,False,False,71,ilumark
Midora Ltd,False,True,91,midra
Miele & Cie. KG,True,True,100,miele cie kg
"Mighty Oak Medical, Inc.",True,True,100,mighty oak medical
MIGLIONICO SRL,False,False,80,miglionico rocco
miha bodytec GmbH,True,True,100,miha bodytec
miiCARE Limited,False,False,80,nidicare
MIKA MEDICAL CO,True,True,100,mika medical
Mikai S.p.a,True,True,100,mikai s p a
Mikrogen GmbH,True,True,100,mikrogen
Mikroscan Inc.,False,False,71,midocean
Miktell Ltd,True,True,100,miktell
MILENIA Biotec GmbH,True,True,100,milenia biotec
Milestone Srl,False,False,79,milestone s r l
Milford & Mason Dental Ceramics,False,False,67,j b implant and dental ceramics
Millar Inc.,False,False,77,villard
Millennium Sciences Inc.,True,True,100,millennium sciences
Millet Innovation,False,False,78,innovations medical
Millican Opticians Prescot ltd,False,False,61,bio optica milano s p a
Millipore (UK) Ltd,True,True,100,millipore uk
Millpledge Surgicals Ltd,False,False,74,medone surgical
millpond dental laboratory,False,False,65,open mind laboratory
Millstream Penthouse Systems Ltd,False,False,64,mentor medical systems
Milngavie Orthodontics,False,False,74,american orthodontics
Miltenyi Biotec B.V. & Co. KG,False,False,67,milenia biotec
Milton Keynes University Hospital,False,False,55,suministros hospitalarios
Milton Street Dental Laboratory Ltd,False,False,68,laboratoire dumont et montet
Milvue SAS,False,False,84,milae sas
MIM Software Inc.,True,True,100,mim software
Mimetis Biomaterials S.L.,True,True,100,mimetis biomaterials s l
"MIND OPTICAL CO., LTD.",True,True,100,mind optical co
MindDoc Health GmbH,True,True,100,minddoc health
Mindent Dental Lab Ltd,False,False,72,sinedent dental sl
MindLife UK Limited,False,False,70,millipore uk
MindMaze SA,True,True,100,mindmaze sa
Mindset Technologies,True,True,100,mindset technologies
"Mindways Software, Inc.",True,True,100,mindways software
Minerva Laboratories Ltd.,False,True,85,medmira laboratories
"Mingna (Guangzhou) Technology Co., Ltd.",False,False,81,guangzhou icare medical technology co
Minitube AB,True,True,100,minitube ab
Minnesota Medical Technologies,True,True,100,minnesota medical technologies
Mint Dental Laboratory,False,False,69,laboratoire monin chanteaud
Mint Medical GmbH,False,True,96,minta medical
MINTA MEDICAL LIMITED,True,True,100,minta medical
Minus Eyewear,False,False,77,leinz eyewear
Minze NV,True,True,100,minze nv
MIP (UK) Ltd,False,False,71,medicept uk
MIR - Medical International Research S.p.A.,True,True,100,mir medical international research s p a
"Miraclean Technology Co., Ltd.",True,True,100,miraclean technology co
Mirada Medical Ltd,True,True,100,mirada medical
miraDry Inc.,False,False,73,mira
Mirage Eyewear (1993) Limited,False,False,69,imago eyewear
Mirage Health Group Ltd,True,True,100,mirage health group
Mirai Medical Ltd,False,True,89,mirada medical
MiraVista Diagnostics LLC,False,False,83,mast diagnostic
"Mirion Technologies (Capintec), Inc",False,False,75,manteia technologies co
Miris AB,True,True,100,miris ab
miro Verbandstoffe GmbH,True,True,100,miro verbandstoffe
MiRTLE Medical LLC,True,True,100,mirtle medical
Mirza Instruments Ltd,False,True,85,moor instruments
MirZyme Therapeutics Ltd.,False,False,79,admit therapeutics
MIS Implants Technologies Ltd. (Israel),False,False,82,mis implants technologies
Misonix Inc.,False,False,80,viasonix
Mitaka Kohki Co LTD,False,True,89,mitaka kohki co
"MITELOS BIOSCIENCE, S.L",True,True,100,mitelos bioscience s l
Mitie Group Plc,False,False,71,ict group srl
MITRA INDUSTRIES PRIVATE LIMITED,False,False,82,niraj industries pvt
MIZUHO Corporation,False,False,60,eizo
Mizuho OSI,False,False,55,moms horizon
MJK Laboratory Limited,False,False,75,phantom laboratory
MJN NEUROSERVEIS S.L.,True,True,100,mjn neuroserveis s l
MJS Healthcare ltd,True,True,100,mjs healthcare
MJW International,False,True,94,mjm international
MK medical GmbH & Co. KG,False,True,87,nemius medical gmbh co kg
MK-dent GmbH,True,True,100,mk dent
ML Dent Ltd,False,True,86,mk dent
MLase GmbH,True,True,100,mlase
"MMJ Labs, LLC dba Pain Care Labs",True,True,100,mmj labs llc dba pain care labs
"MML Diagnostics Packaging, Inc.",True,True,100,mml diagnostics packaging
MMM Medical Equipment UK Ltd,False,False,84,tma medical equipment
MMM Munchener Medizin Mechanik GMBH,False,False,67,mtm medizin technik mauk
MMWR LTD,False,False,67,mr
MN Santé Holding,True,True,100,mn santé holding
mo-Vis bv,True,True,100,mo vis bv
MobiLab Medical Innovations Inc,False,True,85,medin medical innovations
Mobility Research Inc,False,False,75,moberg research
"Mobility Source Medical Technology Co., Ltd.",False,False,79,mingwei medical technology suzhou co
"Mobius Imaging, LLC",True,True,100,mobius imaging
Modality Partnership,False,False,65,united medical partners
"Modern Arch, LLC",False,False,67,ortho arch
Modern Dental Global Solutions Limited,False,False,74,gasom dental solution s r l
Modern Healthcare Corp.,True,True,100,modern healthcare
Modern Me GmbH,False,False,70,memodent bv
MODJAW SAS,False,False,76,hemodia sas
MODO Eyewear S.r.l.,False,False,70,indian eyewear madrid s l
Modsel Pty Ltd,False,False,70,ozdent pty
"Modulated Imaging, Inc.",False,False,76,multiwave imaging
Modvel,False,False,73,sodel
modwena orthodontics LTD,False,True,92,modern orthodontics
Mojo Orthotic Ltd,False,False,80,dm orthotics
Mojo-Dental Laboratory Ltd,False,False,68,e o laboratories
Molecular Products Ltd,True,True,100,molecular products
molGENTIX SL,False,False,77,biogenetix srl
Molitan a.s.,False,False,72,marcolin s p a
Molledent Ltd t/a Denta-mol,False,False,61,dental morelli ltda
Moller Medical GmbH,False,True,96,möller medical
Mölnlycke Health Care AB,True,True,100,mölnlycke health care ab
Mona Lisa N.V.,True,True,100,mona lisa
Monaghan Medical Corporation,False,False,80,narang medical
Mondomed NV,True,True,100,mondomed nv
Mondottica Limited,True,True,100,mondottica
Monidor Oy,True,True,100,monidor oy
Monivent AB,True,True,100,monivent ab
MoNo chem-pharm Produkte GmbH,True,True,100,mono chem pharm produkte
MONSENSO UK LTD,False,False,78,monsenso a s
Montgomery and Burrows Opticians Ltd,False,False,55,opticon group d o o
Moody Terrace Dental Practice Ltd,False,False,59,samwon dental medical precise
Moon Bro (Overseas) Corporation,False,False,65,bio micron sas
Moor Instruments Ltd,True,True,100,moor instruments
Moorcastle Limited,False,False,67,mobercas sl
Moore (UK) Ltd.,False,False,70,millipore uk
Moorfields Eye Hospital NHS Foundation Trust,False,False,71,bedford hospital bedfordshire hospitals nhs foundation trust
Moorings Mediquip,False,False,73,trident mediquip
Moovartes BV,False,False,74,more bv
MOOVIE Therapy LTD,False,False,72,therapy box
MORCHER GmbH,True,True,100,morcher
"More Diagnostics, Inc.",False,True,87,r2 diagnostics
Morgan Scientific. Inc.,False,True,85,brain scientific
Moria S.A.,True,True,100,moria
Morpheus AG,True,True,100,morpheus
MORTAN INC,True,True,100,mortan
Mosaic Surgical LTD,True,True,100,mosaic surgical
Moscot Services SAGL,False,False,76,hospital services
Moses Enterprises,False,False,81,kem enterprises
Motek Medical B.V.,True,True,100,motek medical
Motilent Ltd,True,True,100,motilent
Motility Count ApS,False,False,69,motilitycount aps
MOTION COMPOSITES,True,True,100,motion composites
Motion Concepts,False,True,91,motion concepts lp
Motion Dental Equipment Corporation,True,True,100,motion dental equipment
Mountain Trike Company Ltd,False,False,67,trice imaging
Movendo Technology Srl,True,True,100,movendo technology srl
Moveo SRL,False,False,80,mv srl
MoveUP NV/SA,False,False,70,comeo sa nv
MovingLife Ltd,True,True,100,movinglife
MOVMEDIX,False,False,71,medmix co
MP Biomedicals Asia Pacific Pte Ltd,True,True,100,mp biomedicals asia pacific pte
MP Biomedicals Germany GmbH,True,True,100,mp biomedicals germany
MP Medical Product GmbH,False,False,83,primed medical products
MPG GmbH,False,False,67,smp
MPowrx Health and Wellness Products 2012 Inc.,True,True,100,mpowrx health and wellness products 2012
MPS Micro Precision Systems AG,True,True,100,mps micro precision systems
MR DENTAL SUPPLIES LTD,False,False,76,central medical supplies
MRC Holland B.V.,True,True,100,mrc holland
MRI Guidance,False,False,70,mriguidance
MRK Healthcare Private Limited,False,True,90,mrk healthcare pvt
MSK DOCTORS & ASSOCIATES LIMITED,False,False,72,tcm associates
MSP Concept GmbH & Co. KG,True,True,100,msp concept gmbh co kg
MT DERM GMBH,True,True,100,mt derm
MT MonitorTechnik GmbH & Co. KG,True,True,100,mt monitortechnik gmbh co kg
MTN Neubrandenburg GmbH,True,True,100,mtn neubrandenburg
MTS Maschinenbau AG,True,True,100,mts maschinenbau
MTS Medical AG,False,True,86,tz medical
MTW-Endoskopie W. Haag KG,True,True,100,mtw endoskopie w haag kg
Mueller Sports Medicine Inc,False,False,77,orteq sports medicine
Muhammed Saim Zaheerali,False,False,58,zaheer shahmeer
Muhdo Health Ltd,False,False,80,imedos health
Mulgrew Orthodontics,False,False,79,lightforce orthodontics
Multicare Medical Ltd,False,False,82,licare biomedical
Multifront International,False,True,89,maltron international
"Multigate Co., Ltd",True,True,100,multigate co
Multimedical s.r.l.,True,True,100,multimedical s r l
Multimedix Ltd,False,False,73,multimed srl
Multix Solutions s.r.l.,False,False,81,else solutions s r l
Munevo GmbH,False,False,67,aneuvo
Munich Surgical Imaging GmbH,True,True,100,munich surgical imaging
Musculoskeletal Transplant Foundation,False,False,50,foundation medicine
"MVE BIOLOGICAL SOLUTIONS US, LLC",False,True,94,mve biological solutions
Mvg Consult,False,False,82,mdr consult
MVision AI Oy,False,False,77,carevision oy
MVS In Motion,True,True,100,mvs in motion
MWH Dental Ceramics LTD,False,False,69,cms dental
MWM SURGICO,False,False,77,ghumman surgico
My Implant Business GmbH,True,True,100,my implant business
MY JAFO LLC,True,True,100,my jafo
My Med Kft,True,True,100,my med kft
My Medical Mask Ltd,False,False,81,mars medical
my mhealth Limited,False,False,76,nemo health
"MY01, Inc",True,True,100,my01
MyCardio LLC,False,False,71,cardiotek
Mycardium AI Ltd,True,True,100,mycardium ai
"Mycone Dental Supply Co. Inc., t/a Keystone Industries",False,False,59,ideal medical industries co ltd
Mydentist Olivers House,False,False,53,the yes yes
myehealth,False,False,82,aehealth
Myerson Company Limited,False,False,67,deron
Mylan Institutional,False,False,67,mammon international
Myo Munchee (Operations) Pty Ltd,True,True,100,myo munchee operations pty
"Myocardial Solutions, Inc",True,True,100,myocardial solutions
Myomo Inc.,False,False,67,bomo
MYoroface AB,False,False,67,ortoma ab
"Myriad Genetic Laboratories, Inc.",False,False,77,bio rad laboratories
MySense Ltd,False,False,80,eyesense
mySugr GmbH,False,False,67,sugr germany
MYT Dentlab Ltd,False,False,80,mt dental
MyWam Sp. z o.o.,True,True,100,mywam sp z o o
MyWay Digital Health Ltd,False,False,63,ciga healthcare
"MZ Liberec, a.s.",True,True,100,mz liberec a s
N.Rikena Crown and Bridge dental laboratory,False,False,60,cambridge isotope laboratories
NABTESCO CORPORATION ACCESSIBILITY INNOVATIONS COMPANY,False,False,64,inspire innovatex corporation co
NADMED Oy,True,True,100,nadmed oy
Nafa Surgical Co,False,True,89,nawaz surgical
Nagor Limited,True,True,100,nagor
Nairn Denture Studio,False,False,73,mayclin dental studio
Nakamura Dental MFG. Co Ltd,False,False,72,yamahachi dental mfg
Nakanishi.Inc,False,False,82,nakanishi
Naked Prosthetics,True,True,100,naked prosthetics
nal von minden GmbH,True,True,100,nal von minden
nal von minden GmbH,True,True,100,nal von minden
Nalge Nunc International Corporation,False,False,81,valentine international
"NAMROL MEDICAL, S.L",True,True,100,namrol medical s l
"Nanchang Dental Bright Technology Co., Ltd.",False,True,95,nanchang dental bright technology co ltd
"Nanchang Micare Medical Equipment Co., Ltd",False,True,95,nanchang micare medical equipment co ltd
"Nanchang White Technology Co., Ltd.",False,False,79,nanjing youchi technology co
"NANCHANG YILI MEDICAL INSTRUMENT CO., LTD",False,False,81,shanghai pax medical instrument co
"Nanjing 3H Medical Products Co., Ltd.",False,True,94,nanjing 3h medical products co ltd
"Nanjing Aishun Green Technology Co., Ltd",False,False,76,nanjing anke medical technology co
"Nanjing CareMoving Rehabilitation Equipment Co., Ltd.",True,True,100,nanjing caremoving rehabilitation equipment co
"Nanjing Difei Medical Equipment Co., Ltd.",False,False,80,nanjing perlove medical equipment co
"Nanjing FSN Medical Co., Ltd .",False,False,75,xinkang medical instrument co ltd
"Nanjing Jusha Display Technology Co., Ltd",False,False,74,eco medical technology nanjing co
"Nanjing Liming Bio-Products Co., Ltd.",False,True,95,nanjing liming bio products
"Nanjing Mindray Bio-Medical Electronics Co., Ltd.",True,True,100,nanjing mindray bio medical electronics co
"Nanjing Okay Biotechnology Co., Ltd",False,True,89,nanjing novlead biotechnology co
"NANJING RELCARE SPORTS TECH CO., LTD",False,False,62,dongguan uni sole sports technology co
Nanjing Sealand Medical Co Ltd,False,False,73,nanoskin medical's
"Nanjing Superstar Medical Equipment Co., Ltd.",True,True,100,nanjing superstar medical equipment co
"Nanjing Synthgene Medical Technology Co., Ltd.",True,True,100,nanjing synthgene medical technology co
"Nanjing Youchi Technology Co., Ltd",True,True,100,nanjing youchi technology co
"Nanning Baolai Medical Instrument Co., Ltd.",False,True,93,naning baolai medical instrument co ltd
"Nanning Hhao Technology Co., Ltd",False,True,93,nanning hhao technology co ltd
"Nanning Passion Medical Equipment Co., Ltd.",False,False,83,nanjing perlove medical equipment co
"Nanning Sixtant Biotechnology Co., Ltd",False,False,82,nanjing shuangwei biotechnology co
"Nanning TECBOD Biological Technology Co., Ltd.",True,True,100,nanning tecbod biological technology co
Nano-X AI Ltd,True,True,100,nano x ai
NanoEnTek Inc.,False,False,75,anestek
Nanomedic Technologies Ltd.,True,True,100,nanomedic technologies
Nanoomtech CO LTD,False,False,78,innotech
NanoPass Technologies Ltd,False,False,84,apis technologies
Nanosonics Ltd,True,True,100,nanosonics
NanoSpeed Diagnostics Inc.,False,False,79,memed diagnostics
Nanovi A/S,True,True,100,nanovi a s
NanoVibronix Ltd,False,False,64,endotronix
"Nantong City YOJO Medical Products Co., LTD",True,True,100,nantong city yojo medical products co
"Nantong Egens Biotechnology Co., Ltd.",False,True,85,nantong diagnos biotechnology co ltd
Nantong Health & Beyond Hygienic Products Inc.,False,False,64,nanchang chaoyang medical and health products co
"Nantong Kangjinchen Medical Equipment Co., Ltd.",True,True,100,nantong kangjinchen medical equipment co
Nantong Rhino Homeware Co Ltd,False,False,60,nantong rightips medical technology co
NAQI International Ltd,False,True,91,nea international
NAQI NV,True,True,100,naqi nv
Nardi Compressori SRL,False,False,63,emerson co srl
Narishige International Ltd,True,True,100,narishige international
"Narishige Lifemend Co., Ltd",False,True,98,narishige lifemed co
Naru Opticians Ltd,False,False,74,laurus optics
Nasaleze Limited,True,True,100,nasaleze
Nasir optics,False,False,73,neuroptics
Naslund Medical AB,True,True,100,naslund medical ab
NHC Technology Ltd,False,True,86,dgh technology
"Natera, Inc",False,False,77,arterya
National Dental Supplies Ltd.,False,False,75,central medical supplies
National Diagnostic Products (Australia) Pty Ltd,True,True,100,national diagnostic products australia pty
"National Health Service, Greater Glasgow & Clyde (Decontamination)",False,False,53,ics intercultural communication services
National Institute for Biological Standards and Control (NIBSC),False,False,55,maco international di conte c sas
National Services Scotland,False,False,68,spectranetics international
Natrinza Ceramics Ltd,False,False,67,abrams nation
NaturalCycles Nordic AB,True,True,100,naturalcycles nordic ab
Naturalistic Dental,False,False,73,naturalia diet
Naturelle Consumer Products Ltd,False,False,70,contour products
"Naturs Design, Inc.",True,True,100,naturs design
"Naturs Design, Inc.",True,True,100,naturs design
Natus Manufacturing Ltd.,True,True,100,natus manufacturing
Natus Medical Denmark,False,True,91,natus medical denmark aps
Natus Medical Incorporated DBA Excel-Tech Ltd. (XLTEK),True,True,100,natus medical incorporated dba excel tech ltd xltek
Natus Neurology Incorporated,False,False,67,urologic aps
Navbit Pty Ltd.,True,True,100,navbit pty
"Navilyst Medical, Inc.",False,False,83,vista medical
Naviswiss AG,True,True,100,naviswiss
NB Dental Lab Ltd,False,False,71,tdv dental ltda
NBCL B.V.,True,True,100,nbcl
nbn Medizin Elektronik GmbH,False,False,78,erbe elektromedizin
NCS Lab Srl,True,True,100,ncs lab srl
NDD Medizintechnik AG,True,True,100,ndd medizintechnik
"NDS Surgical Imaging, LLC",False,False,84,munich surgical imaging
NE Device SW Oy,True,True,100,ne device sw oy
NEA International B.V.,True,True,100,nea international
NEATcap Medical LLC,False,True,86,natec medical
Neater Solutions Limited,True,True,100,neater solutions
NEBU-TEC med. Produkte Eike Kern GmbH,True,True,100,nebu tec med produkte eike kern
NEBULA SURGICAL PRIVATE LIMITED,True,True,100,nebula surgical private
NEC Corporation,True,True,100,nec
NEC Software Solutions,False,True,94,nec software solutions uk
Needle Concept,True,True,100,needle concept
Needs Ltd,False,False,67,newmed srl
Neil Coleman Crown & Bridge,False,False,56,blue dna companion
"NeilMed Pharmaceuticals, Inc.",False,True,88,helm pharmaceuticals
Neitz Instruments Co. Ltd.,False,True,91,next instruments
Neko Health AB,False,False,80,nemo health
Nemaura Pharma,True,True,100,nemaura pharma
Nemoto Kyorindo Co Ltd,False,True,91,nemoto kyorindo co
NEO Dr. INC.,True,True,100,neo dr
Neo G Limited,False,False,73,genexo
Neo Medical SA,True,True,100,neo medical sa
Neo-Innovations UK LTD,False,False,79,p + l innovations
"Neo-nostics (Suzhou) Bioengineering Co., Ltd.",False,False,73,new gene hangzhou bioengineering co
"Neobiotech Co., Ltd.",False,True,87,neobiotech co ltd
Neochord Inc,False,False,67,novacor
"NeoCoil, LLC",True,True,100,neocoil
"NEOFECT Co., Ltd.",True,True,100,neofect co
Neogen Europe Limited,True,True,100,neogen europe
NeoMedLight,False,False,84,neolight
Neomend,True,True,100,neomend
Neorad B.V.,False,False,80,erad
"Neos Surgery, S.L.",True,True,100,neos surgery s l
NeoSoft LLC,True,True,100,neosoft
Neoss AB,True,True,100,neoss ab
Neoss Ltd,False,False,80,nesos
Neotech Products LLC,True,True,100,neotech products
NeoTract Inc.,True,True,100,neotract
Neoventa Medical AB,True,True,100,neoventa medical ab
Nephrostomy UK Limited,False,False,61,neurostim
nerbe plus GmbH  & Co KG,True,True,100,nerbe plus gmbh co kg
Nereus Medical,False,False,83,perouse medical
Nero Dental Studio,False,False,78,hall dental studio
Nervecentre Software Ltd,True,True,100,nervecentre software
Ness Art Dental Laboratory,False,False,71,artron laboratories
Nestmedic S.A.,False,True,89,bestmedic
Netop Industrial Company Limited,True,True,100,netop industrial
Netop Industrial Company Limited,True,True,100,netop industrial
Network Medical Products Ltd.,False,True,87,nidek medical products
Neuhealth Digital Ltd,False,False,69,ga health
"NeuMoDx Molecular, Inc.",True,True,100,neumodx molecular
NEURANIX SRL,False,False,77,neuranix s r l
"NeuraSignal, Inc.",False,False,76,novasignal
NEURAVI LIMITED,False,False,77,eneura
Neuro Event Labs Oy,True,True,100,neuro event labs oy
Neuro Event Labs UK Limited,False,True,89,neuro event labs oy
Neuroelectrics Barcelona S.L.U,True,True,100,neuroelectrics barcelona s l u
NeuroEquilibrium Diagnostic Systems Pvt. Ltd.,True,True,100,neuroequilibrium diagnostic systems pvt
Neurofenix Ltd,False,False,76,neuroventis
"Neurologica Corp., A Subsidiary of Samsung Electronics",False,True,97,neurologica corp a subsidiary of samsung electronics co
Neuromedex GmbH,True,True,100,neuromedex
Neuromersiv Pty Ltd,False,False,67,neuromed spa
Neuromod Devices Limited,False,False,71,neuro device group
Neuron Guard Srl,False,False,82,neuron guard s r l
Neuronostics Limited,False,True,87,neuronetics
"NeurOptics, Inc.",True,True,100,neuroptics
NeuroResponse CIC,False,False,74,curesponse
Neurorestorative and Neurorehabilitation Solutions Pvt Ltd,False,False,53,restorative neurotechnologies srl
Neurosynaptic Communications Pvt Ltd,False,False,63,stryker communications
Neurotheraputics at University College London,False,False,52,aeon biotherapeutics
"NeuroVasc Technologies, Inc.",True,True,100,neurovasc technologies
NeuroVirt Limited,False,False,73,uab neurovita
Neurovirtual USA Inc.,True,True,100,neurovirtual usa
Neurowyzr Pte. Ltd.,False,False,64,eurocor tech
"Neusoft Medical Systems Co.,Ltd.",False,False,78,dk medical systems co
NEUWAVE MEDICAL INC,True,True,100,neuwave medical
Nevia Biotech SRL,False,True,91,levi biotech srl
Nevies (Opticians) Ltd,False,False,67,evolve optical
Nevro Corporation,False,False,73,aneuvo
New Ancorvis Srl,False,False,73,new davigo srl
New Co-ordinates Limited t/a Newco Surgical,False,False,55,the surgical company international
New Erie Scientific LLC (a subsidiary of Epredia),False,False,66,cardiac pacemakers inc a subsidiary of boston scientific
"New Gene (Hangzhou) Bioengineering Co., Ltd.",True,True,100,new gene hangzhou bioengineering co
New Look Ortholabs Ltd,False,False,67,one ortho
New Medical Technologies (NMT) GmbH,False,True,92,new medical technologies
New NI Medical (2011) Ltd,False,False,70,neowing medical co
"New Pelvic Pain Technologies, Inc.",False,False,73,ninix technologies nv
"NEW WELLNESS CONCEPT,",True,True,100,new wellness concept
New White Ltd,False,False,78,white med
New World Medical,True,True,100,new world medical
Newbury Dental Laboratories Ltd,False,False,70,helena laboratories
Newbury VE Ltd,False,False,57,2getbusy bv
Newcastle Denture Services,False,False,68,europe service sas
Newcastle Upon Tyne Hospital  NHS Foundation Trust,False,False,59,bedford hospital bedfordshire hospitals nhs foundation trust
Newclip Technics,False,True,89,newclip technics sas
Newdeal SAS,False,False,70,safeheal sas
NewGen Surgical INC,False,False,77,conendo	surgical
NEWMARKET BIOMEDICAL LTD,True,True,100,newmarket biomedical
Newmed SRL,True,True,100,newmed srl
Newport Denture Clinic LTD,False,False,63,pentron clinical
Newquay Dental Lab,False,False,65,dental today srl
"NewScen Coast Bio-Pharmaceutical Co., Ltd.",False,True,95,newscen coast bio pharmaceutical co ltd
Newton Abbot VE Ltd,False,False,62,mgnewton co
Newton Dental Laboratory T/A Chris newton Ceramics Ltd,False,False,54,j b implant and dental ceramics
NEXA Medical Limited,True,True,100,nexa medical
"Nexmed Technology Co.,Ltd.",True,True,100,nexmed technology co ltd
NEXOR Medical GmbH,True,True,100,nexor medical
Nexstim Plc,False,False,73,nexstim oyj
"NEXT Medical Products Company, LLC",False,False,78,karma medical products co
Next Science LLC,False,False,76,axscience
"NEXTBIOMEDICAL CO., LTD.",True,True,100,nextbiomedical co
Nextgen Health Solutions,False,False,79,health insight solutions
Nexus Dental Laboratory Ltd,False,False,71,helena laboratories
Neyo Labs Limited,False,False,78,noah labs
NG Biotech,False,False,84,ns biotec
NG Medical Gmbh,False,True,90,np medical
NHS Dumfries and Galloway,False,False,56,sabokay industries
NHS England,False,False,67,nes nederland
NHS Forth Valley,False,False,59,valley electronics
NHS Grampian,False,False,61,smt germany
NHS Grampian - Maxillofacial Prosthetics Service,False,False,55,american prosthetic components
NHS Grampian/ Dental Laboratory,False,False,69,tin lok dongguan dental laboratory co
NHS Greater Glasgow & Clyde,False,False,60,great glove xinghua co
NHS Highland Central Decontamination Unit,False,False,55,st jude medical coordination center
NHS Scotland (CDU),False,False,62,solano s p
NHS Tayside,False,False,60,teyder sl
NHSBT Reagents,False,False,61,beltragen
Niall Design Ltd,False,False,80,enable design
"NIBEC Co., Ltd.",True,True,100,nibec co
Nibotechnics nv,True,True,100,nibotechnics nv
Nic Sproson the Optician Ltd,False,False,60,wenzhou oron optical co
"NICE Recovery Systems, LLC",True,True,100,nice recovery systems
"NICHIBAN CO.,LTD",False,True,85,nichiban co
Nichiryo Co Ltd,False,False,84,nichiryo co
Nicholas Little (Winterborn & Little Associates Ltd),False,False,55,international associates auditing certification
Nicholas Watson Opticians Ltd,False,False,59,opticris optica srl
Nicholson Eyecare,False,False,67,leica eyecare
NICHROMINOX,False,False,63,biochrom
Nick Harrison,False,False,64,sic argon
nick smith dental,False,False,69,mt dental
NICO Corporation,True,True,100,nico
NICo-Lab B.V.,True,True,100,nico lab
Nidacon International AB,False,False,83,njord international ab
"NIDEK CO., LTD.",False,False,78,infitek co
Nidek Medical Products Inc.,True,True,100,nidek medical products
Nifty Dental Solutions Laboratory LTD,False,False,71,phibo dental solutions s l
Nigel Gainey Opticians,False,False,61,general optica
Nightingale Health Oyj,True,True,100,nightingale health oyj
NIHON KOHDEN CORPORATION,False,False,77,nihon kohden europe
Nihon Kohden Digital Health Solutions Inc.,True,True,100,nihon kohden digital health solutions
Nihon Kohden Firenze S.r.l.,True,True,100,nihon kohden firenze s r l
"Nihon Kohden OrangeMed, LLC",True,True,100,nihon kohden orangemed
Nikkiso Belgium bv,True,True,100,nikkiso belgium bv
"Nikkiso Co., Ltd.",True,True,100,nikkiso co
"NIKKISO CO., LTD.",True,True,100,nikkiso co
Nikkiso Europe GmbH,False,True,85,nikon europe
Nikon Corporation,False,False,67,nico
Nikon Optical UK Ltd,False,False,75,indo optical slu
Nikon-Essilor,False,True,90,nikon essilor co
"Nimco Made4you, B. V.",False,True,91,nimco made4you bv
Nimrodental Ltd,False,False,78,indigodental
Nine Group International,False,False,78,nea international
Ninewells Hospital,False,False,69,hospital services
Ninewells Hospital & Medical School,False,False,67,inspital medical technology
"Ningbo Advan Electrcial Co., Ltd.",False,False,65,jiangsu xinbei electrical appliances co
"Ningbo Albert Novosino Co., Ltd.",False,False,67,ningbo sinyuan bur tool co
"Ningbo Baichen Medical Devices Co., Ltd.",True,True,100,ningbo baichen medical devices co
"Ningbo Caremed Medical Products Co., Ltd.",True,True,100,ningbo caremed medical products co
"Ningbo Chengmei Medical Products Co., Ltd.",True,True,100,ningbo chengmei medical products co
"Ningbo Chinmed Technology Co., Ltd",False,False,79,ningbo hanyue medical technology co
"Ningbo Five Continents Medical Instrument Co., Ltd.",False,False,80,ningbo dacheng medical instrument co
"Ningbo Free Trade Zone Tenso Medical Instruments Co., Ltd.",True,True,100,ningbo free trade zone tenso medical instruments co
"Ningbo Greatcare Medical Instruments Co., Ltd.",False,True,95,ningbo greatcare medical instruments co ltd
Ningbo Greetmed Medical Instruments Co Ltd,False,True,91,ningbo greetmed medical instruments co ltd
"Ningbo Haishu Yeson Medical Device Co., Ltd",False,False,79,ningbo hitcm medical devices co
"Ningbo Hi-life Medical Technology Co., Ltd.",False,True,95,ningbo hi life medical technology co ltd
"Ningbo High-Tech Bluesky Manufactory & Trading Co., Ltd.",False,False,57,ningbo beiduoen health tech co ltd
"Ningbo Hitcm Medical Devices Co., Ltd.",True,True,100,ningbo hitcm medical devices co
"Ningbo Ican Machines Co., Ltd.",False,False,68,ningbo medsun medical co
Ningbo Jenius Polymer Sci-Tech Co. Ltd,False,False,61,tech in green s r l
"Ningbo Jenius Polymer Sci-Tech Co.,Ltd",False,False,61,ningbo justice optical co ltd
"Ningbo Jianxiang Packaging Material Technology Co., Ltd",False,False,71,hagong ningbo medical technology co
"Ningbo KK-Bioscience Co., Ltd",True,True,100,ningbo kk bioscience co
"Ningbo Liwei Medical Technology Co., LTD",False,True,87,ningbo hanyue medical technology co
"Ningbo Luke Medical Devices Co., Ltd",False,True,89,ningbo kangze medical device co
"Ningbo MFLab Medical Instruments Co., Ltd.",False,True,85,ningbo medsonz medical instrument co
"Ningbo Mingtai Medical Instrument Co., ltd",False,True,86,ningbo medsonz medical instrument co
"Ningbo My-BioMed Biotechnology Co.,Ltd.",False,False,81,ningbo aucheer biotechnology co ltd
"NINGBO QUALITY IMP &EXP CO., LTD",False,False,78,ningbo winpex imp exp co
"Ningbo Ranor Medical Science & Technology Co., Ltd",False,False,79,shende ningbo medical device technology co
"Ningbo Runyes Medical Instrument Co., Ltd.",True,True,100,ningbo runyes medical instrument co
Ningbo Sezen Technology Co. Ltd.,False,False,77,shenzhen horb technology
"Ningbo Shenyu Medical Equipment Co., Ltd.",True,True,100,ningbo shenyu medical equipment co
Ningbo Tian Yi Gong Mao You Xian Gong Si,False,False,57,wen zhou shi zhong xin yan jing you xian gong si
"Ningbo Tianbo First Aid Product Co., Ltd.",False,False,69,ningbo lefine shaving products co
Ningbo Troika Medical Products Company Limited,False,False,81,tokai medical products
"Ningbo Verykind Medical Device Co., Ltd.",False,False,79,ningbo ziyuan medical device co ltd
Ningbo Wise OptoMech Technology Corporation,False,False,73,guangdong optomedic technologies
"Ningbo Xinwell Medical Technology Co., Ltd.",False,False,80,surgery medical technology xing ning co
"Ningbo Youhuan Automation Technology Co., Ltd.",False,False,69,nanjing youchi technology co
Nipro Corporation,True,True,100,nipro
Nipro India Corporation PVT. LTD.,True,True,100,nipro india corporation pvt
Nipro Pure Water GmbH,True,True,100,nipro pure water
"Nipro Renal Solutions Spain, S.L.U.",True,True,100,nipro renal solutions spain s l u
Niramai Health Analytix Private Limited,False,False,68,avi healthcare private
Nissha Medical Technologies Ltd,True,True,100,nissha medical technologies
Nissha Medical Technologies SAS,True,True,100,nissha medical technologies sas
NitNOT Limited,True,True,100,nitnot
NİTROCARE MEDİKAL MOBİLYA SANAYİ VE TİCARET ANONİM ŞİRKETİ,False,True,85,mone medi̇kal ti̇caret ve sanayi̇ anoni̇m şi̇rketi̇
NJ Ceramics,False,False,71,fine art ceramics
Njord International AB,True,True,100,njord international ab
Njord Medtech Ltd,False,False,74,medutech s r o
No7 Contact Lens Laboratory Ltd,True,True,100,no7 contact lens laboratory
Noakes Habermehl & Kerr,False,False,56,ermes s r l
Nobel Biocare AB,False,False,74,b w biocare
Nobel Biocare UK Ltd.,False,False,65,biocare medical
Nobil Metal SpA,False,False,71,metaltronica spa
Noble Eye Centre Ltd,False,False,61,contrel europe nv
"Nobles Medical Technologies II, Inc.",True,True,100,nobles medical technologies ii
NOEL PACH DENTAL LABORATORY.,False,False,63,instrumentation laboratory spa
Noetic Dentistry limited,False,False,65,c c dentistry office srl
NOMICS SA,False,False,80,nomics
Nonin Medical Inc.,True,True,100,nonin medical
nopa instruments Medizintechnik GmbH,False,False,79,bühler instrumente medizintechnik
NORAKER SAS,False,False,78,noraker
NORAS MRI Products GmbH,True,True,100,noras mri products
Norav Medical GmbH,True,True,100,norav medical
"Noraxon USA, Inc.",True,True,100,noraxon usa
Nord Ability AB,True,True,100,nord ability ab
Nordberg Medical AB,False,False,82,observe medical nordic ab
NordicNeuroLab AS,True,True,100,nordicneurolab as
Nordset Produktions GmbH & Co. KG,False,False,75,nordset gmbh co kg
Norfolk & Norwich University Hospital NHS Trust,False,False,46,universal biosensors
NORFOLK INTERNATIONAL,True,True,100,norfolk international
Norgesplaster AS,True,True,100,norgesplaster as
Noris Medical Ltd,True,True,100,noris medical
Norlase ApS,True,True,100,norlase aps
Norman Health Products and Services BV,False,False,69,dd product and services
Normanby Laboratory Services Ltd,False,False,67,reference laboratory
Normand - Info SASU,False,True,86,normand info s a s u
"NormaTec Industries, LP",False,False,75,makrite industries
Normmed Medikal Sanayi ve Ticaret A.S.,False,True,85,set medikal sanayi ve ticaret a s mf
NORSE RESCUE®,False,False,67,pensi rescue oy
North American Rescue LLC,True,True,100,north american rescue
NORTH ANTRIM DENTAL LABORATORY,False,False,67,instrumentation laboratory spa
"North Bristol NHS Trust, Decontamination Facilities",False,False,57,true north international
"North Bristol NHS Trust, Reconstructive Prosthetics",False,False,54,boston orthotics prosthetics
"North Coast Medical, Inc.",True,True,100,north coast medical
"NORTH EOS INDUSTRIES, INC.",False,True,91,north eos industries inc
North Manchester General Hospital - Maxillofacial Laboratory,False,False,51,md e maxillofacial dental and esthetics lda
North Parade Prosthetics Ltd,False,False,73,naked prosthetics
Northampton General Hospital NHS Trust,False,False,53,ihcare innovation hospital care sa
Northern Care Alliance NHS Foundation Trust,False,False,60,true north international
Northern Digital Inc.,False,False,75,northern meditec
Northern Lenses,False,False,71,northern meditec
Northern Lights Dental Laboratory,False,False,67,no7 contact lens laboratory
Northern Meditec Limited,True,True,100,northern meditec
Northern Teeth Dental Laboratory,False,False,62,reference laboratory
"Northgate Technologies, Inc.",True,True,100,northgate technologies
Northh Medical GmbH,True,True,100,northh medical
NorthStar Scientific Ltd,False,False,79,oncosia scientific
Northumbria Dental Care Limited,False,False,65,mcd medical care dental
Northwich VE Ltd,False,False,62,north vision tech
Northwick Manor Dental Practice,False,False,60,prime dental manufacturing
Norton Dental practicP,False,False,64,precision dental products
Noru Pharma PVT Ltd,False,False,71,brassica pharma pvt
Norville (20/20) Ltd,True,True,100,norville 20 20
Norville Keynsham Limited,False,False,58,norville 20 20
Noscendo GmbH,True,True,100,noscendo
NoseOption AB,True,True,100,noseoption ab
NOSUFFERING LIMITED,False,False,67,ferring
Nottingham Rehab Limited,False,False,58,nordic rehab ab
Nottingham University Hospitals NHS Trust,False,False,48,h s hospital service s p a
"Noul Co., Ltd.",True,True,100,noul co
Nouvag AG,False,False,77,nouveal
Nouveau Ceramics Dental Laboratory,False,False,62,j b implant and dental ceramics
Nouveau Healthcare Limited,False,False,83,noventi healthcare
Perivision SA,False,False,79,metrovision sas
Nova Biomedical Corporation,True,True,100,nova biomedical
NOVA Dental Laboratory,False,False,73,laboratoria bota nv
Nova Eye. Inc,True,True,100,nova eye
Nova Medical Inc,False,True,89,nova biomedical
"NovaBone Products, LLC",False,False,75,action products
Novacare GmbH,True,True,100,novacare
Novacor,True,True,100,novacor
Novadaq Technologies,False,True,91,novadaq technologies ulc
Perma Pure LLC,True,True,100,perma pure
Permedica S.P.A,True,True,100,permedica s p a
Permobil AB,True,True,100,permobil ab
Pero-System GmbH,False,False,82,ebr systems
Perouse Medical,True,True,100,perouse medical
Persei Vivarium S.R.L,False,False,61,vitali s r l
Persident Ltd,False,False,75,spident
"Personal Genome Diagnostics, Inc.",True,True,100,personal genome diagnostics
Personal MedSystems GmbH,False,False,74,mercator medsystems
Perspectum Ltd,True,True,100,perspectum
Persyst Development Corporation,True,True,100,persyst development
Perth VE Ltd,False,False,60,vive medtech
Pery Laerd Ltd,False,False,60,cerdak pty
Peter Brehm GmbH,True,True,100,peter brehm
Peter Coggin Ltd,False,False,62,sciencetera co
Peter J. Kitteringham,False,False,58,peter brehm
Peter Lazic GmbH Microsurgical Instruments,False,False,69,laschal surgical instruments
PETER PFLUGBEIL GmbH,False,False,56,perma pure
"Peterborough City Hospital, North West Anglia Foundation Trust",False,False,50,bedford hospital bedfordshire hospitals nhs foundation trust
PETERS SURGICAL,True,True,100,peters surgical
pfm medical titanium gmbh,False,False,73,minta medical
pfm medical UK Limited,False,True,88,pfm medical
PG dental lab,False,False,74,dental p s r l
PH Clinical Dental Technician Services,False,False,66,technical service consultants
Phadia AB,True,True,100,phadia ab
Phagenesis Ltd,True,True,100,phagenesis
Phakos,False,False,73,hakoh
Phakos,False,False,73,hakoh
Phantom Laboratory,True,True,100,phantom laboratory
Phargentis SA,True,True,100,phargentis sa
Pharma - Sept Medical Products Ltd.,False,False,78,primed medical products
Pharma Source B.V.,True,True,100,pharma source
Pharma Systems PS AB,True,True,100,pharma systems ps ab
Pharmacell Medication Systems Ltd,True,True,100,pharmacell medication systems
Pharmaplast SAE,False,False,72,pharmaster +
Pharmazeutische Fabrik Montavit Gesellschaft m.b.H.,False,True,90,pharmazeutische fabrik montavit ges m b h
Pharmia Oy,False,False,82,pharmia
Pharmpur GmbH,True,True,100,pharmpur
PHC Corporation,True,True,100,phc
PHC Corporation,True,True,100,phc
PHEASANT SURGICAL CORPORATION,True,True,100,pheasant surgical
phenox GmbH,True,True,100,phenox
Phenox Ltd.,True,True,100,phenox
"Philip Dobinson Artisan Smiles cosmetic, restorative and dental implant services.",False,False,48,aiesi hospital service s a s di piantadosi valerio e c
Philip Jones Opticians Ltd,False,False,67,vision one optics
Philips Consumer Lifestyle B.V.,True,True,100,philips consumer lifestyle
Philips DS North America LLC,False,True,93,philips north america
Philips France Commercial,False,False,71,philips belgium commercial
Philips Goldway Shenzhen Industrial Inc.,True,True,100,philips goldway shenzhen industrial
"Philips Healthcare (Suzhou) Co., Ltd.",True,True,100,philips healthcare suzhou co
Philips Image Guided Therapy Corporation,True,True,100,philips image guided therapy
Philips India Limited,True,True,100,philips india
Philips Medical System Nederland B.V.,False,True,98,philips medical systems nederland
Philips Medical Systems,True,True,100,philips medical systems
Philips Medical Systems (Andover),False,True,86,philips medical systems dmc
"Philips Medical Systems (Cleveland), Inc.",True,True,100,philips medical systems cleveland
Philips Medical Systems DMC GmbH,True,True,100,philips medical systems dmc
Philips Medical Systems Nederland B.V.,True,True,100,philips medical systems nederland
Philips Medical Systems Nederland B.V.,True,True,100,philips medical systems nederland
Philips Medical Systems Nederland B.V.,True,True,100,philips medical systems nederland
Philips Medical Systems Nederland B.V.,True,True,100,philips medical systems nederland
Philips Medical Systems Nederland B.V.,True,True,100,philips medical systems nederland
Philips Medizin Systeme Böblingen GmbH,True,True,100,philips medizin systeme böblingen
Philips Ultrasound LLC,True,True,100,philips ultrasound
Philipson Dental Laboratory,False,False,67,no7 contact lens laboratory
Phillips Medisize A/S,False,False,71,philips s p a
PHITOGEN HOLDING S.P.A.,False,False,67,tiptoe holding
PHOENIX DENTAL INSTRUMENTS LIMITED,False,False,82,lead dental instruments
PHOENIX HEALTHCARE PRODUCTS LTD,False,False,81,leboo healthcare products
Phoenix Innovative Healthcare Manufacturers Pvt Ltd.,False,False,59,creative innovative management srl
PHOENIX ORTHODONTIC PRACTICE,False,False,69,pwg orthodontic specialties
"Phoenix Technology Group, LLC",False,False,71,hetaida technology co
Phonak AG,False,False,67,phonanium
Photon Therapy Systems (Pty) Ltd,True,True,100,photon therapy systems pty
Physidia SAS,False,False,73,epsidy sas
Physio Assist SAS,False,True,89,physio assist s a s
"Physio-Control, Inc.",True,True,100,physio control
PhysIOL s.a.,True,True,100,physiol
Physiolab Technologies Ltd,True,True,100,physiolab technologies
PHYSIOMED ELEKTROMEDIZIN AG,True,True,100,physiomed elektromedizin
Physion s.r.l,True,True,100,physion s r l
PhysioNova GmbH,True,True,100,physionova
Physique Management Company Limited,True,True,100,physique management
Physitrack plc,False,False,57,physiol
Phyto Performance Italia Srl,False,False,68,maco italia srls
"PICIS Clinical Solutions, INC",True,True,100,picis clinical solutions
Picterus AS,True,True,100,picterus as
Pie Medical Imaging B.V.,True,True,100,pie medical imaging
Piedro BV,False,False,67,peereboom bv
Piedro Ltd,False,False,67,medpro
Pierenkemper GmbH,True,True,100,pierenkemper
Pierre Fabre Medicament,True,True,100,pierre fabre medicament
Pierre Mathiot,False,False,60,mathys orthopädie
PIETRASANTA PHARMA S.p.A.,True,True,100,pietrasanta pharma s p a
Pikdare S.p.A.,True,True,100,pikdare s p a
Pinder and Moore Ltd,False,False,64,ad corner
Pinewood Dental Laboratory,False,False,67,helena laboratories
Pinnacle Dental Laboratory,False,False,67,helena laboratories
PinPoint Data Science Ltd,False,False,67,alba bioscience
Pinpoint Travel Health Limited,False,False,67,vitae health innovation
"PIOLAX MEDICAL DEVICES, INC.",True,True,100,piolax medical devices
Pioneer Denture Clinic,False,False,68,pentron clinical
Pioneer Research Chemicals Ltd,False,False,68,chemist's research s r l
Pioneer Surgical Technologies Inc.,False,True,93,pioneer surgical technology
Pirrone S.r.l.,False,False,81,phronema s r l
Piston Ltd,False,False,67,viseon
Pitsea Dental Laboratory Ltd,False,False,70,helena laboratories
"Pivotal Health Solutions, Inc.",True,True,100,pivotal health solutions
PixCell Medical Technologies Ltd,False,True,85,new medical technologies
Pixee Medical,False,True,88,vpix medical
Pixformance Sports GmbH,False,False,63,ostéo france ortho
Pixmeo SARL,True,True,100,pixmeo sarl
PJ Hubbard Ltd,False,False,56,c r bard
Pjama AB,False,False,74,pharmiva ab
PJH Ceramics Ltd,False,False,67,ceramisys
pjur group Luxembourg S.A.,True,True,100,pjur group luxembourg
PK Benelux BV,True,True,100,pk benelux bv
PKM TECHNOLOGIES LIMITED,False,True,88,lkc technologies
Plan 1 Health S.r.l.,True,True,100,plan 1 health s r l
Planer Limited,True,True,100,planer
"Planet (Anhui) Medical Products Co., Ltd.",True,True,100,planet anhui medical products co
Planit Opticians,False,False,65,optima sanità s r l
Planmeca Oy,True,True,100,planmeca oy
Planmed Oy,True,True,100,planmed oy
PlantTec Medical GmbH,False,False,83,natec medical
Plasma Surgical Inc.,False,False,83,samay surgical
PLASMABIOTICS,False,False,73,plasticsa
Plasti-med Plastik Medikal Urunler San.ve Tic. Ltd.Sti.,False,False,79,plasti med plastik medikal ürünler san ve tic ltd şti
Plastic Sterilizing Tray Corporation,False,False,64,shijiazhuang wally plastic co
Plastiflex Group NV,True,True,100,plastiflex group nv
Plastod S.p.A,True,True,100,plastod s p a
Platigo Solutions Pty Limited,True,True,100,platigo solutions pty
Platigo Solutions Pty Ltd,True,True,100,platigo solutions pty
Platts & Nisbett,True,True,100,platts nisbett
Pleasure Latex Products Sdn. Bhd.,True,True,100,pleasure latex products sdn bhd
"PlenOptika Europe, S.L.U.",True,True,100,plenoptika europe s l u
PLIMVIEW LIMITED,False,False,67,gi view
Plinth Medical Ltd,False,False,81,minta medical
Plum Safety ApS,True,True,100,plum safety aps
Plus EV holdings,False,False,70,polyganics holding bv
PMD Device Solutions Ltd  t/a PMD Solutions,False,False,63,medsolutions soluciones médicas s l
PMS International Group PLC,False,False,79,zarys international group s r l
PMT Corporation|Permark,False,False,69,herb pharma corporation s r o
PMT präzision.medizin.technik. GmbH,False,False,69,mtm medizin technik mauk
"Pneumeric, Inc.",False,False,71,neomedic
PneumoWave Ltd,False,False,63,spinesave
PNN Medical A/S,True,True,100,pnn medical a s
Pockit diagnostics Ltd,True,True,100,pockit diagnostics
POD Active Pty Ltd,True,True,100,pod active pty
Podartis srl,False,False,78,adaltis srl
Podonics Ltd,False,False,67,hemosonics
PODOPRO UK LTD,False,False,60,promove uk
"Point Designs, LLC",True,True,100,point designs
POLALIGN Sp. z o.o,False,False,79,polimed sp z o o
Polarcool  AB,True,True,100,polarcool ab
Polichem S.A.,False,False,71,clinichem
Polident D.O.O.,True,True,100,polident d o o
Poll Medical,True,True,100,poll medical
Pollard Optics Ltd,False,False,69,tupel optics
Pollogen Ltd.,True,True,100,pollogen
Poly Medicure Limited,True,True,100,poly medicure
POLYBOND INDIA PVT. LTD.,True,True,100,polybond india pvt
Polyco Healthline Ltd,False,True,85,polyco healthline group
POLYDENTIA SA,True,True,100,polydentia sa
Polyganics Innovations BV,False,False,81,polymedics innovations
Polyganics Neurosurgery B.V.,False,False,63,neurotronics
PolyGel LLC,True,True,100,polygel
"Polymer Technology Systems, Inc.",False,False,71,technology s r l
Polymorit Ltd,False,False,59,promovet
PolyNovo Biomaterials Pty Ltd,True,True,100,polynovo biomaterials pty
Polyphotonix Medical Ltd.,True,True,100,polyphotonix medical
PolyTech Health & Aesthetics GmbH,True,True,100,polytech health aesthetics
Pomfret & Farrell Dental,False,False,64,promedica dental material
Pontypridd Dental Laboratory Ltd,False,False,62,tin lok dongguan dental laboratory co
Pople & Broad Opticians,False,False,60,opticas de ceuta sl
Poppy Fields Denture Clinic,False,False,56,pentron clinical
Portable Therapeutix LLC,True,True,100,portable therapeutix
Portanier Laboratory,False,False,77,laboratory thoscane
Portman Healthcare Ltd,False,False,81,orbisana healthcare
Portsmouth Aviation,True,True,100,portsmouth aviation
Pos-T-Vac LLC,False,False,67,teesuvac aps
Positive Rewards Ltd,False,False,58,profitime s r o
POSOS,True,True,100,posos
Possum Limited,False,False,73,posos
Post House Dental Limited,False,False,71,hofmeester dental
Post Op,False,False,67,popit oy
"Potent Medical Equipment JS. CO., LTD",False,False,79,jiangsu yongxin medical equipment co
Poth Hille & Co Ltd,False,False,70,hilmed pvt
"Potrero Medical, Inc. dba Accuryn Medical",False,False,64,obp medical corporation dba obp medical
PottyMD LLC.,False,False,67,protomed
Poundland,False,False,63,resoundant
Poundstretcher Ltd,False,False,62,puretech srl
Powell Plastic & Metal (Shenzhen) Co,False,False,63,shenzhen relicare medical co
Power Soccer Shop NEMI,False,False,57,med power invest srl
POWERbreathe International Limited,True,True,100,powerbreathe international
POWERFUL MEDICAL s.r.o.,True,True,100,powerful medical s r o
Powersport Engineering CIC,False,False,67,alps czech engineering s r o
Pplus Skin Care Limited,True,True,100,pplus skin care
Practice Plus Group Hospitals,False,False,62,h s hospital service s p a
Pragma Dental Laboratory,False,False,70,laboratoire hra pharma
Pragmatic Innovation Inc,True,True,100,pragmatic innovation
Praise Surgical,True,True,100,praise surgical
PreAnalytiX GmbH,True,True,100,preanalytix
Prece Dental Ltd,False,False,78,dental emco
Precedent (Wirral) Ltd,False,False,62,dentek oral care
Precious Mountain Enterprise Corporation,False,True,86,precious mountain ent
Precipio Inc,False,False,67,prexion
Precipio Inc,False,False,67,prexion
Precise Dental Laboratory,False,False,68,helena laboratories
Precise Dental Studio Ltd,False,False,76,mayclin dental studio
Precision AI Pty Ltd,False,False,71,cardioprecision
Precision BioLogic Inc.,False,False,79,precision biometrics
Precision Dentacare Ltd,False,False,72,precision medical
precision dental aesthetics,False,False,71,catheter precision
Precision Dental Ceramics,False,False,76,kyocera fineceramics precision
Precision Dental Design,False,False,70,dsi dental solutions
Precision Full Service Dental Laboratories (@pfsdental),False,False,56,raysearch laboratories ab publ
"Precision Medical Devices, LLC",True,True,100,precision medical devices
Precision Medical Specialities,False,False,72,precision medical
Precision Medical Ventures Inc. dba RevealDx,False,False,62,precision medical devices
Precision Optics LTD,False,False,83,precision biometrics
Precision Parts UK Ltd,True,True,100,precision parts uk
Precision Plus China Ltd.,False,False,70,precision medical
Precision Prosthetics,False,False,77,amparo prosthetics
Precision Prosthetics & Implant Centre,False,False,63,amparo prosthetics
Precision Surgical Ltd,False,False,82,drescon surgical
"Precision System Science Co., Ltd.",True,True,100,precision system science co
"Precision Vision, Inc.",True,True,100,precision vision
Precisis GmbH,False,False,67,precisiontex s l
Precispharma Containers Private Limited,True,True,100,precispharma containers private
Precordior Limited,False,True,87,precordior oy
"Predicine, Inc.",False,False,82,predictimmune
Predict4Health,True,True,100,predict4health
Predictive Health Intelligence,True,True,100,predictive health intelligence
PREDISURGE SAS,False,False,83,predisurge
PREDO SAGLIK URUNLERI SAN. VE TIC A.S.,False,False,83,karmed saglik urunleri̇ san ve tic ltd sti
Predo Saglik Urunleri San. ve. Tic. A.S,False,False,83,karmed saglik urunleri̇ san ve tic ltd sti
PREGNA INTERNATIONAL LTD,True,True,100,pregna international
Pregnolia AG,False,False,71,renol
Premia Spine Israel,False,False,77,premia spine
"Premier Biotech, Inc.",False,False,79,regen biotech
Premier Dental Ceramics,False,False,68,ceramtec dentalvertriebs
Premier Dental Products Company,False,False,83,precision dental products
Premier Dentures Ltd,False,False,64,remel europe
Premier Guard Zhongshan Limited,True,True,100,premier guard zhongshan
Premier Guard Zhongshan Limited,True,True,100,premier guard zhongshan
Premier Prosthetics Ltd,False,False,76,amparo prosthetics
Premium Plus International Limited,True,True,100,premium plus international
Prenetics Ltd,False,False,73,spectranetics
Prentke Romich Company,True,True,100,prentke romich
Pressalit A/S,False,False,72,presscise ab
Pressure Products Medical Device Manufacturing LLC,True,True,100,pressure products medical device manufacturing
Prestige Brands (UK) Ltd,False,False,63,united sports brands
Prestige Dental Studio Ltd,False,False,70,hall dental studio
Prestige Diagnostics U.K. Ltd,False,False,73,quest diagnostics
Prestige Healthcare Ltd,False,True,86,prenger healthcare
Prestige Medical Limited,True,True,100,prestige medical
Preston Dental Laboratory,False,False,69,no7 contact lens laboratory
PreTect AS,False,False,71,faretec
Preventicus GmbH,False,False,70,credentis
Preventx Limited,False,False,71,prudentix
Prevest DenPro Limited,False,False,67,ergo prevent kft
PREVOR,False,False,73,pre r
Pride Dental Laboratory,False,False,71,helena laboratories
Pride Mobility Products Corporation,True,True,100,pride mobility products
Prident Dental Laboratory,False,False,68,helena laboratories
"PRIM, S.A.",True,True,100,prim
Prima Dental Ceramics,False,False,73,j b implant and dental ceramics
Prima Dental Manufacturing Ltd,True,True,100,prima dental manufacturing
PRIMA Lab SA,True,True,100,prima lab sa
Prima Medical Ltd,True,True,100,prima medical
Primadent Dental Laboratory,False,False,67,phantom laboratory
"Prime Dental Manufacturing, Inc.",True,True,100,prime dental manufacturing
PRIME DESIGN NW LTD,False,True,86,primer design
Prime Engineering,False,False,82,mbnet engineering
"Prime Life Fibers, Inc.",True,True,100,prime life fibers
Prime Medical LLC,True,True,100,prime medical
Primed Halberstadt Medizintechnik GmbH,True,True,100,primed halberstadt medizintechnik
PriMed Instruments Inc.,True,True,100,primed instruments
Primer Design Ltd,True,True,100,primer design
Primero Dental Ceramics,False,False,68,ceramtec dentalvertriebs
Primex ehf.,False,False,67,verimexx
"PRIMIS, The University of Nottingham",False,False,58,khalifa university enterprises
Primo Dental Laboratory Limited,False,False,68,laboratorios conda
Primo studio ltd,False,False,72,studio pontet
Primum Digital Limited,False,False,79,spirit digital
PRINCE  MEDICAL SAS,False,True,88,prince medical
Prince & Bates Opticians,False,False,62,weinert fiber optics
PRINCE MEDICAL SAS,False,True,88,prince medical
Princes Street Dental Practice,False,False,59,quest dental material
Princess Alexandra Hospital NHS Sterile Services Department,False,False,56,prohs equipamento hospitalar e serviços associados
"Princetion Medical Scientific Co., Ltd.",False,True,93,princeton medical scientific co ltd
Princeton BioMeditech Corporation,False,False,69,prince medical
Principle Healthcare International Ltd,False,False,82,marlen international healthcare bv
Priory Chromes and Prosthetic Studio,False,False,60,ames medical prosthetic solutions sau
Prism Medical UK,True,True,100,prism medical uk
PRISMAN GmbH,False,False,83,prism
Pristine dental laboratory,False,False,67,helena laboratories
PRITCHARD-COWBURN LIMITED,False,False,57,unitrend co
Pritchards Dental Practice Ltd t/a Morris Dental Care,False,False,53,shanghai fanta dental materials co ltd
pritidenta GmbH,False,False,73,prontodental
PrivaPath Diagnostics Ltd,False,False,79,inova diagnostics
Prive’ Goods LLC,False,False,70,good lite
Privelop-Spine AG,False,False,75,primespine
PRMEDICAL S.r.l.,False,True,86,medival s r l
pro med instruments GmbH,False,True,89,u med instruments
Pro Medicare SRL,False,False,82,pro medicare s r l
PRO-CERAM DENTAL LABORATORY,False,False,68,laboratorios cosmodent s l
Pro-Dex Inc.,True,True,100,pro dex
Pro-Lab Diagnostics,True,True,100,pro lab diagnostics
PRO-MED Instrumente GmbH,False,False,83,u med instruments
Pro3dure Medical GmbH,False,False,84,perouse medical
PROACT Medical Ltd,True,True,100,proact medical
ProActive Prosthetics Ltd,False,False,77,amparo prosthetics
PROART DENTAL SL,False,False,79,dental market srl
ProAxsis Ltd,False,False,75,praxis f
Probert & Williams Eye Care Cyf.,False,False,62,william cook europe aps
"PROCARE HEALTH IBERIA, SL",True,True,100,procare health iberia sl
Procast (Anglia) Ltd,False,False,65,angiplast private
PROCEPT BioRobotics Corporation,True,True,100,procept biorobotics
ProciseDx Inc.,False,False,71,prodimed
Procornea Nederland BV,False,True,93,procornea nederland
Procreative Diagnostics,False,False,80,roche diagnostics
Procter & Gamble Technical Centres Limited,True,True,100,procter gamble technical centres
PRODENT  DENTAL  STUDIO.,False,False,72,hall dental studio
prodent denture laboratory,False,False,67,laboratoire dumont et montet
prodent laboratories ltd,False,False,79,lorne laboratories
PRODOL MEDITEC LIMITED,True,True,100,prodol meditec
prodont Holliger,True,True,100,prodont holliger
Prodotto da Safety,False,False,61,plum safety aps
Produits Dentaires SA,True,True,100,produits dentaires sa
Professional Derma SA,False,False,72,professional latex sdn bhd
Professional Dietetics S.p.A,True,True,100,professional dietetics s p a
Professional Latex Sdn Bhd,True,True,100,professional latex sdn bhd
Professional Results Inc,False,False,61,professional latex sdn bhd
Profoot (UK) Ltd,False,False,70,promove uk
Proge farm S.r.l,False,False,80,proge farm srl
Progenie Molecular SLU,False,True,91,progenie molecular s l u
Progenika Biopharma S.A.,True,True,100,progenika biopharma
Progetti S.r.l,True,True,100,progetti s r l
"PROHS Equipamento Hospitalar e Servicos Associados, S.A",False,True,99,prohs equipamento hospitalar e serviços associados
Project Engineering S.r.l,False,True,88,project engineering srl
Prolira B.V.,False,False,82,prolira bv
Prollenium Medical Technologies Inc,True,True,100,prollenium medical technologies
Promecon GmbH,True,True,100,promecon
Promed Supply Co. Ltd.,False,False,81,caremed supply
Promedica Dental Material GmbH,True,True,100,promedica dental material
Promedics Orthopaedics Limited,True,True,100,promedics orthopaedics
Promega Corporation,True,True,100,promega
Promeia S.p.A.,False,True,86,permedica s p a
PROMEPLA S.A.M.,False,False,71,micromed s p a
Promethean Dental Laboratory,False,False,65,tin lok dongguan dental laboratory co
Prometheus Bio Inc,False,False,73,prometheus s r l
Prometheus Bio Inc,False,False,73,prometheus s r l
Qualisys AB,True,True,100,qualisys ab
"Promisemed Hangzhou Meditech Co., Ltd",True,True,100,promisemed hangzhou meditech co
PROMOITALIA GROUP S.p.A.,False,False,72,pharma group a s
PROMOTAL,False,False,75,promovet
ProMove Uk Ltd,True,True,100,promove uk
Pronova Laboratories BV,True,True,100,pronova laboratories bv
Prontomed GmbH,False,True,94,protomed
Prop Smile Trading  Ltd,False,False,68,sanrotex trading srl
Prosan International B.V.,True,True,100,prosan international
"Proscia, Inc.",False,False,77,protia
Prosidyan Inc.,True,True,100,prosidyan
ProSomnus Sleep Technologies,True,True,100,prosomnus sleep technologies
Prospect Diagnostics Ltd,False,False,84,psyros diagnostics
ProSpon spol. s.r.o.,False,False,73,prosum sk s r o
Prosport International Limited,False,True,86,prosys international
Prosthetics Department,False,False,75,amparo prosthetics
Prosum Medical Limited,True,True,100,prosum medical
Prosys International Ltd,True,True,100,prosys international
Protea Ceramics,False,False,67,ceram optec sia
Protec Baths Ltd,False,False,70,bio protech
PROTEC GmBH & CO. KG,True,True,100,protec gmbh co kg
Protech Dental Lab Ltd,False,False,79,aldeal lab tech
Protecs,False,False,75,protembis
Protect Gloves Company Limited,False,False,80,protect gloves co ltd
Proteome Ltd,True,True,100,proteome
Proteomedix AG,True,True,100,proteomedix
Proteomics International Pty Ltd,False,False,79,prosys international
Proteos Biotech S.L.,False,True,92,proteos biotech sl
Proton Health Ltd,False,False,79,prognoix health
Provepharm SAS,False,False,76,promopharma spa
Richard Want  laboratory Ltd,False,False,76,laboratoires m richard
"Providence Medical Technology, Inc.",False,False,79,sino medical sciences technology
PROVIDENTAL LABORATORIES LTD.,False,False,77,pronova laboratories bv
provita medical gmbh & co. Kg,True,True,100,provita medical gmbh co kg
ProWellness Health Solutions Oy,False,False,75,honeywell healthcare solutions
PRP PURE LTD,False,False,78,perma pure
"PRP Science Co., LTD.",True,True,100,prp science co
Pryor Products,False,True,89,your products
"Prytime Medical Devices, Inc.",True,True,100,prytime medical devices
"PSI/EYE-KO, Inc. dba Anodyne Surgical",False,False,58,inova surgical s r o
PSP Dental Co Ltd,False,False,82,px dental sa
PsycApps Limited,False,False,67,synappz
Psyomics Ltd,False,False,80,somnics
PT Medisafe Technologies,True,True,100,pt medisafe technologies
PT. Nipro Indonesia Jaya,False,False,65,pt oneject indonesia
PT. Oneject Indonesia,True,True,100,pt oneject indonesia
PTS Optical Ltd,False,False,82,ser optical
PTW-Freiburg Physikalisch-Technische Werkstätten Dr. Pychlau GmbH,True,True,100,ptw freiburg physikalisch technische werkstätten dr pychlau
"Pujiang Jianyu Sanitary Products Co., Ltd.",False,False,79,liling runleikang sanitary products co
Pulmodyne Inc,True,True,100,pulmodyne
"PulmOne Advanced Medical Devices, Ltd.",False,False,76,ace medical devices pvt
Pulmonx Corporation,True,True,100,pulmonx
Pulpdent Corporation,True,True,100,pulpdent
"Pulse Biosciences, Inc.",False,False,82,kuros biosciences
Pulse for Integrated Solutions GmbH,True,True,100,pulse for integrated solutions
PulseCath BV,False,True,86,pulsecath
PulseLavage AB,True,True,100,pulselavage ab
RAL Diagnostics,True,True,100,ral diagnostics
PulseNmore Ltd.,True,True,100,pulsenmore
PulseOn Oy,True,True,100,pulseon oy
PULSION Medical Systems SE,True,True,100,pulsion medical systems se
Puma srl,False,True,89,purama srl
Pure Dental Clinic,False,False,65,pentron clinical
Pure Dental Laboratory Ltd,False,False,68,helena laboratories
Pure Ortho LTD,False,False,84,orthopred
Pure Orthodontics,False,False,76,tangent orthodontics
Pure Prosthetics LTD,False,False,76,realistic prosthetics
PureAlign,False,False,80,relign
PURESSENTIEL UK Ltd,False,False,62,laboratoire puressentiel
Purgo Biologics Inc.,True,True,100,purgo biologics
Puritan Medical Products Company,True,True,100,puritan medical products
Purley Smiles Dental Laboratory,False,False,65,swiss lens laboratory hk
Purple Orchid Health limited,False,False,67,mobile health
Purple Surgical Holdings Limited,False,False,68,golden stapler surgical co
Purple Surgical International Limited,False,False,78,pregna international
PWG Orthodontic Specialties Ltd.,True,True,100,pwg orthodontic specialties
PXD Limited,False,False,60,xmed pr
Pyramid laboratory limited,False,False,78,phantom laboratory
Q LAB Ltd,False,False,67,p³lab
Q-DENT PROSTHETICS,False,False,76,ifit prosthetics
Q-Linea AB,False,False,70,lea reg ab
Q-Med AB,True,True,100,q med ab
Q-Orthodontics Ltd,False,False,83,db orthodontics
"Q'Apel Medical, Inc.",False,False,83,jael medical sl
QAELUM NV,False,False,63,qompium nv
Qbitus Products,False,False,76,quest products
Qbtech AB,False,False,80,qmt tech ab
QE Facilities,False,False,59,medfacilities betrieb
QIAGEN GmbH,True,True,100,qiagen
QIAGEN Sciences LLC,True,True,100,qiagen sciences
"Qidong Farjoy Medical Material Co., Ltd.",False,False,70,hubei qianjiang kingphar medical material co
Qidong Yongsheng Medical Products Factory,True,True,100,qidong yongsheng medical products factory
"Qingdao Bestex Rubber & Plastic Products Co.,Ltd.",False,False,71,xiantao xinhengrun plastic products co ltd
"Qingdao DMD Medical Technology Co., Ltd",False,True,94,qingdao dmd medical technology co ltd
Qingdao Haier Biomedical Co Ltd,False,True,87,qingdao haier biomedical co ltd
"QINGDAO HAINUO BIOLOGICAL ENGINEERING CO., LTD",True,True,100,qingdao hainuo biological engineering co
"Qingdao Kingon Medical Science and Technology Co., Ltd.",True,True,100,qingdao kingon medical science and technology co
"Qingdao Kingon Medical Science and Technology Co., Ltd.",True,True,100,qingdao kingon medical science and technology co
"Qingdao Single-Cell Biotech. Co., Ltd.",False,False,69,hunan celis biotech co
"Qingdao Yasee Medical Device Co., Ltd.",False,True,94,qingdao yasee medical device co ltd
"Qingzhou Yaowang Pharmaceutical Co., Ltd.",True,True,100,qingzhou yaowang pharmaceutical co
Qinhuangdao Kapunuomaite Medical Equipment S and T Co Ltd,False,False,67,qingdao hisense medical equipment co
"Qinhuangdao Taizhi Medical Technology Co., Ltd",False,False,81,nantong taiweishi medical technology co
Qisda Corporation,False,False,73,wisada
QLeap Business Solutions Limited,False,False,78,comjoo business solutions
Qlicksmart Pty Ltd,True,True,100,qlicksmart pty
Qnostics Ltd.,False,False,78,bionostics
QNQ Design and Development Pvt. Ltd.,False,False,62,developpement asie europe
Qompium nv,True,True,100,qompium nv
QT Medical Inc,True,True,100,qt medical
Quadralene Ltd,True,True,100,quadralene
QUAI Ltd,False,False,75,qair
Qualimed Innovative Medizinprodukte GmbH,True,True,100,qualimed innovative medizinprodukte
Qualiteam s.r.l,False,False,83,qualimed s r l
Quality Ceramics,False,False,77,quality electrodynamics
"Quality Electrodynamics, LLC",True,True,100,quality electrodynamics
Quality In Flow Ltd,False,False,59,flow medical
"Quality Life Technologies Co., Ltd.",False,False,77,neurobit technologies co
"Quality Life Technologies Co., Ltd.",False,False,77,neurobit technologies co
Quality Prosthetics,False,False,80,realistic prosthetics
Qualkem Limited,False,False,59,quadralene
Qualpro Diagnostics - A Division of Tulip Diagnostics (P) Ltd.,True,True,100,qualpro diagnostics a division of tulip diagnostics p
Quanta Dialysis Technologies Ltd,True,True,100,quanta dialysis technologies
Quanta System SpA,True,True,100,quanta system spa
Quantamatrix Inc.,True,True,100,quantamatrix
Quantel Medical Ltd,False,True,86,qapel medical
Quantib B.V.,False,False,82,quantib bv
Quantimetrix Corporation,True,True,100,quantimetrix
Quantium Medical S.L.U,False,False,71,quaser medical s r l
Quantum Dental Laboratory Ltd,False,False,70,phantom laboratory
Quantum OPS Inc.,False,False,77,quantumdx group
Quantum Surgical SAS,True,True,100,quantum surgical sas
QuantuMDx Group Ltd,True,True,100,quantumdx group
"Quanzhou Qianjing New Material Technology Co, Ltd",False,False,73,suzhou runfan medical technology co
Quartett  Immunodiagnostika GmbH / biocyc Biotechnologie GmbH & Co. KG,False,False,53,inmatec gasetechnologie gmbh co kg
Queen Elizabeth Hospital,False,False,61,hospital equipment mfg
Queen Elizabeth Hospital,False,False,61,hospital equipment mfg
Queensberry Dental Laboratory,False,False,64,no7 contact lens laboratory
Queensway Laboratory Ltd,False,False,70,reference laboratory
"Quest Medical, Inc.",True,True,100,quest medical
Quest Personal Care (Global) Ltd,False,False,61,mark'ennovy personalized care s l
Quest Products,True,True,100,quest products
QUESTALPHA GmbH & Co. KG,False,False,72,schroth gmbh co kg
Qufora A/S,True,True,100,qufora a s
Qufora Ltd,False,False,75,qufora a s
Quha oy,True,True,100,quha oy
"Quibim, S.L.",True,True,100,quibim s l
"QUICK WONDER GLASSES WENZHOU CO.,LTD.",True,True,100,quick wonder glasses wenzhou co ltd
Quicklase Limited,False,False,63,quicklypro
Quidel Cardiovascular Inc.,False,True,86,maquet cardiovascular
Quidel Corporation,True,True,100,quidel
Quidel Corporation,True,True,100,quidel
Quill International Chemicals Ltd,False,False,78,quick clean international
Quince Therapeutics S.p.A.,False,False,73,bioxa therapeutics s r o
Quipu S.R.L,True,True,100,quipu s r l
Quirem Medical B.V.,False,True,90,quirem medical bv
QUORIS3D Limited,False,False,57,quidel
Quotex Systems Limited,False,False,72,optosystems
Qure.ai Technologies Private Limited,True,True,100,qure ai technologies private
QX Ortho Lab Ltd,False,False,67,ortoma ab
R & G Products Ltd,False,False,80,your products
R A Medical Services Ltd,False,True,88,q care medical services
R Black  Opticians.,False,False,65,b2b optica s l
R C Pinder Ltd (Mansfield),False,False,59,p s mechanics co ltd
R C Pinder Ltd (Southwell),False,False,58,s c three pharm s r l
R DENTECH LTD T/A ROYAL DENTAL LAB,False,False,59,dentex dental industrial
R Link Ltd T/A R Healthcare,False,False,74,linde healthcare ab
R W Dental Studio,False,False,80,hall dental studio
R-Biopharm AG,True,True,100,r biopharm
R-dental Dentalmaterialien GmbH,True,True,100,r dental dentalmaterialien
R.A.W. Srl,True,True,100,r a w srl
RAYNER AND EVE LTD,False,False,62,veranex germany
Robins3D,False,False,59,protembis
R.T.D. Recherches Techniques Dentaires SAS (France),False,False,80,societe de recherches techniques dentaires
"R&D Systems, Inc.",False,True,86,3d systems
R&E Stricker Reha-Entwicklungen GmbH,True,True,100,r e stricker reha entwicklungen
R&J Moore 2000 Ltd,False,False,62,star 2000 d o o
r2 Diagnostics Inc,True,True,100,r2 diagnostics
R82 A/S,True,True,100,r82 a s
RAC Dental Laboratory,False,False,68,laboratorios cosmodent s l
Radford Heath Ltd,False,False,72,sword health
"Radformation, Inc.",True,True,100,radformation
Radiaction Ltd.,False,False,73,radformation
Radial Cradle Ltd,False,False,69,la centrale médicale
Radiant Dental Laboratory,False,False,68,laboratoria bota nv
Radiant Innovation Inc.,True,True,100,radiant innovation
Radiobotics ApS,True,True,100,radiobotics aps
"Radiological Imaging Technology, Inc.",False,False,77,beijing okvd biological technology
RadioMed Corporation,False,False,80,abiomed
Radiometer Medical ApS,False,False,73,radiometer iberica s l
Radko Dental Professional,False,False,68,precision dental products
Radley Scientific Ltd,True,True,100,radley scientific
"RadScan Medical Equipment, Inc.",False,False,84,murrays medical equipment
Rae and Rae Opticians,False,False,63,ørgreen optics a s
RAFFIN MEDICAL,True,True,100,raffin medical
Raguse Gesellschaft für medizinische Produkte mbH,True,True,100,raguse gesellschaft für medizinische produkte mbh
Rahnama Dental Laboratory LTD,False,False,65,phantom laboratory
Raiing Medical Company,True,True,100,raiing medical
rainbow orthotics,False,False,67,ortho tain
"Raise Medical Industries, Inc.",False,True,88,miracle medical industries
RAL Diagnostics,True,True,100,ral diagnostics
"Ralon Medical Equipment Co.,Ltd",False,False,84,royal fornia medical equipment co ltd
Ram Medicals Limited.,False,False,81,lime medicals srl
"Rampart IC, LLC",True,True,100,rampart ic
Ramsay Sterile Services East,False,False,70,farma services srl
Ramsay Sterile Services North West,False,False,59,air water safety service
Ramsbottom Dental Care,False,False,63,cardex dental
RAND S.P.A.,True,True,100,rand s p a
Randox Laboratories India Private Limited,False,False,74,himedia laboratories pvt
Randox Laboratories Limited,False,False,82,bio rad laboratories
Ranfac Corporation,True,True,100,ranfac
Ransome Optical Ltd.,False,False,76,transitions optical
RAPID Biomedical GmbH,False,True,90,rapid medical
Rapid Health Limited,False,False,82,kai health
Rapid Labs Ltd,True,True,100,rapid labs
Rapid Medical Ltd,True,True,100,rapid medical
RAUMEDIC AG,True,True,100,raumedic
RAUMEDIC AG,True,True,100,raumedic
raven dental lab ltd,False,False,71,tdv dental ltda
ravo Diagnostika GmbH,False,False,79,diagnostica stago
Rawling & Sons (Opticians) Ltd,False,False,62,retina optics srl
"Ray Co.,Ltd",False,False,83,nanoray co ltd
Ray Vision International Corporation,False,True,90,ultravision international
Raye's Inc. D/B/A Sizewise Manufacturing,False,False,65,trade art manufacturing s r l
RAYENCE,False,False,82,rayence co
RAYENCE,False,False,82,rayence co
RAYENCE,False,False,82,rayence co
Rayleigh Dental Laboratory,False,False,67,laboratorio reig jofre
Rayleigh VE Limited,False,False,56,pregive
RAYS S.p.A.,True,True,100,rays s p a
RaySearch Laboratories AB (publ),True,True,100,raysearch laboratories ab publ
Raz Design Inc.,False,False,76,jake design
RAZORMED INC.,True,True,100,razormed
RB Medical Engineering Ltd,True,True,100,rb medical engineering
RBR active Limited,False,False,74,cs active
RC Pinder Ltd,False,False,67,n finders
RC Pinder Ltd,False,False,67,n finders
"RCL Ceramics Ltd, Dental Suite One",False,False,62,cm dental s r l
RCR Medical,False,True,91,src medical
RCube Health Ltd,False,False,78,qore health
RD Biomed Limited,True,True,100,rd biomed
RD White Opticians Ltd,False,False,62,wink optics
"RDA SPOT, UAB.",True,True,100,rda spot uab
rds denture laboratory,False,False,70,genes laboratories
RDT Prosthetics Limited,False,False,81,taska prosthetics
RDT Technology Ltd,False,True,87,ortho technology
"Reach Surgical, Inc.",False,True,88,reach surgical inc
Reactive Robotics GmbH,True,True,100,reactive robotics
read on GmbH,True,True,100,read on
Reah Denture Clinic,False,False,65,the dry eye clinic
REAL Digital International Limited,True,True,100,real digital international
REAL STAR SURGICAL,False,False,81,staar surgical
RealCloud Imaging Inc.,True,True,100,realcloud imaging
Realeyes Finchley LTD,False,False,56,fischer medical
Realeyes Ltd,False,False,75,preceyes
realeyes oxford ltd ta Conways of Oxford,False,False,49,for health consulting
realeyes sutton ltd,False,False,59,oceaneyes oy
Realistic Prosthetics Ltd,True,True,100,realistic prosthetics
Rebel Bionics Limited,False,False,77,delin bionics
Reboocon Bionics B.V.,True,True,100,reboocon bionics
Rebotec Rehabilitationsmittel GmbH,True,True,100,rebotec rehabilitationsmittel
Rebstock Instruments GmbH,True,True,100,rebstock instruments
RecensMedical Inc.,False,False,80,medical bees
RECIPE Chemicals + Instruments GmbH,False,False,74,helica instruments
RECK-Technik GmbH & Co. KG,False,False,80,dürr technik gmbh co kg
Reckitt Benckiser Healthcare (UK) Ltd,True,True,100,reckitt benckiser healthcare uk
Reco Heart Ltd,False,False,74,heartware
Reconstructive Prosthetics Lab.(Mr.M.James),False,False,56,ames medical prosthetic solutions sau
Reconstructive Science Laboratory - GHNHSFT,False,False,59,reference laboratory
ReCor Medical Inc,False,True,86,resorba medical
Recordati Netherlands B.V.,False,False,77,qardio netherlands
Red and Blue Optics LTD,False,False,62,sc edy optic ltt srl
Red e Med Limited,False,False,75,rev med
RED EYEWEAR LTD,True,True,100,red eyewear
REDA Instrumente GmbH,False,True,97,redam instrumente
Redax S.p.A,True,True,100,redax s p a
RedDress Ltd,False,False,63,res rei srl
Redsense Medical AB,True,True,100,redsense medical ab
Redwood TTM Ltd,False,False,56,goodwood medical care
Reed Medical Ltd,False,False,83,uebe medical
"Reflow Medical, Inc.",True,True,100,reflow medical
Reg Hammond Prosthetics & Orthodontics (Kent),False,False,70,boston orthotics prosthetics
Rega Mobility Ltd,False,False,83,rd mobility
Regal Polythene Ltd,False,False,71,regal prosthesis
Regal Prosthesis Ltd.,True,True,100,regal prosthesis
REGEN Biotech Inc,True,True,100,regen biotech
Regen Lab SA,False,False,73,aireen a s
REGENGLOBALUK LIMITED,False,False,59,global carehab
Regent Dental Laboratory LTD,False,False,68,reference laboratory
REGER Medizintechnik GmbH,True,True,100,reger medizintechnik
Regina Industries Ltd,False,True,85,ziana industries
REH4MAT,False,False,71,rehatec
REHA-BED SP. Z O.O.,False,False,72,elanda pharma sp z o o
Rehabilitation Engineering Service,False,False,66,meta bioengineering and r d services
Rehabilitation Manufacturing Services Ltd,False,False,68,yantai kangli rehabilitation manufacture co
Rehabtronics Inc,False,False,77,rehab robotics
Rehadapt GmbH,False,False,67,prehapp
Rehan Enterprises Ltd,False,False,83,floreat enterprises
Rehasense Sp zo.o.,False,False,65,rücken sp z o o
Rehateam S.R.L.,True,True,100,rehateam s r l
"Reichert, Inc.",True,True,100,reichert
Rein Medical GmbH,False,True,92,reskin medical
Reina Imaging,True,True,100,reina imaging
"ReIngenuity, Inc",False,False,74,gentuity
Reintraocular Inc,False,False,70,revitacare
Reinvent Dental Products LLC,True,True,100,reinvent dental products
REISON MEDICAL AB,True,True,100,reison medical ab
"ReLIA Biotechnologies (Jiangsu), Inc.",False,False,75,ustar biotechnologies hangzhou
Reliance Medical (Shanghai) Ltd,True,True,100,reliance medical shanghai
Reliance Medical Ltd,True,True,100,reliance medical
"Reliance Orthodontic Products, Inc.",True,True,100,reliance orthodontic products
RELIEF ORTHOTICS LTD,False,False,67,seaspine orthopedics
"ReliefBand Technologies, LLC",False,False,81,median technologies
Relign Corporation,True,True,100,relign
"REMED Co., Ltd.",False,False,80,loremed
Remeda AB,True,True,100,remeda ab
Remel Europe Ltd. part of Thermo FIsher Scientific,False,False,68,thermo fisher scientific bremen
Remel Inc,False,False,80,temel
Remidio Innovative Solutions Private Limited,False,True,91,remidio innovative solutions private limted
REMINGTON MEDICAL INC,False,False,81,renight medical
Remo Dental Laboratory Ltd,False,False,69,no7 contact lens laboratory
Remote Diagnostic Technologies Ltd.,True,True,100,remote diagnostic technologies
Remy & Geiser GmbH,False,False,72,geiger germany
Renace Limited,False,False,73,grena
Renaissance Dental Design Ltd,False,False,65,sirona dental systems
Renalsense LTD,True,True,100,renalsense
RENDLESHAM DENTAL PRACTICE AND IMPLANT CENTRE LTD,False,False,61,j b implant and dental ceramics
Renfert GmbH,False,False,73,reer
Renishaw Mayfield SARL,True,True,100,renishaw mayfield sarl
Renishaw Neuro Solutions Limited,False,False,72,ep solutions sa
Rennich Industries Ltd.,True,True,100,rennich industries
Renray Healthcare Ltd,False,True,86,prenger healthcare
Repolar Pharmaceuticals OY,True,True,100,repolar pharmaceuticals oy
Repose Furniture Ltd,False,False,59,medi future
Reprocessing Unit,False,False,65,united care products
REPROLIFE Inc.,True,True,100,reprolife
Reproline medical GmbH,True,True,100,reproline medical
Rescape Innovation,False,False,79,surgease innovations
Rescue and Medical Limited,False,False,76,reliance medical ireland
RESDEVMED LDA,False,False,74,resdevmed lda boneeasy
Research Instruments Limited,True,True,100,research instruments
ReShape Lifesciences,True,True,100,reshape lifesciences
Resilience MD,False,False,69,reliance medical
Reskin Medical NV,True,True,100,reskin medical nv
ResMed CORP.,True,True,100,resmed
ResMed PTY Ltd,False,False,75,resmed
ResMed SAS,False,False,78,cree sas
ResolutionMD Inc.,False,False,73,medtex medsolution
RESONANCE HEALTH ANALYSIS SERVICES PTY LTD,False,False,58,hill rom services pte
Resono Ophthalmic SRL,False,True,89,resono ophthalmic
RESORBA Medical GmbH,True,True,100,resorba medical
"Resoundant, Inc.",True,True,100,resoundant
Respiratory Technology Corporation,False,False,81,iray technology
Respiri Ltd.,False,False,74,respirfix sl
Respironics Inc,False,True,88,respironics inc
Respironics Novametrix LLC,True,True,100,respironics novametrix
Response Bio Corp.,False,False,73,curesponse
Response Ortho Teknolojik Uretim AS,False,False,80,response ortho teknolojik üretim a ş
Restech S.R.L.,False,False,76,rebustelli s r l
"Restorative Care of America, Inc.",False,False,64,pentax of america
"Restorative Therapies, Inc.",True,True,100,restorative therapies
Restore Dental Studio Ltd,False,False,72,hall dental studio
RETAINER FRESH,False,False,67,freeair
RETINALYZE UK LTD,False,False,65,retinalyze system a s
RetInSight GmbH,True,True,100,retinsight
"Retractable Technologies, Inc.",False,False,78,blue belt technologies
Reuse Eyewear,False,False,83,red eyewear
Revitacare,True,True,100,revitacare
REVIVED MEDICAL UK LTD,False,False,76,prism medical uk
Revolution Health Products Ltd,False,False,79,spring health products
Revolution-ZERO Group Ltd,False,False,68,solution group s r l
Revvity chemagen Technologie GmbH,True,True,100,revvity chemagen technologie
"Revvity Health Sciences, Inc",False,True,87,revvity health sciences inc sc
"Revvity Health Sciences, Inc",False,True,87,revvity health sciences inc sc
Robinson and Sproson Ltd,False,False,65,johnson johnson ireland
Revvity Singapore Pte Ltd,True,True,100,revvity singapore pte
Rewire Rehab Ltd,False,False,67,predicare ab
Rex Implants,True,True,100,rex implants
"Rexxam Co., Ltd.",False,False,82,rexxam co ltd
Rexyn Ltd,False,False,67,arex
"RF Medical Co., Ltd.",True,True,100,rf medical co
"RFBio Co.,Ltd",False,False,80,rfbio co
RfQ-Medizintechnik GmbH & Co. KG,False,True,93,par medizintechnik gmbh co kg
"RFX+CARE Manufacturing Co., Ltd.",False,False,77,arion manufacturing
RHAK Gurmail-trading as Mistry Opticians,False,False,54,c p a mediterra trading
Rhein Device GmbH,False,False,81,orthogen device
Rhein Enterprise (PVT) Ltd,False,True,98,rhein enterprises pvt
Rhein Group,False,False,75,groupe sebbin
Rhein Vision S.R.L.,False,False,76,sc rhein vision srl
Rhein83 Srl,False,False,76,hering srl
Rheon Medical SA,True,True,100,rheon medical sa
RhinoMed Limited,False,True,86,inomed
Rhinostics Inc.,False,True,86,trignostics
Rhiwbina Dental Ltd,False,False,74,dental wings
Rhodes Health Limited,False,False,80,modus health
Rhodes Pharma Ltd,False,False,83,rose pharma
Rhondium Limited,True,True,100,rhondium
RHS Dental Laboratory Ltd,False,False,72,laboratorios cosmodent s l
"Rhythmlink International, LLC",True,True,100,rhythmlink international
RI.MOS srl,True,True,100,ri mos srl
"Ribbond, Inc.",False,False,62,bricon
Riccardo’s Laboratory Limited,False,False,74,laboratoires m richard
Ricerfarma S.r.l.,False,False,72,rar s r l
Richard Wolf GmbH,True,True,100,richard wolf
Richard Wolf GmbH,True,True,100,richard wolf
"Richard-Allan Scientific LLC, a subsidiary of Epredia",False,False,69,cardiac pacemakers inc a subsidiary of boston scientific
Richardson Electronics GmbH,True,True,100,richardson electronics
Richardson Electronics GmbH,True,True,100,richardson electronics
Richardson Healthcare,True,True,100,richardson healthcare
Richart Dental Studio Ltd,False,False,82,hall dental studio
Richley Dental Ceramics Ltd,False,False,68,ceramtec dentalvertriebs
Richmond Hill Orthodontics Limited,False,False,67,dentsply sirona orthodontics
RICHTER RUBBER TECHNOLOGY SDN BHD,True,True,100,richter rubber technology sdn bhd
Ricoh UK Products Limited,False,False,67,ps product services
Ride Designs,False,False,80,primer design
Ridentes,False,False,71,credentis
Ridge Dental LTD,False,True,85,dr ihde dental
"Right MFG co.,ltd",True,True,100,right mfg co ltd
"Rigicon, Inc.",True,True,100,rigicon
RIMSA P. LONGONI SRL,False,True,85,rimsa p longoni s r l
Ring Splints By Zomile,False,False,57,bio implants medical
Ringley Park Dental Practice,False,False,62,reinvent dental products
Ringwood Dental,False,False,74,dental wings
Rini Ergoteknik,False,False,59,nikon europe
RioMed Ltd,False,True,92,triomed
risa GmbH,True,True,100,risa
RİSUS SAGLIK URUNLERI SANAYI  VE TICARET ANONIM SIRKETI,False,False,73,bome trivitron sanayi urunleri dis ticaret anonim sirketi
RIT Advanced Oral Care Limited,False,False,72,ezbra advanced wound care
Ritter Concept GmbH,True,True,100,ritter concept
Ritter Implants GmbH & Co.KG,True,True,100,ritter implants gmbh co kg
"Rivanna Medical, Inc",False,False,80,veldana medical
River Dental Practice,False,False,71,reinvent dental products
ROBINSON DENTAL CERAMICS LIMITED,False,False,67,ceramtec dentalvertriebs
Riverain Technologies,True,True,100,riverain technologies
Riverdene Dental Laboratory Limited,False,False,72,reference laboratory
"Riverpoint Medical, LLC",True,True,100,riverpoint medical
Riverside Ceramics,False,False,63,fine art ceramics
Riverside Medical Packaging Co. Ltd.,True,True,100,riverside medical packaging
Riverstone Resources Sdn.Bhd.,True,True,100,riverstone resources sdn bhd
Riviera Dental Laboratory,False,False,68,helena laboratories
Rizhao HuGe Biomaterials Company Ltd,False,True,86,rizhao huge biomaterials company
"Rizhao Sanqi Medical & Health Articles Co., Ltd.",False,False,75,xianning eco medical articles co ltd
Rizq Medical Ltd,False,False,82,tz medical
RJ Denture Clinic Ltd,False,False,67,pentron clinical
RJS Dental Laboratory Limited,False,False,72,laboratorios cosmodent s l
RK Dental Lab,False,False,74,dental p s r l
RKL LTD t/a Kerr Eyecare,False,False,59,kering eyewear s p a
"Rmedica Co., Ltd.",False,True,95,cormedica
RMJ Dental Laboratories Ltd,False,False,77,e o laboratories
RNDent - IP Ltd.,False,False,71,panadent
Roadtohealth Group Limited,False,False,65,mirage health group
Roam Technology NV,True,True,100,roam technology nv
Rober Ltd,False,False,73,tobler
Robert Callander Optician,False,False,58,weinert fiber optics
ROBERT COLEMAN OPTICIANS,False,False,59,stryker european operations
Robert Cullen Ltd,False,False,67,mullersport
Robert Frith Four Ltd,False,False,62,robert bosch
Robert Frith One LTD,False,False,62,robert lewis flx health
Robert Frith Opticians,False,False,62,weinert fiber optics
Robert Frith Opticians (Twickenham) Ltd,False,False,55,wenzhou pilot optics corp ltd
Robert Frith Optometrists (Blandford) Ltd,False,False,52,robert lewis flx health
Robert Frith Optometrists (Chard) Ltd,False,False,56,robert lewis flx health
Robert Frith Optometrists (Yeovil) Ltd,False,False,52,metrimed orvosi műszergyártó kft
Robert Frith Services Ltd,False,False,67,aftren services
Robert Frith Three Ltd,False,False,59,the ehealth project
Robert Frith Two Ltd,False,False,58,support to rise
Robert Jones and Agnes Hunt Hospital (Sterile Services),False,False,60,aiesi hospital service s a s di piantadosi valerio e c
Robert Taggart Dental Laboratory,False,False,61,tin lok dongguan dental laboratory co
Rocamed France,False,False,78,francemed
RocGene (Xuzhou) Technology Limited,False,False,73,shenzhen xufu technology co
Rochdale VE Ltd,False,False,62,ohdae
Roche Diabetes Care GmbH,True,True,100,roche diabetes care
Roche Diagnostics GmbH,True,True,100,roche diagnostics
Roche Molecular Systems Inc.,True,True,100,roche molecular systems
Roche Rock Trading Limited,False,False,73,ariol trading oü
"Roche Sequencing Solutions, Inc.",True,True,100,roche sequencing solutions
Rocialle Healthcare Limited,False,False,80,rokit healthcare
Rock Dental Studio Ltd t/a Rock Dental Studio,False,False,54,hall dental studio
Rock me momma Ltd,False,False,59,rocket medical
Rocket Medical Plc,True,True,100,rocket medical plc
ROCKMED INDUSTRIES,True,True,100,rockmed industries
Rodenstock (UK) Limited,False,False,64,"uab ""prodenta"""
Rodenstock GmbH,False,False,71,denteck
Rodericks Dental Partners Limited,False,False,64,precision dental products
Rodler Dentlab Ltd,False,False,67,schröer dental
Roe Dental Laboratory; Inc,False,False,70,helena laboratories
Rogers Foam Coporation,False,False,67,rogers foam
ROHO Inc,True,True,100,roho
Rohto Pharmaceuticals Co. Ltd,False,False,77,gw pharmaceuticals
ROKIT Healthcare INC,True,True,100,rokit healthcare
Rolapal Ltd,True,True,100,rolapal
Rolf Kullgren AB,True,True,100,rolf kullgren ab
Rollz International B.V.,True,True,100,rollz international
Roma Medical Aids Ltd,True,True,100,roma medical aids
Romsey Eyecare,False,False,69,eyecare eyewear
Romsons Group Private Limited,False,False,65,interco group
Romsons International (Unit-II),True,True,100,romsons international unit ii
Roncadelle Operations srl,False,False,62,medel international srl
Ronvig Dental Mfg A/S,False,False,78,rønvig dental manufacturing a s
"Roosin Medical Co., Ltd.",False,True,85,rusun medical co
Roots Dental Laboratory,False,False,69,laboratorios cosmodent s l
Ropox A/S,False,False,67,otiom a s
Rosco Diagnostica A/S,False,True,85,ssi diagnostica a s
Rose Dental Lab,False,False,76,dental p s r l
Rose Lane Dental Technology,False,False,75,lightmed dental technology
Rose Pharma SA,False,True,88,rose pharma
Roseacre Cottage Dental Practice Limited,False,False,59,homecare enterprise co
Rosemont Pharmaceuticals Limited,False,False,79,sanavita pharmaceuticals
Roslin Dental Laboratory,False,False,69,tin lok dongguan dental laboratory co
ROSS & BROWN SRL,True,True,100,ross brown srl
Ross Dental Laboratory,False,False,75,laboratorios cosmodent s l
Rossix AB,False,False,71,neoss ab
Rossmax Innotek Corp.,False,False,67,rossmax international
Rossmax International Ltd.,True,True,100,rossmax international
Rossmax Swiss GmbH.,False,False,84,rossmax swiss
Rotec International,False,True,87,metech international
Rotherham VE Ltd,False,False,60,proteome
Rothley Lodge Dental Practice,False,False,61,ab dental device srl
RotoBed ApS,False,False,74,protomed
Rovers Medical Devices B.V.,True,True,100,rovers medical devices
ROVIPHARM,True,True,100,rovipharm
ROWALK HOLDINGS LIMITED,False,False,75,strom holdings uk
Rowcroft Dental Centre Ltd,False,False,68,hasharon dental center
RoweMed AG - Medical 4 Life,True,True,100,rowemed ag medical 4 life
RoweMed AG – Medical 4 Life,False,True,100,rowemed ag medical 4 life
ROY ROWLANDSON LTD,False,False,67,rappo orlando
Royal Brompton & Harefield NHS Foundation Trust,False,False,55,bedford hospital bedfordshire hospitals nhs foundation trust
Royal College of Obstetricians and Gynaecologists,False,False,52,medical technology transfer and services
Royal College of Paediatrics and Child Health (RCPCH),False,False,55,nanchang chaoyang medical and health products co
Royal Cornwall Hospitals NHS Trust.,False,False,56,cam hospital srl
Royal Derby Hospital  (NHS),False,False,65,cam hospital srl
Royal Devon University Healthcare NHS Foundation Trust,False,False,56,ttk healthcare limited protective devices division
Royal Devon University healthcare NHS Foundation Trust Orthodontic Department,False,False,47,arivollion wess healthcare srl
Royal Free London NHS Foundation Trust,False,False,53,fondazione don carlo gnocchi onlus
Royal United Hospitals Bath NHS Foundation Trust,False,False,61,bedford hospital bedfordshire hospitals nhs foundation trust
Royal United Hospitals Bath NHS Foundation Trust,False,False,61,bedford hospital bedfordshire hospitals nhs foundation trust
RR Mechatronics Manufacturing B.V.,False,True,95,rr mechatronics manufacturing bv
RSR Limited,False,False,67,nrs
Rubbercare Protection Products Sdn Bhd,True,True,100,rubbercare protection products sdn bhd
Rudgwick Medical Centre,False,False,74,creo medical uk
Rudolf Medical GmbH + Co. KG,True,True,100,rudolf medical gmbh + co kg
Rudolf Riester GmbH,True,True,100,rudolf riester
Rudy Project S.p.A.,False,False,82,rudy project spa
Rugby VE Ltd,False,False,62,zive uab
"RUIAN SUNNYWORLD INTERNATIONAL TRADE CO.,LTD",True,True,100,ruian sunnyworld international trade co ltd
Ruislip V E Limited,False,False,56,m v srl
Rumex International Ltd,True,True,100,rumex international
RUMI MEDTECH LIMITED,False,False,83,rgi meditech
Runfold Plastics Ltd,True,True,100,runfold plastics
Runlite SA,False,False,82,runlite
Runner Srl,True,True,100,runner srl
Rx Farma Ltd,False,False,74,eufarma srl
"RxSight, Inc.",True,True,100,rxsight
Ryan Stewart,False,False,62,sunstar france
Rycote Dental Practice Ltd,False,False,65,tiger dental
Ryser Optik AG,False,False,73,ser optical
RZ Medizintechnik GmbH,False,True,89,viorez medizintechnik
S & I Dental Laboratory,False,False,76,diplomat dental s r o
S & S Eyecare Ltd Trading As Safarian and Simon Opticians,False,False,55,ivor shaw ltd trading as pennine healthcare
S & V Technologies GmbH,True,True,100,s v technologies
S A FEATHERSTONE DENTAL LABORATORY,False,False,66,egj jonkers dental laboratorium jonkers
S B DENTURE DESIGN LTD,False,False,69,bode design
S DONNE (BEDFORD) LIMITED,False,False,59,mediworx one
S W Allen Optical Ltd,False,False,67,indo optical slu
S W Rea & Co Ltd,False,False,71,w s pharma
S. H. Harrold (1937) Ltd,False,False,56,harol srl
S.A.L.F. S.p.A.,False,False,75,f a d s r l
S.B.M. SAS,True,True,100,s b m sas
S.B.O. Dental Laboratory,False,False,73,laboratorios cosmodent s l
S.D. Dental Ceramics Limited,False,False,69,cms dental
"S.E.S Healthcare  Products (Hefei) Co., Ltd",False,False,74,urgo healthcare products co ltd
S.G.Dentures and Repairs Ltd,False,False,59,eli dent group s p a
S.H.A INSTRUMENTS,False,True,88,a d m instruments
S.I.M.E.O.N Medical GmbH & Co. KG,True,True,100,s i m e o n medical gmbh co kg
S.I.N. IMPLANT SYSTEM LTDA,True,True,100,s i n implant system ltda
S.L.P. Ltd.,True,True,100,s l p
S.R. Smith LLC,True,True,100,s r smith
S.R.R. Surgical Company also trading as Mediplus,False,False,58,malvern medical developments ltd also trading as pb medical
"S.THEPHARM Co., Ltd",True,True,100,s thepharm co
S&G Biotech Inc,False,False,80,ns biotec
S&J DENTAL CERAMIC LAB LIMITED,False,False,70,cm dental s r l
S&L Wilson Ltd t/a Howards Opticians,False,False,58,grand vision optics ver sport s l
S&S Care Ltd T/A Hewett's Dental Practice,False,False,63,s c dental equipment store s r l
S&S GLOVE CORPORATION,True,True,100,s s glove
"S&S Med Co., Ltd.",False,False,84,sq med co
S&T AG,True,True,100,s t
S2Medical SB,False,False,82,sg medical
S3 Dental,False,False,84,o s dental
S4S (UK) Limited,False,False,50,sit up
S4S London Limited,False,False,63,nondolens
SA.GE SRL,True,True,100,sa ge srl
Saalmann medical GmbH & Co. KG,False,False,77,nemius medical gmbh co kg
SACHIN TEX,False,False,71,sacimex
Saebo UK Limited,False,False,67,mayborn uk
"SAEYANG CO., LTD",False,False,83,saeyang co ltd
Safe Obsteric System Limited,False,False,67,scanex medical systems ab
Safe Orthopaedics SAS,True,True,100,safe orthopaedics sas
"Safecare Biotech (Hangzhou) Co., Ltd.",True,True,100,safecare biotech hangzhou co
"SAFECARE BIOTECH (HANGZHOU) CO., LTD.",True,True,100,safecare biotech hangzhou co
Safeguard Medical Technologies Ltd,True,True,100,safeguard medical technologies
Safespaces (Cornholme) Ltd,False,False,65,ortho space
Safety First Aid Group Ltd,True,True,100,safety first aid group
Safety Med Ltd,False,False,70,ekastu safety
Safeway Industry Healthcare,True,True,100,safeway industry healthcare
SAFİ MEDİKALTEKSTİL SANAYİ İÇ VE DIŞ TİCARET ANONİM ŞİRKETİ,False,False,80,gmd group medi̇kal sanayi̇ ve ti̇caret anoni̇m şi̇rketi̇
Safilo S.p.A.,False,False,82,sifi s p a
SAFTE S.p.A.,True,True,100,safte s p a
SAGA DENTAL SUPPLY AS,True,True,100,saga dental supply as
Sagami Manufacturers Sdn. Bhd.,True,True,100,sagami manufacturers sdn bhd
Sage Products LLC,True,True,100,sage products
Sagemax Bioceramics Inc.,False,False,60,salvia bioelectronics
Sahajanand Medical Technologies Ireland Ltd,True,True,100,sahajanand medical technologies ireland
Sahajanand Medical Technologies Limited,False,True,89,sahajanand medical technologies ireland
Sakura Finetek Europe B.V.,True,True,100,sakura finetek europe
"Sakura Finetek Japan Co., Ltd.",False,False,73,sakura finetek europe
"Sakura Finetek USA, Inc.",True,True,100,sakura finetek usa
"Saladax Biomedical, Inc.",True,True,100,saladax biomedical
Salfordinsole Healthcare Ltd,False,False,78,sallis healthcare
Salignostics Ltd,True,True,100,salignostics
Salimetrics,False,False,76,biometrics
Salisbury Orthodontics Ltd,False,False,69,pwg orthodontic specialties
Salisbury VE Ltd,False,False,58,e ability bv
Sallis Healthcare Ltd,True,True,100,sallis healthcare
Sally French-Teeling Ltd,False,False,67,telic france sas
"Salt Optics, Inc",False,False,78,stelu optics
Salter Labs,True,True,100,salter labs
Salts Healthcare Ltd,True,True,100,salts healthcare
Saluda Medical Pty Ltd,False,False,73,saluda medical netherlands
SAM Medical Products,True,True,100,sam medical products
SamanTree Medical SA,True,True,100,samantree medical sa
Samphire Neuroscience Ltd,True,True,100,samphire neuroscience
Samritz Healthcare Ltd,False,False,82,salts healthcare
Samsara Vision Ltd.,False,False,75,vision srl
Samsung Electronics Co. Ltd,True,True,100,samsung electronics
"Samsung Medison Co., Ltd.",True,True,100,samsung medison co
Samyang Holdings Corporation,True,True,100,samyang holdings
SAN Dental,False,False,82,px dental sa
"Sanamedi, Inc.",False,False,80,scanmed
"Sancare Health Co, Ltd",False,False,81,swhealthcare co
Sanctuary Health Sdn Bhd,True,True,100,sanctuary health sdn bhd
SNI Optometric Services Ltd,False,False,67,medical service srl
Sanctuary Health Sdn Bhd,True,True,100,sanctuary health sdn bhd
Sandford Dental Laboratory Limited,False,False,68,no7 contact lens laboratory
SANDINE ZARTAUX HOLDING LTD,False,False,65,incrediwear holdings
Sandoz GmbH,True,True,100,sandoz
Sandoz Limited,True,True,100,sandoz
Sanguis Counting Kontrollblutherstellungs- und Vertriebs GmBh,False,False,58,winpharma herstellungs und vertriebs gmbh
Sanicen S.A.U.,False,False,70,sanicen
Sanitas Healthcare Limited,False,True,88,salts healthcare
Sanivap,True,True,100,sanivap
Sano Supplies Ltd,False,False,79,nordic supplies
Sanoculis Ltd.,True,True,100,sanoculis
Sanofi-Aventis Deutschland GmbH,True,True,100,sanofi aventis deutschland
SanoMed Manufacturing BV,False,True,93,sanomed manufacturing
"Sanqi (Vietnam) New Materials Co., Ltd.",False,False,68,shandong shengquan new materials co
Sansure Biotech Inc.,True,True,100,sansure biotech
Santa Barbara Imaging Systems,True,True,100,santa barbara imaging systems
SANTEC  OIS CORPORATION,True,True,100,santec ois
Santen,True,True,100,santen
Santex SpA,False,False,76,betatex spa
Sanway Gene Tech. Inc.,True,True,100,sanway gene tech
"Sanyo Chemical Industries, LTD.",False,False,79,cts chemical industries
Sapi Med S.p.A.,True,True,100,sapi med s p a
Sarah Edis denture clinic,False,False,59,ortho clinical diagnostics
Sarah Farrar Opticians,False,False,65,optiswiss france sarl
Saremco Dental AG,False,True,88,dental emco
Sarstedt AG & Co,False,False,79,sarstedt ag co kg
Sartoris Products Ltd,False,False,73,sage products
Sartorius Stedim Biotech GmbH,True,True,100,sartorius stedim biotech
SAS Paname,False,False,70,pantest sa
Sasmar Pharmaceuticals Sprl,False,False,75,sanavita pharmaceuticals
Satelec,False,False,78,steeldec sa
SATELLITE INDUSTRIES,False,False,81,schell industries
SATH NHST Maxillofacial and Orthodontic Laboratory,False,False,56,laboratorio oftálmico andaluz s l loa
Savantini Ltd,False,False,74,vanetti sa
Savaria Concord Lifts inc.,False,False,65,savaria dent kft
SAVI GmbH,False,False,75,zavi
SAVIO INDUSTRIAL srl,False,False,76,meditalia industriale srl
"SB-KAWASUMI LABORATORIES, INC.",True,True,100,sb kawasumi laboratories
SBO Hearing A/S,True,True,100,sbo hearing a s
SC International Limited,False,True,94,uscg international
Scala Surgical Ltd,False,True,86,staar surgical
Scaleo Medical,False,True,86,sanero medical
Scan Mobility,False,False,76,skyline mobility
Scanco Medical AG,True,True,100,scanco medical
ScandiDos AB,True,True,100,scandidos ab
Scar Heal,True,True,100,scar heal
Scarborough Denture Centre,False,False,62,hasharon dental center
Scarpro N.V.,True,True,100,scarpro
SCC Soft Computer,False,False,68,computer sports medicine
Schaerer Medical AG,False,False,81,saverine medical
Schalcon S.p.A,True,True,100,schalcon s p a
ScheBo Biotech AG,True,True,100,schebo biotech
Schein Orthopädie Service KG,True,True,100,schein orthopädie service kg
Schelchen GmbH,True,True,100,schelchen
SCHER & LASKY OPTICIANS LTD,False,False,62,ser optical
SCHEU-DENTAL GmbH,True,True,100,scheu dental
Schiller AG,True,True,100,schiller
Schiller Medical,True,True,100,schiller medical
Schlumbohm GmbH + Co. KG,False,True,100,schlumbohm gmbh co kg
SCHMITZ medical GmbH,False,False,83,summit medical
Schneider Medical Industries,False,False,83,united medical industries
Schnitzler Rettungsprodukte GmbH & Co. KG,True,True,100,schnitzler rettungsprodukte gmbh co kg
Scholl's Wellness Company,False,True,100,scholl’s wellness
Schölly Fiberoptic GmbH,True,True,100,schölly fiberoptic
"Scholten Surgical Instruments, Inc.",False,True,88,laschal surgical instruments
School House Dental Lab,False,False,63,heka dental a s
Schottlander Manufacturing GmbH,True,True,100,schottlander manufacturing
Schuchmann GmbH & Co KG,False,False,81,schlumbohm gmbh co kg
Schuhfried GmbH,False,False,74,securimed
Schülke & Mayr GmbH,True,True,100,schülke mayr
Schulte-Elektronik GmbH,True,True,100,schulte elektronik
Schultz Medical (UK) Ltd,True,True,100,schultz medical uk
Schuremed,True,True,100,schuremed
Schutz Dental GmbH,False,True,96,schütz dental
Schwarzer Cardiotek GmbH,True,True,100,schwarzer cardiotek
SCHWIND eye-tech-solutions GmbH,False,False,71,tech life solutions
SciCan Ltd.,False,False,73,asica
Scientific BioTech Ltd,False,False,80,boston scientific
"Scinomed (Shanghai) Bio-Tech Co., Ltd",True,True,100,scinomed shanghai bio tech co
Scinomed Ltd,True,True,100,scinomed
"Scion Future (Beijing) Intermational Supply Chain Management Co., Ltd",False,False,59,guangzhou caishen customized clothing supply chain management
"Sciton, Inc.",True,True,100,sciton
Scoozy B.V.,False,False,62,scootplaza
Scope Ophthalmics Ltd,False,False,71,vh ophthalmics bv
Scope Opthalmics Limited,False,False,67,vh ophthalmics bv
Scopio Labs Ltd.,False,False,67,formlabs ohio
Scorpion,False,False,77,corin
Scot Denture Clinic Ltd,False,False,69,pentron clinical
Scotlens Limited,False,False,75,con lens
Scotmed  Ltd.,False,False,83,comed
Scott Green @ Estuary,False,False,59,doctor greene's
Scott Specialties Inc,True,True,100,scott specialties
Scottish Centre for Excellence in Dentistry,False,False,57,invita intelligence care solutions
Scottish Orthodontics Ltd,False,False,73,tangent orthodontics
Scotts Opticians Ltd,False,False,64,stelu optics
ScreenPoint Medical,True,True,100,screenpoint medical
Scunthorpe VE Ltd,False,False,56,score
"SD Biosensor, Inc.",True,True,100,sd biosensor
SD INNOVATION S.A.S,False,False,81,sd innovation
sdc dental laboratory,False,False,72,laboratorios cosmodent s l
SDI Limited,True,True,100,sdi
SDI Limited,True,True,100,sdi
SDPDM,False,False,75,sdm
SDS Swiss Dental Solutions AG,True,True,100,sds swiss dental solutions
Sea-Band Ltd,True,True,100,sea band
Seating Matters Ltd,False,False,67,ares trading sa
Seaview Dental Practice,False,False,68,katia dental sa
"Seawon Meditech Co.,Ltd.",True,True,100,seawon meditech co ltd
Sebia,True,True,100,sebia
Sebia,True,True,100,sebia
Sebia,True,True,100,sebia
Sebia,True,True,100,sebia
Sebia (UK) LTD,False,False,77,sebia
seca gmbh,False,False,67,asica
seca Ltd,False,False,67,asica
"Sechrist Industries, Inc.",False,False,83,mehrish industries pvt
Sectra AB,True,True,100,sectra ab
SECURMED S.p.A,False,False,77,tecres s p a
Sedana Medical Ltd.,True,True,100,sedana medical
SEDATELEC,False,False,75,sedatex
"See World Optical Co., Ltd",False,True,91,see world optical co ltd
"SEED Co., Ltd",False,False,71,cosimed
SEEDS Company Ltd,False,False,67,ceredas
Seegene Inc.,True,True,100,seegene
SEERS Medical Limited,True,True,100,seers medical
SEFAM SAS,False,False,74,sierra sas
Segetex-eif,True,True,100,segetex eif
Sehar Batool International,False,False,82,arriol international sa
Seiko Optical Products Co. Ltd,False,False,73,sf medical products
Seiler Instrument & Manufacturing Co. Inc.,False,True,95,seiler instrument manufacturing co
Seirian Ltd,False,True,92,seirin
Seirin Corporation,True,True,100,seirin
"SEJONG MEDICAL Co., Ltd",True,True,100,sejong medical co
"Sejoy Biomedical Co., Ltd.",True,True,100,sejoy biomedical co
"Sejoy Biomedical Co.,Ltd.",False,True,90,sejoy biomedical co
Sekisui Diagnostics LLC,True,True,100,sekisui diagnostics
SEKISUI DIAGNOSTICS P.E.I. Inc.,False,True,92,sekisui diagnostics pei
"SEKISUI MEDICAL CO., LTD.",True,True,100,sekisui medical co
Select Denture Centre,False,False,65,intersect ent
Select Healthcare (UK) Ltd,False,False,80,wellspect healthcare
Select Medical Ltd.,False,True,86,specto medical
Select Research Ltd,False,False,74,welcare research srl
Select Specs Ltd,False,False,64,elesta spa
Self-screen B.V.,False,False,76,screencell
SelfBack ltd,False,False,80,selfback aps
SelfSense Technologies Ltd,False,False,82,life technologies
Selles Medical,False,True,89,seers medical
"SELVAS Healthcare, Inc.",True,True,100,selvas healthcare
Semeda GmbH,False,False,83,femeda
SEMİKAL TEKNOLOJİ SANAYI ve TİCARET. A.Ş.,False,False,79,pms tip teknoloji̇leri̇ sanayi̇ ve ti̇caret a ş
Semler Technologies Inc.,False,True,86,emd technologies
Sendal S.L.,False,False,70,seda s p a
"Sener Diagnostics, S.A.",True,True,100,sener diagnostics
Sengewald Klinikprodukte GmbH,True,True,100,sengewald klinikprodukte
"SenoRx, Inc.",False,False,71,dosentrx
Sense4Care S.L.,True,True,100,sense4care s l
Sensing Self Pte Ltd,False,False,59,shenzhen sisensing co
Senslab GmbH,False,False,77,jenlab
Sensonics International,False,False,84,sunoptic international
Sensus Healthcare,True,True,100,sensus healthcare
Sentec AG,True,True,100,sentec
Sentec AG,True,True,100,sentec
Sentiental Ltd,False,False,64,prontodental
SENTINEL CH. S.p.A.,True,True,100,sentinel ch s p a
Snorer.com Ltd,False,False,74,hsiner co
Sentiss Pharma Private Limited,False,False,67,riemser pharma
Senzime AB,True,True,100,senzime ab
SEOIL PACIFIC CORP.,False,False,61,sodi scientifica srl
Septodont,True,True,100,septodont
SeqOne,False,False,67,sentec
"Sequoia-TWN Healthcare Co., Ltd.",True,True,100,sequoia twn healthcare co
SERB SA,True,True,100,serb sa
Serchem Ltd,True,True,100,serchem
Sercon Limited,False,False,73,deron
Seriderm UK Limited,False,False,64,sp services uk
SERO AS,True,True,100,sero as
Serosep Limited,True,True,100,serosep
Serres Oy,True,True,100,serres oy
Serrix B.V.,True,True,100,serrix
Serumwerk Bernburg AG,True,True,100,serumwerk bernburg
Servicio Integral Hospitalario S.L.U.,True,True,100,servicio integral hospitalario s l u
Servo-Dental GmbH & Co. KG,False,False,77,dentalline gmbh co kg
servoprax GmbH,True,True,100,servoprax
Set Medikal Sanayi ve Ticaret A.S.,False,True,96,set medikal sanayi ve ticaret a s mf
Seventy BG srl,True,True,100,seventy bg srl
"SEWOON MEDICAL CO., LTD.",False,True,89,taewoong medical co
sfm medical devices GmbH,False,True,92,suma medical devices
SFT Dental Laboratory,False,False,72,laboratorios cosmodent s l
SG Dental LABORATORY LIMITED,False,False,74,laboratorios cosmodent s l
SG Diagnostics Pte Ltd,False,False,81,zip diagnostics pty
SGD Dental Ceramics,False,False,69,cms dental
SH Lab,False,False,67,uvasc lab
"SH Medical Salud Y Servicios Iberica, S.L",True,True,100,sh medical salud y servicios iberica s l
Shaftesbury Eyecare Ltd (T/A Robert Frith Optometrists. Shaftesbury),False,False,45,multiflex s a s di camporese roberto c
Shamir Israel Ltd,False,False,77,shamir france
"Shamir Optical, LDA",False,True,88,shamir optical
Shamir UK Ltd,False,False,60,lumiradx uk
Shamirlens Thailand Co. Ltd,False,False,62,tianda srl
"Shandon Diagnostics Limited, a subsidiary of Epredia",False,False,59,erk diagnostik ozel saglik hizmetleri ticaret limited sirketi
"SHANDONG AISHULE HYGIENE PRODUCTS CO., LTD",False,False,68,shandong jieshi medical products co
Shandong Ande Healthcare Apparatus Co Ltd,False,True,96,shandong ande healthcare apparatus co
"Shandong Blue Sail Health Technology Co., Ltd.",False,True,95,shandong blue sail health technology co ltd
"Shandong Blue Sail Innovation Co., Ltd",True,True,100,shandong blue sail innovation co
"Shandong Bohong Gene Technology Co., Ltd.",False,False,79,shandong haichun bio technology co
"Shandong GD Technology Co., Ltd",False,True,87,shandong lee med technology co
"Shandong Hapool Medical Technology Co., Ltd",False,True,96,shandong hapool medical technology
Shandong Harmowell Trade Co Ltd,False,True,87,shandong harmowell trade co ltd
"Shandong Hengchang Medical Technology Co., Ltd.",False,True,91,shandong fengao medical technology co
"Shandong Huamei Technology Co., Ltd.",False,True,88,shandong hoda medical technology co
Shandong Huge Dental Material Corporation,True,True,100,shandong huge dental material
"Shandong Intco Medical Products Co., Ltd.",True,True,100,shandong intco medical products co
SHANDONG KANGLILAI MEDICAL APPARATUS CO. LTD.,False,False,72,suzhou kyuan medical apparatus co
SHANDONG LEE MED TECHNOLOGY CO. LTD.,False,True,95,shandong lee med technology co
"Shandong Lianfa Medical Plastic Products Co.,Ltd.",True,True,100,shandong lianfa medical plastic products co ltd
Shandong Ruyue Medical Technology Co Ltd,False,True,87,shandong mingyue medical technology co
"Shandong Shangwei Medical Products Co.,Ltd.",True,True,100,shandong shangwei medical products co ltd
"Shandong Shingna Medical Products Co., Ltd.",True,True,100,shandong shingna medical products co
"Shandong ThinkLab Biotechnology Co., Ltd.",False,False,82,shandong zfirst biotechnology co
"Shandong Weigao Group Medical Polymer Co., Ltd.",True,True,100,shandong weigao group medical polymer co
"SHANDONG XINGYU GLOVES CO.,LTD",True,True,100,shandong xingyu gloves co ltd
"Shanghai Anqing Medical Instrument Co., Ltd.",False,True,90,shanghai bojin medical instrument co
"Shanghai Aohua Photoelectricity Endoscope Co.,Ltd.",False,False,58,shanghai hwallone optics co ltd
"Shanghai Apolo Medical Technology Co., Ltd.",True,True,100,shanghai apolo medical technology co
"Shanghai Bangbang Robotics Co., Ltd.",True,True,100,shanghai bangbang robotics co
"Shanghai Berry Electronic Tech Co., Ltd",False,False,69,huai an hua lve electronics co ltd
"SHANGHAI BING FAN INDUSTRIAL CO., LTD.",False,True,94,shanghai bing fan industrial co ltd
"Shanghai BioGerm Medical Technology Co., Ltd.",True,True,100,shanghai biogerm medical technology co
"Shanghai Bionaire Biotech Co., Ltd.",False,False,75,sino biocan biotech shanghai
Shanghai Chenguang Medical Technologies Co. Ltd,False,True,96,shanghai chenguang medical technologies co
"Shanghai Chongjen Industry Co., Ltd.",False,True,94,shanghai chongjen industry co ltd
"Shanghai Conant Optics Co., Ltd.",True,True,100,shanghai conant optics co
"Shanghai DNK New Materials Technology Co., Ltd",False,False,78,shanghai liyuan medical technology co
"Shanghai Dochem Industries Co., Ltd.",False,False,76,shanghai ristea industries co
Shanghai Drager Medical Instrument Co Ltd,False,True,94,shanghai dräger medical instrument co
"Shanghai Everpure Medical Plastic Co.,Ltd.",False,True,95,shanghai everpure medical plastic co
"Shanghai Homelabs Medical Co., Ltd",False,False,79,jinzhida medical shanghai co
"Shanghai Hua En Industrial Co., Ltd.",False,False,77,shanghai vanwa industrial co
SHANGHAI HUBANG INTELLIGENT REHABILITATION EQUIPMENT CORPORATION,False,False,67,hunan nine stars intelligent medical equipment
"SHANGHAI HUVITZ Co.,Ltd.",False,False,74,igenesis shanghai co ltd
"Shanghai ISO Medical Products Co., Ltd.",False,True,85,shandong intco medical products co
"Shanghai Jianzhong Medical Packaging Co., Ltd",False,True,95,shanghai jianzhong medical packaging co ltd
"Shanghai Kindly Enterprise Development Group Co., Ltd.",False,False,59,shandong deman medical equipment group co
"Shanghai Kindly Medical Instruments Co, Ltd.",True,True,100,shanghai kindly medical instruments co
Shanghai Kohden Medical Electronic Instrument Corp.,True,True,100,shanghai kohden medical electronic instrument
Shanghai Leison Medical & Healthcare products Co.LTD,False,False,80,yichang hethcotn medical products co ltd
"Shanghai Link Instruments Co., Ltd.",False,False,81,shanghai ea medical instruments co
"Shanghai MediWorks Precision Instruments Co., Ltd.",True,True,100,shanghai mediworks precision instruments co
Shanghai MicroPort Endovascular MedTech (Group) Co. Ltd,False,True,97,shanghai microport endovascular medtech group co
"Shanghai MicroPort EP MedTech Co., Ltd.",True,True,100,shanghai microport ep medtech co
"Shanghai MicroPort MedBot (Group) Co., Ltd.",False,True,90,shanghai microport medical group co
"Shanghai Moon Bay Medical Instrument Co,Ltd.",False,True,95,shanghai moon bay medical instrument co
"Shanghai Personage Hygiene Products Co.,Ltd",False,False,68,shanghai haozheng metal products co
"Shanghai Pulse Medical Technology,Inc.",False,True,94,shanghai pulse medical technology
"Shanghai REACH Medical Instrument Co., Ltd",False,True,91,shanghai pax medical instrument co
"Shanghai Realbio Technology Co., Ltd.",False,True,86,cjo shanghai technology co
Shanghai Reyoungel Medical Technology Company Limited,True,True,100,shanghai reyoungel medical technology
"Shanghai Ruicheng Industry Co., Ltd",False,True,94,shanghai ruicheng industry co ltd
"Shanghai Sanyou Medical Co., Ltd.",False,False,75,reliance medical shanghai
"Shanghai SeeGen Photoelectric Technology Co.,Ltd",False,True,96,shanghai seegen photoelectric technology co
"Shanghai Senwo Industry Co., Ltd.",True,True,100,shanghai senwo industry co
"Shanghai Shape Memory Alloy Co., Ltd.",False,False,63,shanghai shengda medical applications co
Somnowell Ltd,False,False,62,sonomed
Shanghai Siyi Intelligent Technology Co. Ltd,False,True,91,shanghai siyi intelligent technology co ltd
Shanghai Transfusion Technology Co Ltd,False,False,75,jms transfusion technology co ltd
"Shanghai United Imaging Healthcare Co., Ltd.",False,True,95,shanghai united imaging healthcare co ltd
"Shanghai Wisking Electric Machine Co., Ltd.",False,True,95,shanghai wisking electric machine co ltd
SHANGHAI WONDERFUL OPTO-ELECTRICS TECH. CO. LTD,False,False,62,shanghai seegen photoelectric technology co
"Shanghai Xing Yu Medical Equipment Co.,Ltd.",False,True,87,shandong xiangwenyu medical equipment co ltd
"SHANGHAI ZJ BIO-TECH CO., LTD",True,True,100,shanghai zj bio tech co
Shangxian Minimal Invasive Inc.,False,False,74,minimal invasive zrt
"Shantou Institute of Ultrasonic Instruments Co., Ltd.",True,True,100,shantou institute of ultrasonic instruments co
"Shantou Wealy Medical Instrument Co., Ltd.",True,True,100,shantou wealy medical instrument co
"Shanxi Chengyi Biotechnology Co., Ltd",False,True,94,shanxi chengyi biotechnology co ltd
Shanxi Regent Works Inc,False,False,63,sanquin reagents
"Shaoxing Fuqing Health Products Co., Ltd.",True,True,100,shaoxing fuqing health products co
"Shaoxing Shouren Medical Health & Technology Co.,LTD",False,False,82,taizhou qiaotedi health medical technology co ltd
"SHAOXING YIBON MEDICAL CO., LTD.",True,True,100,shaoxing yibon medical co
"Shaoxing Yingtuo Healthcare Co., Ltd.",False,False,75,nanjing tuge healthcare co
SHAPE MEMORY MEDICAL INC.,True,True,100,shape memory medical
Shardman Healthcare Ltd.,False,False,81,hr healthcare
Shari Jane Daniels Limited,False,False,65,annie france srl
Sharing Smiles Orthodontics ltd,False,False,72,tangent orthodontics
Sharon Patricia Tamplin,False,False,54,sina hamd aria
Sharon Services UK ltd,False,False,81,sp services uk
Sharp  Aesthetics,False,False,77,merz aesthetics
Sharp Eyecare Ltd,False,False,71,eyecare eyewear
SHARPLINE Surgical Technologies GmbH,False,False,79,pioneer surgical technology
SharpTx Ltd,False,False,67,shaty
"Sheathing Technologies, Inc.",False,True,85,ionic health technologies
Sheffield Orthodontic Laboratories Limited,False,False,65,lorne laboratories
Sheffmed Limited,True,True,100,sheffmed
"SHENB Co., Ltd.",True,True,100,shenb co
"Shenyang Bokan Biotechnology Co., Ltd.",False,True,89,shandong boan biotechnology co
Shenzen Sunflower Laboratory,False,False,62,swiss lens laboratory hk
"Shenzhen Acurio Instrument Co., Ltd.",False,True,94,shenzhen acurio instrument co ltd
"Shenzhen Aeon Technology Co., Ltd.",True,True,100,shenzhen aeon technology co
Shenzhen Amydi-med Electrics Tech Co Ltd,False,True,90,shenzhen amydi med electrics tech co ltd
"Shenzhen Antmed Co., Ltd.",True,True,100,shenzhen antmed co
"Shenzhen AOJ Medical Technology Co., Ltd.",True,True,100,shenzhen aoj medical technology co
Shenzhen Astec Technology Co Ltd,False,True,94,shenzhen astec technology co
"Shenzhen Baiyi E-commerce Co., Ltd",False,False,67,shenzhen increcare biotech co
"Shenzhen Beacon Display Technology Co., Ltd.",False,True,95,shenzhen beacon display technology co ltd
"Shenzhen Belter Health Measurement and Analysis Technology Co., Ltd.",False,False,63,shenzhen bona pharma technology co
"Shenzhen Benliju Bio-Tech Co.,Ltd.",False,False,76,shenzhen j able bio co ltd
SHENZHEN BEYOND & BX DENTAL LABORATORY CO.LTD,False,False,61,shenzhen j able bio co ltd
Shenzhen Bi-Rich Medical Devices Co. Ltd,False,True,96,shenzhen bi rich medical devices co
"ShenZhen BoomingShing Medical Device Co., Ltd.",False,False,78,shenzhen bi rich medical devices co
"Shenzhen Boon Medical Supply Co., Ltd.",False,True,94,shenzhen boon medical supply co ltd
"Shenzhen Boon Medical Supply Co., Ltd.",False,True,94,shenzhen boon medical supply co ltd
"Shenzhen BSX Technology Electronics Co., Ltd.",False,True,85,shenzhen lifotronic technology co
"Shenzhen Caremed Medical Technology Co., Ltd.",False,True,95,shenzhen caremed medical technology co ltd
"Shenzhen Caremed Medical Technology Co.,Ltd",True,True,100,shenzhen caremed medical technology co ltd
"Shenzhen Carewell Electronics Co., Ltd",False,True,97,shenzhen carewell eiectronics co
"Shenzhen Certainn Technology Co., Ltd",True,True,100,shenzhen certainn technology co
"Shenzhen Changke Connect Electronics Co., Ltd.",True,True,100,shenzhen changke connect electronics co
"Shenzhen Changke Connect Electronics Co., Ltd.",True,True,100,shenzhen changke connect electronics co
"Shenzhen Changkun Technology Co., Ltd",False,True,87,shenzhen certainn technology co
"Shenzhen Changkun Technology Co., Ltd.",False,True,87,shenzhen certainn technology co
"Shenzhen Channel Biotechnology Co., Ltd.",False,False,83,shenzhen nile biotechnology co
Shenzhen Combei Technology Co Ltd,False,True,89,shenzhen medke technology co
"Shenzhen Comen Medical Instruments Co.,Ltd.",True,True,100,shenzhen comen medical instruments co ltd
"Shenzhen CoreRay Technology Co., Ltd.",False,True,87,shenzhen rayform technology co
"Shenzhen Corindor Trading Co., Ltd.",False,False,65,shenzhen taijia electronics co ltd
"Shenzhen Creative Industry Co., Ltd.",True,True,100,shenzhen creative industry co
"Shenzhen Dakewe Bio-engineering Co., Ltd.",True,True,100,shenzhen dakewe bio engineering co
"Shenzhen Delica Medical Equipment Co., Ltd.",True,True,100,shenzhen delica medical equipment co
Shenzhen Denco Medical Co. Ltd.,False,False,83,shenzhen timi medical co
Shenzhen Dian Fong Abrasives Company Limited,True,True,100,shenzhen dian fong abrasives
"Shenzhen Dongdixin Technology Co., Ltd.",True,True,100,shenzhen dongdixin technology co
SK Smiles Limited,False,False,67,smices
"Shenzhen Dymind Biotechnology Co., Ltd.",True,True,100,shenzhen dymind biotechnology co
"Shenzhen ENMIND Technology Co., Ltd",False,True,92,shenzhen lenikon technology co
"Shenzhen Envisen Industry Co., Ltd.",False,False,84,shenzhen esun industrial co
"Shenzhen Everbest Machinery lndustry Co.,Ltd.",False,True,95,shenzhen everbest machinery lndustry co
"Shenzhen Finicare Co., Ltd.",False,False,79,shenzhen finicare co  ltd
"Shenzhen Fitfaith Technology Co., Ltd.",False,True,87,shenzhen fanhao technology co
"SHENZHEN GEMEILI TECHNOLOGY CO., LTD",True,True,100,shenzhen gemeili technology co
"Shenzhen Hawk Medical Instrument Co., Ltd.",True,True,100,shenzhen hawk medical instrument co
"Shenzhen Hingmed Medical Instrument Co., Ltd",True,True,100,shenzhen hingmed medical instrument co
"Shenzhen Hingmed Medical Instrument Co., Ltd.",True,True,100,shenzhen hingmed medical instrument co
"Shenzhen Homed Medical Device Co., Ltd.",True,True,100,shenzhen homed medical device co
"Shenzhen Huaree Technology Co., Ltd",True,True,100,shenzhen huaree technology co
"Shenzhen Huayu Wantuo Technology Co. , Ltd",False,False,81,shenzhen huaree technology co
"Shenzhen HugeMed Medical Technical Development Co., Ltd",True,True,100,shenzhen hugemed medical technical development co
"Shenzhen HugeMed Medical Technical Development Co., Ltd",True,True,100,shenzhen hugemed medical technical development co
"Shenzhen Huizhong Biotech Co., Ltd.",False,False,78,shenzhen maiwei biotech co
"Shenzhen IMDK Medical Technology Co., Ltd",False,True,91,shenzhen le medical technology co
"Shenzhen Increcare Biotech Co., Ltd",True,True,100,shenzhen increcare biotech co
"Shenzhen Insighters Medical Technology Co.,Ltd",False,False,82,shenzhen lanmage medical technology co
"Shenzhen New Industries Biomedical Engineering Co., Ltd.",True,True,100,shenzhen new industries biomedical engineering co
"Shenzhen Jamr Technology Co., Ltd",True,True,100,shenzhen jamr technology co
"Shenzhen JCR Medical Technology Co., Ltd",False,True,96,shenzhen core medical technology co
"Shenzhen Lifotronic Technology Co., Ltd.",True,True,100,shenzhen lifotronic technology co
"Shenzhen New Perfect Exact Dental Research Co., Ltd.",False,False,60,shenzhen perfect medical instruments co
Shenzhen OSTO Medical Technology Company Limited,False,False,83,shenzhen le medical technology co
"Shenzhen Pacom Medical Instruments Co., Ltd.",False,True,89,shenzhen perfect medical instruments co
"Shenzhen Rogin Medical Co., Ltd.",True,True,100,shenzhen rogin medical co
"Shenzhen Root Innovation Technology Co., Ltd.",False,False,79,shenzhen lifotronic technology co
"Shenzhen Roundwhale Technology Co., Ltd.",False,True,88,shenzhen krinwave technology co
"Shenzhen Ruiankang Technology Co., Ltd.",False,True,88,huachenyang shenzhen technology co
"Shenzhen SafeSecure Medical Infection Control Tech Co., Ltd",True,True,100,shenzhen safesecure medical infection control tech co
"Shenzhen Sciarray Biotech Co., Ltd.",True,True,100,shenzhen sciarray biotech co
Shenzhen Seacrown Electromechanical Co Ltd,False,True,96,shenzhen seacrown electromechanical co
Shenzhen Shineyard Medical Device Company Limited,False,False,78,shenzhen tisenc medical devices co
"Shenzhen SINO-K Medical Technology Co., Ltd.",True,True,100,shenzhen sino k medical technology co
"Shenzhen SiSensing Co., Ltd.",True,True,100,shenzhen sisensing co
"Shenzhen SOGA Technology Co., Ltd.",False,False,82,shenzhen horb technology
"Shenzhen Sonosray Technology Co., Ltd.",False,False,83,m visioner technology shenzhen co
Shenzhen Viatom Technology Co Ltd,False,True,93,shenzhen viatom technolog co
"Shenzhen Jermei Medical Device Technology Co.,Ltd.",False,False,80,shenzhen plan medical technology development co
Shenzhen JetMay Care Limited,False,False,70,shenzhen finicare co  ltd
"Shenzhen Jumper Medical Equipment Co., Ltd.",False,True,95,shenzhen jumper medical equipment co ltd
"Shenzhen Keborui Electronics Co., Ltd",True,True,100,shenzhen keborui electronics co
Shenzhen Kentro Medical Electronics Co. Ltd.,False,True,91,shenzhen kentro medical electronics co ltd
Shenzhen Kingyield Technology Co. Ltd,False,False,80,shenzhen krinwave technology co
"Shenzhen Launch Electrical Co.,Ltd.",False,False,74,conmo electronic shenzhen） co ltd
"Shenzhen LEPU Intelligent Medical Equipment Co., Ltd.",True,True,100,shenzhen lepu intelligent medical equipment co
"Shenzhen Lifotronic Technology Co., Ltd.",True,True,100,shenzhen lifotronic technology co
"Shenzhen Lontek Electronic Technology Co., Ltd.",False,True,96,shenzhen lontek electronic technology
"Shenzhen Lvshiyuan Biotechnology Co.,Ltd.",False,True,95,shenzhen lvshiyuan biotechnology co
"Shenzhen MandeLab Co., Ltd.",True,True,100,shenzhen mandelab co
"Shenzhen MDERN Biotechnology Co., Ltd.",False,True,94,shenzhen derui biotechnology co
"Shenzhen Med-link Electronics Tech Co.,LTD.",False,False,84,shenzhen amydi med electrics tech co ltd
"ShenZhen Medek Bio-Medical Co., Ltd.",False,True,85,biotyx medical shenzhen co ltd
"Shenzhen Medke Technology Co., Ltd.",True,True,100,shenzhen medke technology co
"Shenzhen Medoo Medical Tech. Co., Ltd.",True,True,100,shenzhen medoo medical tech co
"Shenzhen Microprofit Biotech Co., Ltd",True,True,100,shenzhen microprofit biotech co
"Shenzhen Mindray bio-medical electronics, ltd",False,True,96,shenzhen mindray bio medical electronics co
Signature Dental Laboratory Ltd,False,False,64,laboratoire saint hugon
"Shenzhen Pacom Medical Instruments Co., Ltd.",False,True,89,shenzhen perfect medical instruments co
"Shenzhen Pango Medical Electronics Co., Ltd",True,True,100,shenzhen pango medical electronics co
"Shenzhen Perfect Medical Instruments Co., Ltd.",True,True,100,shenzhen perfect medical instruments co
"Shenzhen Proxinse Medical Technology Co., Ltd.",False,False,84,shenzhen narig bio medical technology co
"Shenzhen Prunus Medical Co., Ltd.",False,True,93,shenzhen prunus medical co ltd
"Shenzhen Prunus Medical Co., Ltd.",False,True,93,shenzhen prunus medical co ltd
"Shenzhen Purwell Medical Technology Co., Ltd",False,True,95,shenzhen purwell medical technology co ltd
"Shenzhen Raycome Health Technology Co., Ltd.",False,False,84,shenzhen rayform technology co
"Shenzhen Raysintone Technology Co., Ltd.",False,True,86,shenzhen rayform technology co
"Shenzhen RF Tech Co., Ltd.",True,True,100,shenzhen rf tech co
"Shenzhen SunnyGrand Healthcare Technology Co., Ltd.",False,False,76,shenzhen sinseng medical technology co
"Shenzhen SunnyGrand Healthcare Technology Co., Ltd.",False,False,76,shenzhen sinseng medical technology co
Shenzhen Superline Technology Co. Ltd.,False,True,95,shenzhen superline technology co
Shenzhen Tailored Medical Ltd.,False,False,83,simple medical shenzhen
"Shenzhen Tianyue Future Technology Co., Ltd",True,True,100,shenzhen tianyue future technology co
"Shenzhen Tisenc Medical Devices Co., Ltd.",True,True,100,shenzhen tisenc medical devices co
Shenzhen Tsingcare Medical Co. Ltd.,False,True,95,shenzhen tsingcare medical co
"Shenzhen Tuyou Medical Imaging Co.,Ltd",False,False,77,sunny medical device shenzhen co ltd
silver leaf dental laboratory,False,False,64,tin lok dongguan dental laboratory co
"Shenzhen Unicare Electronic Co., Ltd",False,False,78,shenzhen taijia electronics co ltd
"Shenzhen United Creative Plastic Mold & Electronics Co., Ltd.",True,True,100,shenzhen united creative plastic mold electronics co
"Shenzhen Urion Technology Co., Ltd.",False,True,87,shenzhen xufu technology co
"Shenzhen Urion Technology Co., Ltd.",False,True,87,shenzhen xufu technology co
"Shenzhen Viatom Technology Co., Ltd.",False,True,98,shenzhen viatom technolog co
"Shenzhen Vivolight Medical Device & Technology Co., Ltd.",True,True,100,shenzhen vivolight medical device technology co
"Shenzhen Watmind Medical Co., Ltd",False,True,90,shenzhen timi medical co
"ShenZhen Well.d Medical Electronics Co., Ltd.",True,True,100,shenzhen well d medical electronics co
"Shenzhen Wisonic Medical Technology Co., Ltd.",True,True,100,shenzhen wisonic medical technology co
"Shenzhen Xiangtong Co., Ltd.",False,True,91,shenzhen xiangtong co ltd
"Shenzhen XingyuanIi TechnoIogy Co., Ltd.",False,False,83,shenzhen wanjuyuan technology co
"Shenzhen Xinjisi Dental Lab Co., Ltd",False,False,74,shenzhen ubest dental co
"Shenzhen Xinwuzhou Dental Equipment Co., Ltd.",False,False,68,shenzhen delica medical equipment co
"Shenzhen Xpectvision Technology Co., Ltd.",True,True,100,shenzhen xpectvision technology co
"Shenzhen Xufu Technology Co., Ltd.",True,True,100,shenzhen xufu technology co
"Shijazhuang Hipro Biotechnolog Co., Ltd",False,True,92,shijiazhuang hipro biotechnology co ltd
"Shijiazhuang AOFEITE IMP & EXP Co., Ltd",False,True,94,shijiazhuang aofeite imp exp co ltd
"Shijiazhuang Hongray Group Co., Ltd.",True,True,100,shijiazhuang hongray group co
Shimadzu Corporation,True,True,100,shimadzu
"Shenzhen Viatom Technology Co., Ltd.",False,True,98,shenzhen viatom technolog co
"Shenzhen Yamind Medical Technology Co., Ltd.",False,True,88,shenzhen wisonic medical technology co
"SHENZHEN YATTLL INDUSTRY CO., LTD",True,True,100,shenzhen yattll industry co
"SHENZHEN YHLO BIOTECH CO., LTD.",True,True,100,shenzhen yhlo biotech co
"Shenzhen YuanHua Medical Equipment Technology Co., Ltd.",False,False,79,shenzhen tianlang medical equipment co
"ShenZhen ZhengKang Technology Co., Ltd.",True,True,100,shenzhen zhengkang technology co
"Shenzhen Zhimahuaerkai Technology Co., Ltd.",False,False,82,shenzhen zhengkang technology co
"Shenzhen Zhongkemingwang Telecommunications Software Corp., Ltd.",True,True,100,shenzhen zhongkemingwang telecommunications software corp
Shenzhenshihaofanwangluokejiltd,False,False,50,shenzhen sisensing co
Sheppey Lab Ltd,False,False,64,sleepify ab
SHERRING-LUCAS DENTAL LABORATORY LTD.,False,False,64,tin lok dongguan dental laboratory co
Sherwood Dental Laboratory,False,False,67,tody laboratories int srl
SHIELD Scientific B.V.,True,True,100,shield scientific
Tema Sinergie S.p.A,True,True,100,tema sinergie s p a
TEMPDROP LTD.,False,False,62,vepro
"Tempus AI, Inc.",False,False,67,limbus ai
Temrex Corporation,True,True,100,temrex
"Tenex Health, Inc,",False,True,86,tenex health
Tens Plus Industrial Company,True,True,100,tens plus industrial
Tenscare Ltd,True,True,100,tenscare
Teoxane S.A.,False,False,82,teoxane sa
TePe Oral Hygiene Products Ltd,False,False,83,pal hygiene products
Tepha Inc.,True,True,100,tepha
Terang Nusa Malaysia Sdn. Bhd.,True,True,100,terang nusa malaysia sdn bhd
The Denture Studio Ltd,False,False,65,studio pontet
SHIMADZU CORPORATION Medical System Division,False,False,67,suzhou lonwin medical system co
Shine Dental Care Ltd,False,False,73,cardex dental
Shine Dental Clinic Limited,False,False,67,itena clinical
Shine dental laboratory Ltd,False,False,69,laboratorios cosmodent s l
"Shinhung Co., Ltd.",True,True,100,shinhung co
Shinhung Company Ltd,False,False,84,shinhung co
"Shining 3D Tech Co., Ltd.",True,True,100,shining 3d tech co
Shire Controls Limited,True,True,100,shire controls
"Shire Human Genetic Therapies, Inc. (Shire HGT)",False,False,51,siemens shenzhen magnetic resonance
"Shockwave Medical, Inc.",True,True,100,shockwave medical
"Shockwave Medical, Inc.",True,True,100,shockwave medical
SHOFU INC,True,True,100,shofu
Shonaquip Social Enterprise Ltd,False,False,68,o3 enterprise srl
Shore Sight Ltd,False,False,78,r sight
Shotley Bridge Dental Care,False,False,60,dental advance sl
Shrewsbury Dental Laboratory Ltd,False,False,63,laboratorios cosmodent s l
Shrewsbury VE Ltd,False,False,56,security tex
Shukla Medical,False,False,81,solta medical
"Shunmei Medical Co., Ltd.",False,True,88,sun medical co
"Si-Bone, Inc.",True,True,100,si bone
Si-Flex Limited,False,False,71,flexior
SI&D (Aust) Pty Ltd,True,True,100,si d aust pty
SIC invent Sweden AB,True,True,100,sic invent sweden ab
SICAT GmbH & Co. KG,True,True,100,sicat gmbh co kg
"Sichuan AST Medical Equipment Co., Ltd",False,False,84,sichuan yufeng medical equipment co
SIDAM SRL,False,True,89,sinam srl
SIDAPHARM P.C.,False,False,73,sidapharm private
Sidly Sp.Z o.o.,False,False,81,seyb sp z o o
SIE Surgical Instrument Engineering,False,True,96,sie ag surgical instrument engineering
Siemens Healthcare Diagnostics Inc,True,True,100,siemens healthcare diagnostics
Siemens Healthcare Diagnostics Inc,True,True,100,siemens healthcare diagnostics
Siemens Healthcare Diagnostics Inc,True,True,100,siemens healthcare diagnostics
Siemens Healthcare Diagnostics Manufacturing Limited,False,False,82,siemens healthcare diagnostics products
Siemens Healthcare Diagnostics Products GmbH,True,True,100,siemens healthcare diagnostics products
Siemens Healthcare Diagnostics Products Limited,True,True,100,siemens healthcare diagnostics products
Siemens Healthcare GmbH,True,True,100,siemens healthcare
Siemens Healthcare Pvt. Ltd.,True,True,100,siemens healthcare pvt
"Siemens Medical Solutions USA, Inc",True,True,100,siemens medical solutions usa
"Siemens Medical Solutions USA, Inc, Molecular Imaging",False,False,72,siemens medical solutions usa
"Siemens Medical Solutions USA, Inc.",True,True,100,siemens medical solutions usa
Siemens Shanghai Medical Equipment Ltd.,True,True,100,siemens shanghai medical equipment
Siemens Shenzhen Magnetic Resonance Ltd.,True,True,100,siemens shenzhen magnetic resonance
Sifcon International plc,False,False,79,long stone international
SIFI S.p.A.,True,True,100,sifi s p a
Sifin Diagnostics GmbH,True,True,100,sifin diagnostics
Sight ltd,False,False,83,rxsight
Sight Sciences Inc.,False,False,71,strata skin sciences
"SightGlass Vision, Inc.",False,False,69,ebiga vision
Sightique Optic Supplies UK Limited,False,False,61,sigma medical supplies
Sigma Laborzentrifugen GmbH,False,False,57,starkey laboratories
Sigma-Aldrich Inc,False,False,61,sigmatech nordic aps
"SigmaStim Domestic, LLC",True,True,100,sigmastim domestic
Signature Ceramics,False,False,72,genetic signatures
Signature Dental Ceramics Ltd,False,False,68,axis dental sarl
Signature dental ceramics ltd,False,False,68,axis dental sarl
Signia GmbH,False,False,73,asiga
Signifier Medical Technologies Limited,True,True,100,signifier medical technologies
Signigene,False,False,67,ingeneron
SIGNUS Medizintechnick GmbH,False,False,82,sanitas medizintechnik
Sigowill Bio Meditech Limited,True,True,100,sigowill bio meditech
Sigvaris AG,True,True,100,sigvaris
Sigvaris AG,True,True,100,sigvaris
Sigvaris AG,True,True,100,sigvaris
Sigvaris Britain Limited,False,False,71,sigvaris sas
Sigvaris Inc,True,True,100,sigvaris
SIGVARIS S.A.,True,True,100,sigvaris
Sigvaris SAS,True,True,100,sigvaris sas
SIGVARIS SAS,True,True,100,sigvaris sas
siHealth Ltd,True,True,100,sihealth
"Sihong Surgitrac Co, Limited",True,True,100,sihong surgitrac co
Sikka International Ltd,False,False,84,kopek international
SILA TEKNOLOJİ VE SAGLIK A.S.,False,False,77,tesu saglik teknolojileri a s
SILC SpA,False,False,82,sipec spa
Silicol GmbH,True,True,100,silicol
Silicon Pharma Ltd,False,False,77,trion pharma
SILIMED - Indústria de Implantes Ltda,True,True,100,silimed indústria de implantes ltda
Silipos Holding LLC,False,False,76,tiptoe holding
Silk'n Beauty Ltd,True,True,100,silk'n beauty
Silony Medical GmbH,True,True,100,silony medical
Silony Medical Limited,True,True,100,silony medical
Silvalea Limited,True,True,100,silvalea
Silver and Rose,False,False,69,silver lake research
The Denture Suite Limited,False,False,63,the binding site ireland
SILVERFOX CORPORATION LIMITED,True,True,100,silverfox
Silverthornes Optical Ltd,False,False,70,transitions optical
Sim&Cure,False,False,75,curesign
Simai Co Ltd,False,False,80,simar
"SIMAI Co., Ltd.",True,True,100,simai co
Simcast Dental Laboratories Ltd,False,False,72,laboratorios cosmodent s l
Simed Global LTD,False,True,91,global med
Simeks Tibbi Urunler San. ve Tic. Ltd. Sti,True,True,100,simeks tibbi urunler san ve tic ltd sti
simex Medizintechnik GmbH,True,True,100,simex medizintechnik
Similisan AG,False,False,67,visibilia
Simmons Optometrists,False,False,62,osi optoelectronics
Simon Hicks & Tracy Hicks T/A Hicks Dental Laboratory,False,False,53,egj jonkers dental laboratorium jonkers
Simon Thomas Dental Ceramics,False,False,68,j b implant and dental ceramics
Simonsen & Weel A/S,True,True,100,simonsen weel a s
Simple Stuff Works Associates Ltd,False,False,64,implantech associates
Simplee Dental Ceramics,False,False,74,j b implant and dental ceramics
Simplify Orthotics LTD,False,False,67,zsm orthopedics
Simplivia Healthcare Ltd,True,True,100,simplivia healthcare
Simply Crown & Bridge.(J.& P.Reid),False,False,52,pkp bardejov s r o
Simply Dentures (West Midlands) Ltd,False,False,59,island polymer industries
Simply Private Ltd,False,False,71,sidapharm private
Simply Serve Limited,False,False,70,servmed srl
Simport Scientific Inc,False,False,80,semler scientific
SINAPI Biomedical (Pty) Ltd,True,True,100,sinapi biomedical pty
Sinclair France SAS,True,True,100,sinclair france sas
Sinclair Orthodontics Ltd,False,False,69,dentsply sirona orthodontics
"Sinclair Pharma US, Inc.",True,True,100,sinclair pharma us
Sinclair's Dental Laboratory,False,False,67,laboratorios cosmodent s l
"Single Pass, Inc.",True,True,100,single pass
SK dental design studio,False,False,73,mayclin dental studio
Sinmed Sp. z o.o.,False,False,84,polimed sp z o o
Sino Medical Sciences Technology Inc.,True,True,100,sino medical sciences technology
"Sino Medical-Device Technology Co., Ltd",True,True,100,sino medical device technology co
"Sinolinks Medical Innovation, Inc.",True,True,100,sinolinks medical innovation
SINOVO health solutions GmbH,True,True,100,sinovo health solutions
Sion Biotext Medical Ltd.,False,False,78,biotec medica sa
Sirius Medical Systems B.V.,True,True,100,sirius medical systems
Sirma Medical Systems JSC,False,False,84,ra medical systems
Sirona Dental Systems GmbH (Germany),False,False,76,sirona dental systems
"Sirona Dental, Inc.",False,False,80,union dental
Sirtex Medical Pty Ltd,True,True,100,sirtex medical pty
Sirys Ltd,False,False,62,surgiris
"SIS Ltd., Surgical Instrument Systems",False,True,99,sis ltd surgical instrument system
SIS Medical AG,True,True,100,sis medical
SISCO LATEX PRIVATE LIMITED,False,False,67,nebula surgical private
Sissel GmbH,True,True,100,sissel
SiSU Wellness Ltd,False,False,77,aura wellness
SiSU Wellness Pty Ltd,False,False,69,gtg wellness ra
Sivantos GmbH,True,True,100,sivantos
Six Gables Dental Practice Ltd,False,False,65,dental p s r l
Sixtem Life S.r.l,False,False,79,sapio life s r l
SIXTUS ITALIA,False,False,74,tressis italia
"Siyang Jaysun Medtech Co., Ltd",False,True,89,siyang jaysun medtech co ltd32
SJH Prosthetics,False,False,81,taska prosthetics
SJL Dental Studios,False,False,83,hall dental studio
Sjsoptical Ltd T/A Long Stratton Eyecare,False,False,57,tokai optical co ltd
sk dental,False,False,84,o s dental
"Skeletal Dynamics, Inc",False,False,70,medical dynamics a e
Skelton Dental Laboratory,False,False,68,tin lok dongguan dental laboratory co
Sky Chemicals (UK) Ltd,False,False,71,denka chemicals
Sky Dental Ceramics Ltd,False,False,69,cms dental
"Sky Medical Technology Limited, also trading as Firstkind Limited",False,False,66,xian livingbond medical technology co ltd
"Small Beginnings, Inc.",True,True,100,small beginnings
Small Business PLans Ltd T/A Posture Analysis Machine,False,False,50,alpler hastane malz paz ins dis tic ltd sti
Smartspec T/A Brosgill Opticians,False,False,55,bio optica milano s p a
Smartz Operations Pty Ltd,False,False,68,smart glove international pte
smile direct dental laboratory,False,False,67,no7 contact lens laboratory
Smile House Dental Practice,False,False,62,elysee dental supplies services
Smile Line SA,False,False,71,quick smile s l
Smileshape Ltd,False,False,67,smilesonica
Smilewide,False,False,63,millpledge
SML Med-Tech Solutions Ltd,False,False,78,tech life solutions
SMP Scientific Medical Products GmbH,True,True,100,smp scientific medical products
"Sociedad Espanola de Electromedicina y Calidad, S.A. (SEDECAL)",False,True,96,sedecal s a sociedad española de electromedicina y calidad s a
"Sociedad Espanola de Electromedicina y Caludad, S.A. (SEDECAL)",False,True,94,sedecal s a sociedad española de electromedicina y calidad s a
SOL Spa,False,False,80,arsol sa
Sol-Millennium Medical Inc.,True,True,100,sol millennium medical
Solway Crown & Bridge Ltd,False,False,61,bio micron sas
"Somatics, LLC",True,True,100,somatics
Somerhill Dental Practice Ltd,False,False,62,dental market srl
Somerset NHS Foundation Trust,False,False,58,foundation medicine
Sommar Ltd,False,False,73,comar
Somnics Inc,True,True,100,somnics
SomnoMed AG,False,True,93,sonomed
SomnoMed Philippines Inc.,True,True,100,somnomed philippines
SOMNOmedics AG,True,True,100,somnomedics
Skin Analytics Limited,True,True,100,skin analytics
Skin Life Analytics Ltd,False,True,85,skin analytics
Skins Sexual Health Ltd,False,False,71,linus health
SkinVision B.V.,False,False,83,skin vision bv
Skinwear Ltd,False,False,75,spineart
Skulle Implants Oy,True,True,100,skulle implants oy
Skultura Ltd,False,False,67,ulthera
"Sky Medical, a.s.",True,True,100,sky medical a s
Skydent a.s.,False,False,69,spofadental a s
SkyDent Dental Laboratory,False,False,67,laboratorios cosmodent s l
SkylineDx BV,False,False,73,sinomed bv
"Slater Endoscopy, LLC",False,False,75,shaili endoscopy
SLE Ltd,True,True,100,sle
SleepNet Corporation,True,True,100,sleepnet
SLK  VERTRIEBSGESELLSCHAFT mbH,False,False,79,bon optic vertriebsgesellshaft mbh
"SLK Medical Material (Tianchang) Co., Ltd.",False,False,72,shinchang medical co
SLMP LLC d.b.a. StatLab Medical Products,False,False,68,thr medical products sl
SMART Clinical Products BV,True,True,100,smart clinical products bv
Smart Dental Ceramics Ltd,False,False,76,axis dental sarl
Smart Medical Systems Ltd,False,True,90,srs medical systems
Smart Respiratory Products Ltd.,True,True,100,smart respiratory products
Smartbox Assistive Technology LTd,True,True,100,smartbox assistive technology
SMARTCANULA LLC,True,True,100,smartcanula
SMARTCARDIA SA,True,True,100,smartcardia sa
SmartCRUTCH Limited,False,False,73,smarttech oü
"SMARTEE ALIGNERS SPAIN, S.L",False,False,61,smart blood analytics swiss sa
SmartPractice,False,False,63,marpac
SMARTR Health,False,False,75,mint health
Smylio Inc,False,False,73,mybio
SMB Corporation of India,True,True,100,smb corporation of india
SMB CORPORATION OF INDIA,True,True,100,smb corporation of india
Smeg S.p.A,True,True,100,smeg s p a
Smera LTD,False,False,80,meyra
Smile,False,False,83,nusmile
SMILE AGAIN DENTAL LAB,False,False,65,heka dental a s
Smile Art Dental Studio,False,False,73,hall dental studio
Smile Dental Laboratory Ltd,False,False,69,laboratorios cosmodent s l
Smile Design Lab Ltd,False,False,76,enable design
Smile Design Ltd,False,False,76,we design
Smile Prosthetics,False,False,76,taska prosthetics
Smile Radiance Limited,False,False,69,simedice france
Smile Studio t/a Perfect Trays,False,False,61,studio tau s r l
Smile Time Dental Lab,False,False,67,global dental science
SMILE2IMPRESS S.L.,False,False,67,silimed s r l
Smilealot dental Laboratory LTD,False,False,67,no7 contact lens laboratory
SmileLux,False,False,67,nusmile
Smilemore Dental Care,False,False,68,mcd medical care dental
Smiles Better Dental Ltd,False,False,65,bms dental srl
Smiles Cosmetic Denture Clinic,False,False,59,clinical science systems
Smilex dental solutions,False,True,88,dsi dental solutions
Smileyscope Pty. Ltd.,False,False,57,synx sole pty
Smirthwaite ltd,True,True,100,smirthwaite
Smith & Nephew Medical Limited,True,True,100,smith nephew medical
Smith & Nephew Orthopaedics AG,True,True,100,smith nephew orthopaedics
Smith & Nephew Orthopaedics Limited,True,True,100,smith nephew orthopaedics
"Smith & Nephew, Inc.,",False,True,86,smith nephew
"Smith & Nephew, Inc., Endoscopy Division",False,False,58,smith nephew medical
Smiths Medical ASD Inc,True,True,100,smiths medical asd
Smiths Medical International Limited,False,False,83,medicoplast international
SMR Automotive Australia Pty Limited,True,True,100,smr automotive australia pty
SMT Swiss Microtechnology AG,False,False,73,winus technology co
"Snoring Relief Labs, Inc.",False,False,69,life norge as
Snowden Limited,False,False,71,neodent
Snowdent Healthcare Co Ltd,False,True,97,snowden healthcare
Snucone Co.Ltd,False,False,83,snucone co
SOCIALDIABETES Limited,False,False,65,abbott diabetes care
Sodel,True,True,100,sodel
Sofibel - Laboratoires Fumouze,False,False,68,laboratoire dumont et montet
SOFIC,False,False,73,sanofi
Sofradim Production,True,True,100,sofradim production
SOFT MEDICAL AESTHETICS,False,False,80,anaesthetic medical systems
Softcompress,False,False,70,compressana
SoftJump Limited,False,False,62,shofu
Software NemoTec S.L.,True,True,100,software nemotec s l
Software Team Srl,False,False,73,teranga software
SOL Group LAB srl,False,False,81,limas group srl
Sol-Millennium Medical Inc.,True,True,100,sol millennium medical
Sola Diagnostics GmbH,False,True,88,ilsa diagnostics
"Solaplus Biotech Co., Ltd.",False,False,76,soteria biotech co
"Solaris Medical Technology, Inc.",False,False,80,x nov medical technology
Solcom Limited,False,False,67,hocoma
Soleko S.p.A,True,True,100,soleko s p a
"Solta Medical, Inc.",True,True,100,solta medical
Soltec S.r.l,True,True,100,soltec s r l
Soluscope SAS,True,True,100,soluscope sas
Solushin Pty Ltd,False,False,72,synx sole pty
Solutions for Tomorrow AB,True,True,100,solutions for tomorrow ab
Solventum Germany GmbH,True,True,100,solventum germany
SOMATEX Medical Technologies GmbH,False,True,85,new medical technologies
SonarMed Inc,False,True,88,sonormed
Sonic Laboratories Ltd,False,False,83,lorne laboratories
Sophia Cura Ltd,False,False,70,curasonix
SOPHiA GENETICS,False,True,91,sophia genetics sa
Sophie Taylor-West Ltd,False,False,56,iditec north west s l
South Coast Dental Specialists Limited,False,False,68,apex es specialists s l
South Downs Dental Laboratory,False,False,73,tin lok dongguan dental laboratory co
South Eastern Health & Social Care trust,False,False,58,chargeurs healthcare solutions emea
South Leeds Dental Services.,False,False,76,elysee dental supplies services
South Molton Eyecare ltd,False,False,64,sunset healthcare solutions
South Tees Hospitals NHS Foundation Trust,False,False,59,bedford hospital bedfordshire hospitals nhs foundation trust
South Tees NHS Foundation Trust,False,False,55,true north international
South West Dental Clinics Limited,False,False,60,institut clinident
South West Optometrists T/A Robert Frith Optometrists,False,False,44,optotec optotechnischer gerätebau gmbh rathenow
South Western Dental Laboratory,False,False,62,tin lok dongguan dental laboratory co
Southampton Orthodontic Centre Ltd,False,False,66,dentsply sirona orthodontics
Southcote Dental Laboratories Ltd,False,False,71,e o laboratories
Southern Cross Dental Laboratories (UK) Ltd,False,False,70,laboratorios cosmodent s l
Southern Dental Laboratories Ltd,False,False,73,e o laboratories
Southern Scientific,True,True,100,southern scientific
Southern Seas (Nanhai) Trading Limited,False,False,61,krk ltd trading as anis dent
Southern Smiles Ltd,False,False,71,southern scientific
Southmedic Inc.,True,True,100,southmedic
Southport Dental Services,False,False,68,handi service sport
Southview Dental Care,False,False,65,cardex dental
Southwest Dental Laboratory,False,False,65,helena laboratories
"Southwest Technologies, Inc.",True,True,100,southwest technologies
Sovereign Dental Ceramics,False,False,69,ceramtec dentalvertriebs
SP Medical A/S,False,True,90,sky medical a s
Speciality Fibres and Materials Ltd,True,True,100,speciality fibres and materials
Spectrum Medical Ltd,True,True,100,spectrum medical
Spectrum Medical S.r.l.,False,True,86,spectrum medical europe s r l
Spectrum Mouthguards Ltd,False,False,61,spectrum medical
Sonam Navin Patel,False,False,59,ing pavel podešva
"Sonomed, Inc",True,True,100,sonomed
SONOSCANNER SARL,False,False,81,sonoscanner
SONOSCAPE MEDICAL CORP.,True,True,100,sonoscape medical
"Sonostar Technologies Co., Ltd.",False,False,81,manteia technologies co
Sonostar Technologies Ltd,False,False,81,systelab technologies
Sonova AG,True,True,100,sonova
Sonova UK Limited,False,False,80,sonova
Sony Corporation,True,True,100,sony
"SOOIL Development Co., Ltd.",True,True,100,sooil development co
SOPHYSA,True,True,100,sophysa
Sopro,True,True,100,sopro
SOPRO S.A.,True,True,100,sopro
SORIMEX sp. z o.o. sp. k.,True,True,100,sorimex sp z o o sp k
Sorin Group Italia S.r.l.,True,True,100,sorin group italia s r l
Söring GmbH,True,True,100,söring
SOS GROUP GBR LTD,False,False,76,sos group europe
SoterIQ Ltd,False,False,77,steris
"SoulSource Therapeutic Devices, Inc.",False,False,67,ark therapeutic services
Sound Foresight Technology Ltd,False,False,72,sunrise print technology co
South East Essex Prosthetics,False,False,65,ames medical prosthetic solutions sau
Southern Group Laboratory Ltd,False,False,75,optim group laboratory srl
Southern Implants UK Ltd,False,False,83,southern implants pty
SP Services (UK) Ltd,True,True,100,sp services uk
Spacelabs Healthcare Inc.,True,True,100,spacelabs healthcare
Spacelabs Healthcare Ltd,True,True,100,spacelabs healthcare
"Span America Medical Systems, Inc.",False,False,81,ge medical systems italia spa
Span Link International LLC,True,True,100,span link international
Spark Diagnostics LLC.,False,True,88,pearl diagnostics
SparMED ApS,False,False,76,caremed as
Spatz FGIA Inc,True,True,100,spatz fgia
SPD Swiss Precision Diagnostics GmbH,False,False,67,specific diagnostics
Spec-Care Ltd,False,False,74,lp care oe
Special Eyecare LTD,False,False,79,leica eyecare
Specialist Access and Rescue Products Ltd,False,False,62,groener special products
Specs of Kensington LTD,False,False,56,dentognostics
Specsavers Optical Superstores Limited,True,True,100,specsavers optical superstores
Specsure Opticians,False,False,69,ser optical
Spectopia Optics Ltd,False,False,65,special protectors co
"Spectral MD, Inc",False,False,81,spectral medical
Spectranetics Corporation - Brandin Court,False,False,67,spectranetics international
Spectranetics Corporation - Colorado Springs,False,False,58,spectranetics international
Spectro Analytic Irradia AB,True,True,100,spectro analytic irradia ab
Spectronic Medical AB,False,False,81,peptonic medical
Spectrum Dynamics Medical ltd,False,True,94,spectrum dynamics medical sa
"Speech Pathology Associates, LLC",False,False,71,implantech associates
Speed Care Mineral GmbH,True,True,100,speed care mineral
SpeeDx Ltd,False,False,80,spex
SpeeDx Pty Ltd,True,True,100,speedx pty
Spencer Italia Srl,False,False,82,pentaferte italia srl
Spengler SAS,True,True,100,spengler sas
Spentys,False,False,71,spident
Spes Medica,False,True,91,sps medical
Spex Ltd,True,True,100,spex
Sphere Health Innovations Ltd,False,False,79,vitae health innovation
Spierings Orthopaedics BV,False,True,94,spierings orthopaedics
SPIGGLE & THEIS Medizintechnik GmbH,False,False,78,rigler medizintechnik
Spident Co Ltd,True,True,100,spident
Spiegelberg GmbH & Co. KG,True,True,100,spiegelberg gmbh co kg
Spinks Speks Limited,False,False,58,spindial spa
"SPIO, Inc.",True,True,100,spio
Spire Bushey Hospital,False,False,65,cam hospital srl
SPRING PRODUKTIES BV,False,True,92,spring produkties
SPRINGLIFE MEDICAL B.V,True,True,100,springlife medical
SR Moors Ltd,False,False,71,mehos srl
SRA Developments Ltd,True,True,100,sra developments
"SRC Medical, Inc.",True,True,100,src medical
SRETT,False,False,67,florett
St Helens VE Ltd,False,False,67,hengst se
St Leonards Dental Practice,False,False,64,nuevos productos dentales s l
St. Jude Medical Costa Rica Ltda,False,False,68,hubei v medical products co ltd
"St. Shine Optical Co., Ltd.",False,True,90,st shine optical co ltd
STAAR Surgical Company,True,True,100,staar surgical
Stacey Dental Laboratory,False,False,69,starkey laboratories germany
Stafford Engineering Services Ltd,True,True,100,stafford engineering services
Stafford-Miller (Ireland) Limited,True,True,100,stafford miller ireland
STAK Orthopaedics Ltd,False,True,85,trx orthopaedics
Stamford VE Ltd,False,False,61,owen mumford
Stanbio Laboratory,False,False,78,phantom laboratory
"Standard Imaging, Inc.",True,True,100,standard imaging
STANHOPE DENTAL LABORATORY LTD,False,False,68,no7 contact lens laboratory
"Star Sports Medicine Co., Ltd.",True,True,100,star sports medicine co
Starch Medical Inc.,True,True,100,starch medical
"Starkey Laboratories, Inc. dba Starkey Hearing Technologies under the brand names Starkey, Paradigm, Audibel, AudioSync, Audika, VISAUDIO, ProAkustik, Silvertone, NuEar, MicroTech, KIND and TELEFUNKEN",False,False,35,aklab grup laboratuvar medi̇kal nakli̇ye ki̇mya i̇nşaat taahhüt sanayi̇ ve ti̇caret li̇mi̇ted şi̇rketi̇
Sussex Dental Design,False,False,70,dsi dental solutions
Spinal Kinetics LLC,True,True,100,spinal kinetics
Spinal Technology Inc,False,True,85,fesia technology
Spindial Spa,True,True,100,spindial spa
Spine Back Rack Ltd,False,False,61,black pearl vision
SPINE INNOVATIONS,False,True,85,sivan innovation
Spineart SA,True,True,100,spineart sa
Spineart UK Ltd,False,False,84,spineart
SpineGuardSA,False,False,70,spineart
Spire Fylde Coast Hospital,False,False,67,cam hospital srl
Spire Hull & East Riding Hospital,False,False,62,effebi hospital s r l
Spirit Digital Ltd,True,True,100,spirit digital
Splice Cast Ltd,True,True,100,splice cast
"Splintek, Inc.",True,True,100,splintek
Spm Medicare Pvt Ltd,True,True,100,spm medicare pvt
SpofaDental a.s.,True,True,100,spofadental a s
Sporlastic GmbH & Co. KG,False,False,80,bb sport gmbh co kg
SportoMed GmbH,False,True,94,sportmed
SPORTTAPE Ltd,True,True,100,sporttape
SprintRay Inc.,True,True,100,sprintray
"SPRO Medical Products (Xiamen) Co., Ltd",False,False,80,puritan medical products
"SPRO Medical Products (Xiamen) Co., Ltd",False,False,80,puritan medical products
"SPRO Medical Products (Xiamen) Co., Ltd",False,False,80,puritan medical products
Sproston & Bowden Opticians Ltd,False,False,62,vision one optics
Spylaw LTD t/a Moira Dental Care,False,False,65,mcd medical care dental
Square 1 Dental Studio,False,False,75,hall dental studio
Squirrel Medical Ltd,False,False,81,qur medical
SR Dental Laboratory,False,False,74,laboratorios cosmodent s l
The Digital Lab,False,False,67,aldeal lab tech
Sri Trang Gloves (Thailand) Public Company Limited,True,True,100,sri trang gloves thailand public
"SS White Burs, Inc.",True,True,100,ss white burs
SSI Diagnostica A/S,True,True,100,ssi diagnostica a s
St Albans Orthodontics,False,False,76,db orthodontics
St Andrew Street Dental Practice,False,False,62,anees dental instrument
St Andrews Medical Innovations Limited,True,True,100,st andrews medical innovations
St George Technology Ltd,False,False,80,gemore technology co
St Georges Road Dental Laboratory,False,False,69,tin lok dongguan dental laboratory co
St Georges Xtrade Ltd,False,False,62,gerdent trading
St Helens Dental Laboratory,False,False,70,helena laboratories
St Michaels Orthodontics,False,False,76,american orthodontics
St Ninian House Treatment Rooms (Doctor Denture LTD),False,False,48,wuhan nanodiagnosis for health biotechnology co ltd
St. George's Healthcare NHS Trust,False,False,68,sc cortec healthcare srl
St. Jude Medical,True,True,100,st jude medical
St. Jude Medical,True,True,100,st jude medical
St. Jude Medical,True,True,100,st jude medical
St. Jude Medical,True,True,100,st jude medical
St. Jude Medical,True,True,100,st jude medical
St. Jude Medical,True,True,100,st jude medical
St. Jude Medical Cardiac Rhythm Management Division,False,False,61,medical device management
Starface World Inc.,False,False,61,bsafe lda
Stel Orthopedie B.V.,True,True,100,stel orthopedie
STELLA Kunststofftechnik GmbH,True,True,100,stella kunststofftechnik
Stellar Lasers LLC,True,True,100,stellar lasers
Stephens Instruments,False,False,81,stone instruments
SteriLance Medical(Suzhou) Inc.,False,False,78,sandstone medical suzhou
"Sterile Service Department, Shrewsbury & Telford Hospitals NHS Trust",False,False,47,prohs equipamento hospitalar e serviços associados
Sterile Services Department North Cumbria Integrated Care NHS Foundation Trust,False,False,50,hunan nine stars intelligent medical equipment
STARmed  CO LTD,True,True,100,starmed
Starpharma Pty Ltd,False,False,72,pari pharma
Starr Frame LLC,False,False,72,sunstar france
Statcorp Medical,False,False,83,starc medical
"STE Pharmaceuticals, S.L.U.",True,True,100,ste pharmaceuticals s l u
Stealth Products LLC,False,False,76,sage products
steco-system-technik GmbH & co. KG,False,False,72,silikon technik siltec gmbh co kg
Steelco S.p.A,True,True,100,steelco s p a
Steering Developments Ltd,False,False,81,sra developments
Steets GmbH,False,False,71,stereotaxis
STEMA Medizintechnik GmbH,True,True,100,stema medizintechnik
StemC Biyoteknoloji A.Ş.,False,False,69,red cell biyoteknoloji a s
STEMCELL Technologies Canada Inc.,True,True,100,stemcell technologies canada
STEMCIS,True,True,100,stemcis
Stephen Green Dental Studio,False,False,67,hall dental studio
Stephen Lander Dental Designs Ltd,False,False,62,smd dent dr stephan gruner
Stephen Lusty,False,False,64,stephen rowe
Stephen Taylor Opticians,False,False,61,stelu optics
Stephen Vincent Dental Ceramics Lab Ltd,False,False,61,shenzhen silverstone dental lab
StepOne Fertility Ltd t/a Béa Fertility,False,False,53,mim fertility sp z o o
Stepper (UK) Limited,False,False,60,suntech uk
Steps Consulting Ltd,False,True,85,sensus consulting
Steps Prosthetics Ltd,False,False,76,taska prosthetics
"Stereotaxis, Inc",True,True,100,stereotaxis
Stergioulas Vasileios & CO L.P.,False,False,54,de rigo vision s p a
Steri-pod Limited,False,False,74,prostperia
STERICON PHARMA PVT LIMITED,False,True,90,stericon pharma pvt ltd
Sterifast - Sterilization & Disinfection Systems Lda.,True,True,100,sterifast sterilization disinfection systems lda
Sterify SRL,False,False,75,sterify s r l
Sterilab Services Ltd.,False,False,71,bioservice srl
"Sterile Services Department, Cambridge University Hospitals, NHS Foundation Trust",False,False,50,bedford hospital bedfordshire hospitals nhs foundation trust
Sterile Supplies Ltd,False,False,71,nordic supplies
SterileCare Inc.,True,True,100,sterilecare
Sterilin Ltd,True,True,100,sterilin
SteriPack Medical Poland Sp. z o.o.,False,False,75,ge medical systems polska sp z o o
SteriPack USA Limited,False,False,82,steripack
STERIS Canada ULC,False,False,74,orthopediatrics canada ulc
STERIS Corporation,True,True,100,steris
STERIS Corporation,True,True,100,steris
STERIS Corporation,True,True,100,steris
STERIS Corporation,True,True,100,steris
STERIS IMS Ltd,True,True,100,steris ims
STERIS SAS,False,False,82,sterimed sas
Sterisets International B.V.,True,True,100,sterisets international
Sterisets Manufacturing S.A.,False,False,78,theo manufacturing
"Sterisil, Inc",True,True,100,sterisil
Sterling Ceramics Dental Laboratory Ltd,False,False,64,tin lok dongguan dental laboratory co
Stiplastics,True,True,100,stiplastics
Stockert GmbH,True,True,100,stockert
Stockport NHS Foundation Trust,False,False,56,true north international
Straights,False,False,67,steris
"Stratus Medical, LLC",False,True,90,straub medical
Straub Medical AG,True,True,100,straub medical
Strauss & Co. Industrial Diamonds Ltd,True,True,100,strauss co industrial diamonds
Strongback Mobility AG,True,True,100,strongback mobility
Sutherland Associates Limited,False,False,69,tcm associates
Sterimed s.r.o.,True,True,100,sterimed s r o
Sterimedix Ltd,True,True,100,sterimedix
STEROPLAST HEALTHCARE LTD,True,True,100,steroplast healthcare
StethoMe Sp. z o.o.,True,True,100,stethome sp z o o
Steve Butler Dental Ceramics Ltd,False,False,64,j b implant and dental ceramics
Steve Mayer Opticians,False,False,61,stelu optics
Stevenage VE Ltd,False,False,57,sterigene
Stiegelmeyer GmbH & Co. KG,True,True,100,stiegelmeyer gmbh co kg
Stihler Electronic GmbH,True,True,100,stihler electronic
STILL & BEDFORD FERNDOWN LTD,False,False,52,bio si international srl
Stille AB,True,True,100,stille ab
Stimuli Technology,True,True,100,stimuli technology
Stoddard Manufacturing Company Ltd,True,True,100,stoddard manufacturing
Stoke Dental Laboratory (S-O-T) Ltd,False,False,71,baltic laboratory systems oü
Store Holdings Pty Ltd trading as Medichill,False,False,71,"integral systems pty ltd trading as ""cirrus medical"""
Storm ID,False,False,67,fid srl
Storz & Bickel GmbH,True,True,100,storz bickel
STORZ MEDICAL (UK) LIMITED,False,True,90,storz medical
Storz Medical AG,True,True,100,storz medical
Stowood Scientific Instruments LTD,True,True,100,stowood scientific instruments
Stradbrook Dental & Implant Clinic,False,False,68,adin dental implant systems
Straight Smile LLC trading as Byte,False,False,57,allmobility trading
Stranraer Dental Laboratory Ltd,False,False,65,laboratory thoscane
Strapit Medical & Sports Supplies Pty Ltd,False,False,67,sigma medical supplies
Stratasys Ltd.,True,True,100,stratasys
Stratec Consumables GmbH,False,False,62,continuum plus sante
Stratec Medizintechnik GmbH,True,True,100,stratec medizintechnik
STRATEC SE,False,False,70,santec ois
Stratford Dental,False,False,71,tdv dental ltda
Stratford Upon Avon Optical Limited,False,False,61,transitions optical
Sychem Surgical Ltd,True,True,100,sychem surgical
Stratos MedTech Pty Ltd,True,True,100,stratos medtech pty
Stratpharma AG,True,True,100,stratpharma
Streatfield Dental Surgery,False,False,63,tiger dental
Streck Inc.,True,True,100,streck
Street Farm Dental Studio,False,False,70,hall dental studio
Streifeneder ortho.production GmbH,True,True,100,streifeneder ortho production
Strena Medical S.R.L.,False,False,83,medical systems s r l
StrideOn Limited,False,False,71,sterigene
Strolll Limited,True,True,100,strolll
Strom Holdings LLC,False,True,90,strom holdings uk
Strong Biotech Corporation,True,True,100,strong biotech
"Stryker Endoscopy, a division of Stryker Corporation",False,False,54,microcopy a division of neo flo
Stryker GmbH,True,True,100,stryker
"Stryker Instruments, a division of Stryker Corporation",False,False,59,maillefer instruments holding sàrl
"Stryker Instruments, Portage, A Division of Stryker Corporation",False,False,56,intensa trženje in storitve d o o
Stryker Leibinger GmbH & Co. KG,True,True,100,stryker leibinger gmbh co kg
"Stryker Medical, a division of Stryker Corporation",False,False,68,amel medical division srl
"Stryker Neurovascular, a division of Stryker Corporation",False,False,66,stryker neurovascular
"Stryker Spine, a division of Stryker Corporation",False,False,55,synergy spine solutions
Stryker Trauma GmbH,True,True,100,stryker trauma
STS Medical Group AD,True,True,100,sts medical group ad
STT SAGLIK URUNLERI TASARIM VE TEKNOLOJILERI SAN VE TIC A.S,False,False,66,karmed saglik urunleri̇ san ve tic ltd sti
Studio G Lab Ltd,False,False,76,lio g lab
Studio3 Dental Laboratory Ltd,False,False,70,hall dental studio
Studioemme SAS,False,False,69,sterimed sas
Style and Vision,False,False,71,ofd vision sprl
Style Eyes Ltd,False,False,74,new style
Stryker Communications Inc.,True,True,100,stryker communications
Stuart and Gunning LTD.,False,False,59,standard imaging
Studio 8 Digital Laboratory,False,False,65,laboratorios inibsa
Suffolk Orthdontic Practice,False,False,64,reliance orthodontic products
Sun Nuclear Corp.,True,True,100,sun nuclear
Sun Nuclear Corporation,True,True,100,sun nuclear
Sunflower Medical Ltd,True,True,100,sunflower medical
SungKwang Meditech Co Ltd,False,True,92,sungkwang meditech co
"SUNKISS HEALTHCARE (ZHEJIANG) CO., LTD.",True,True,100,sunkiss healthcare zhejiang co
SunLife Science (Suzhou) Inc.,False,False,62,suzhou sunmed co ltd
Sunlight Medical Inc,False,False,84,renight medical
SunMed LLC.,False,False,77,sonomed
"Sunny Medical Device (Shenzhen) Co., Ltd.",False,True,94,sunny medical device shenzhen co ltd
Sunoptic International Ltd.,True,True,100,sunoptic international
"Sunoptic Technologies, LLC",False,False,84,diagnoptics technologies
Support to Rise Ltd,True,True,100,support to rise
Supportec B.V.,False,False,78,sport tec
SUPRACOR,True,True,100,supracor
SUPROBION Sp. z.o.o.,False,False,77,urgo sp z o o
Surgical Appliances,True,True,100,surgical appliances
Surgical Dynamics Ltd,False,False,76,american surgical
"Surgilūm, LLC",False,False,71,surgiwell
Surgimax Instruments,True,True,100,surgimax instruments
Surgimax Instruments Ltd,True,True,100,surgimax instruments
SurgiNovi,False,True,94,surginov
Sussex Pathology Limited,False,False,69,themis pathology
"Suzhou Huanqiu Acupuncture Medical Appliance Co., Ltd.",True,True,100,suzhou huanqiu acupuncture medical appliance co
"Su Biyomedikal Sistemler ve Saglik Hizmetleri San, ve Tic A.S",False,False,78,su biyomedikal sistemler ve sağlık hizmetleri sanayi ve ticaret anonim şirketi
Su Biyomedikal Sistemler ve Sağlık Hizmetleri San. ve Tic. A. Ş.,False,True,87,su biyomedikal sistemler ve sağlık hizmetleri sanayi ve ticaret anonim şirketi
"Subtle Medical, Inc.",False,True,86,stöpler medical
Sudimplant,True,True,100,sudimplant
Sue Johnston Lab Ltd,False,False,60,john weiss son
Sugarfox LLC,False,False,62,sarco
"Sugentech, Inc.",False,True,88,ugentec
SUISSELLE SA,True,True,100,suisselle sa
Sukhi Eyes Limited,False,False,67,eyeol uk
Sumed International (UK) Ltd,True,True,100,sumed international uk
Sumi spółka z ograniczoną odpowiedzialnością sp.k.,False,True,88,sumi spółka z ograniczoną odpowiedzialnością spółka komandytowa
"Sumitomo Bakelite Co., Ltd.",False,False,59,elite bags s l
Summit Medical LLC,True,True,100,summit medical
Summit Medical Ltd,True,True,100,summit medical
Sun Dental Laboratories UK Ltd,False,False,73,laboratorios cosmodent s l
"Sun Medical Co., Ltd.",True,True,100,sun medical co
Sunrise Medical Limited,True,True,100,sunrise medical
Sunrise Medical Ltd,True,True,100,sunrise medical
Sunrise Orthodontic and Paediatric Dentistry Ltd,False,False,58,dentsply sirona orthodontics
Sunrise SA,False,False,73,suisselle sa
Sunsmed Protective Products Ltd.,True,True,100,sunsmed protective products
SunTech UK Ltd,True,True,100,suntech uk
"Super Health Medical (Qingdao) Co., Ltd.",False,True,94,super health medical qingdao co ltd
Super Splint Ltd,False,False,70,splintek
Superchromic Eyewear Limited,False,False,69,mercury eyewear
Superior Dental Ceramics,False,False,67,ceramtec dentalvertriebs
Superior Smiles,False,False,71,superior balance
SUPERSONIC IMAGINE,True,True,100,supersonic imagine
Sure Dent Corporation,True,True,100,sure dent
Sure Health & Beauty Ltd,False,False,84,health beauty
Sure Universal Ltd,True,True,100,sure universal
SurePulse Medical Limited,True,True,100,surepulse medical
Surescreen Diagnostics Ltd,True,True,100,surescreen diagnostics
Surestep LLC,True,True,100,surestep
Suretex Ltd,True,True,100,suretex
"Surface Medical, Inc.",False,True,86,surag medical
SurgEase Innovations Ltd,True,True,100,surgease innovations
Surgebright GmbH,True,True,100,surgebright
Surgical Innovations Ltd,True,True,100,surgical innovations
Surgical Specialties Mexico S DE R.L DE C.V.,False,False,75,steris mexico s de r l de c v
Surgical Sutures Private Limited,True,True,100,surgical sutures private
Surgical Tables Inc,False,False,73,biosurgical s l
SURGICON AG,True,True,100,surgicon
Surgicrafts,True,True,100,surgicrafts
SURGIDENT INSTRUMENTS,False,False,83,surgimax instruments
Surgifab Trading Corp,False,False,71,taiwan surgical
Surgikare,False,False,78,surgistar
Surgins Surgical Limited,False,False,77,win'up surgical
Surgistar Inc,True,True,100,surgistar
Surgistar Inc,True,True,100,surgistar
"Surgnova Healthcare Technologies (Zhejiang) Co., Ltd",True,True,100,surgnova healthcare technologies zhejiang co
Surrey & Sussex NHS Trust,False,False,51,rescue trade ohg
Surtex Instruments Ltd,True,True,100,surtex instruments
Survival Services Pty Ltd,False,False,67,peters surgical
Susan Wright Ltd,False,False,67,treasure wright
Sussex Biologicals Ltd,True,True,100,sussex biologicals
Sutter Medizintechnik GmbH,True,True,100,sutter medizintechnik
Sutton Coldfield VE Ltd,False,False,59,stretton online
Suzanne Dennis Optometrist Limited,False,False,54,softcompress dennis ptasik
"SuZhou Emy Medical Supplies Co., Ltd",False,False,79,suzhou carelogue medical supplies co
"SUZHOU EVERNEW INTELLIGENT TECHNOLOGY CO. LTD,",False,False,75,suzhou yidaibao intelligent technology co
"Suzhou Frankenman Medical Equipment Co., Ltd.",False,False,79,taizhou kangjian medical equipments co
Suzhou Guanhua Paper Factory,False,False,54,suzhou sunmed co ltd
"Suzhou GZM Medical Co., Ltd",True,True,100,suzhou gzm medical co
"Suzhou Health Plastic Products Co.,Ltd",False,True,90,suzhou health medical plastic products co
"Suzhou Helmen Precision Instruments Co.,Ltd",False,True,98,suzhou helmen precision insturments co ltd
"SUZHOU IDEAL MEDICAL CO., LTD.",True,True,100,suzhou ideal medical co
Suzhou Junwei Medical Equipment Co Ltd,False,False,74,suzhou minhua medical equipment co
"SUZHOU KD INTELLIGENT DEVICE CO., LTD.",False,True,94,suzhou kd intelligent device co ltd
Suzhou Lantex Medical Technology Company Limited,True,True,100,suzhou lantex medical technology
Suzhou Leapmed Healthcare Corporation,True,True,100,suzhou leapmed healthcare
"Suzhou Letai Medical Technology Co.,Ltd",False,True,90,kanghui medical technology suzhou co ltd
"Suzhou Master Machinery Manufacturing Co.,Ltd",False,True,95,suzhou master machinery manufacturing co
Suzhou medical appliance factory,True,True,100,suzhou medical appliance factory
Suzhou MedSport Products Co Ltd,False,True,87,suzhou medsport products co ltd
"Suzhou Microclear Medical Instrument Co., Ltd.",False,True,86,suzhou ramo medical instrument co
"Suzhou Microclear Medical Instruments Co., Ltd.",False,True,85,suzhou ramo medical instrument co
"Suzhou Molarray Co., Ltd.",False,False,71,maquet suzhou co
"Suzhou Silvan Medical Device Co., LTD",True,True,100,suzhou silvan medical device co
Technical Service Consultants Ltd,True,True,100,technical service consultants
"SUZHOU PEAKSONIC MEDICAL TECHNOLOGY CO.,LTD.",True,True,100,suzhou peaksonic medical technology co ltd
"Suzhou Shenlong Medical Apparatus Co., Ltd.",False,False,78,suzhou kyuan medical apparatus co
Swann-Morton Ltd,True,True,100,swann morton
Swisslastic Ag St. Gallen,False,False,65,galena saglik san ve tic a s
SwissLens SA,True,True,100,swisslens sa
Symbios Orthopedie SA,False,False,68,seaspine orthopedics
Symbios UK Ltd,False,False,63,biomet uk
Symmetric Designs Limited,False,False,71,mega optic design
Synergie Nederland BV,False,True,92,synergie nederland
Synovis Micro Companies Alliance Inc,False,False,57,global alliance s r l
Sysmex Inostics GmbH,False,False,73,imspex diagnostics
T.A.G Medical Products Corporation Ltd,False,False,84,utah medical products
"Taewoong Medical Co., Ltd",True,True,100,taewoong medical co
TAFS PRODUCTS LTD,False,False,77,sage products
"TaianDalu Medical Instrument Co., Ltd",False,True,86,taian dalu medical instrument co
TaiDoc Technology Corp,True,True,100,taidoc technology
"Taijia Medical Electronics(Shenzhen) Co., Ltd",False,True,89,shenzhen taijia electronics co ltd
Taiwan Advance Nanotech Inc.,False,False,67,gynetech advance
Taiwan Main Orthopaedic Biotechnology Co Ltd,True,True,100,taiwan main orthopaedic biotechnology
Taiwan Surgical Corporation,True,True,100,taiwan surgical
"TAIZHOU BOYING OPTICAL GLASSES CO., LTD.",True,True,100,taizhou boying optical glasses co
Taizhou Branch of Shanghai Yingdu Industry Co. Ltd,False,False,66,shanghai warmyou industry co
Taizhou Jiaojiang Rongteng Glasses Factory,False,False,69,taizhou jiahe glasses co ltd
Taizhou Jiaojiang Yingfei Glasses Factory,False,False,68,taizhou tianhe optical glasses co
TEAC Corporation,False,False,75,tacx
"SUZHOU SUNING UNDERPAD CO., LTD",False,False,58,guangzhou linmed medical co
"Suzhou Sunmed Co., LTD",False,True,89,suzhou sunmed co ltd
"Suzhou Sweetrich Vehicle Industry Technology Co., LTD.",False,False,70,wenzhou shengkai technology industry co
"Suzhou TianLong Biotechnology Co., Ltd.",True,True,100,suzhou tianlong biotechnology co
"Suzhou Youbetter Medical Apparatus Co., Ltd.",False,False,77,suzhou kyuan medical apparatus co
"Suzhou Yudu Medical Co., Ltd.",False,True,87,youshi medical suzhou co
"Suzhou Yuyue Medical Technology Co., Ltd.",False,True,87,xukang medical technology suzhou co
Svar Life Science AB,False,False,77,endra life sciences
SVENSKA DENTORAMA AB,True,True,100,svenska dentorama ab
Swansea Bay University Health Board,False,False,55,heart for health
Sweden & Martina Ltd,False,False,82,sweden martina s p a
Sweden & Martina S.p.A.,True,True,100,sweden martina s p a
Swemac Innovation AB,True,True,100,swemac innovation ab
Swift Dental Laboratory Ltd,False,False,69,laboratorios cosmodent s l
Swindon Dental Laboratory Ltd,False,False,71,open mind laboratory
Swiss Beauty AG,False,False,72,silk'n beauty
Swiss Cottage VE Limited,False,False,62,contrad swiss sa
Swiss Footcare Laboratories,False,False,71,biostar laboratorios slu
Swiss Motion Technologies SA,False,False,79,bmotion technologies
Swissmeda AG,True,True,100,swissmeda
SWL Medizin GmbH,False,False,73,medivis srl
SWORD Health S.A.,True,True,100,sword health
"Sword Health UK, Ltd",False,True,89,sword health
Sword Xiantao Disposable Protective Products Factory,True,True,100,sword xiantao disposable protective products factory
Syantra Inc,False,False,71,scantra ab
SycoTec GmbH & Co. KG,False,True,86,protec gmbh co kg
Sylphar nv,True,True,100,sylphar nv
SYMATESE SAS,True,True,100,symatese sas
Symmetry Surgical Inc.,True,True,100,symmetry surgical
"Synapse Biomedical, Inc",False,True,88,yasee biomedical
Synaptive Medical Inc.,True,True,100,synaptive medical
"SynCardia Systems, LLC",False,False,71,f care systems
Synchronicity Care Limited (SCL) Trading as CDD Services,False,False,53,glaxosmithkline trading services
Syncrophi Systems Ltd.,False,False,74,hi systems
Syndi LTD,False,False,75,sdi
Synerception Ltd,True,True,100,synerception
"Synergetics, Inc.",True,True,100,synergetics
"SynergEyes, Inc.",False,False,76,synergetics
"Synergy Biomedical, LLC",False,True,90,synergy biomedical s l
Synergy Ceramics,False,False,67,fine art ceramics
Synergy Dental Laboratory (2009) Ltd,False,False,61,laboratorios cosmodent s l
Synergy Health (UK) Ltd,False,False,71,nume health ug
Synergy Spine Solutions Inc.,True,True,100,synergy spine solutions
SynergyLMS,False,False,67,synergetics
Synimed,False,True,86,yanimed
Synopsys (Northern Europe) Ltd.,True,True,100,synopsys northern europe
Synoptics Ltd,False,False,74,thinoptics
"Synovis Life Technologies, Inc. trading as Baxter St. Paul",False,False,66,synovis life technologies inc a subsidiary of baxter international inc
Synovis Micro Companies Alliance Inc,False,False,57,global alliance s r l
"Syntermed, Inc.",True,True,100,syntermed
SYNTHES GMBH,True,True,100,synthes
"Synthesia, a.s.",True,True,100,synthesia a s
SyntheticMR AB,True,True,100,syntheticmr ab
TECHLE LTD,False,False,77,techlab
Synthon Hispania S.L.,True,True,100,synthon hispania s l
Syntropiq s.r.o,False,False,83,syntrial s r o
Syqe Medical Ltd.,True,True,100,syqe medical
"SysMed (China) Co., Ltd",True,True,100,sysmed china co
Sysmex Astrego AB,True,True,100,sysmex astrego ab
SYSMEX CORPORATION,True,True,100,sysmex
Sysmex Europe SE,True,True,100,sysmex europe se
Sysmex Partec GmbH,False,False,72,sysmex españa
SYSNAV SAS,False,False,67,sonalto sas
Systagenix Wound Management Limited,True,True,100,systagenix wound management
SYSTEM ASSISTANCE MEDICAL SAS,False,False,79,advanced medical systems sl
System C Healthcare Limited,True,True,100,system c healthcare
T & J DENTAL LABORATORY LTD,False,False,69,tin lok dongguan dental laboratory co
T C UCER LTD,False,False,62,lucem co
T F Dental Prosthetics Ltd,False,False,68,ifit prosthetics
T-BİYOTEKNOLOJİ LABORATUVAR  ESTETİK MEDİKAL  KOZMETİK SAN.  VE TİC. LTD. ŞTİ.,False,True,98,t bi̇yoteknoloji̇ laboratuvar esteti̇k medi̇kal kozmeti̇k san ti̇c ltd şti̇
T. D. L. (UK)  LTD.,False,False,67,suke d o o
T.A. Gardner Dental Lab,False,False,65,gardner denver srl
T.D.Ceramics Ltd,False,False,67,ceramisys
T.P.R.Dental Prosthetics.,False,False,68,molteni dental s r l
"T&L Co., Ltd.",False,False,77,ltek co
T&S Eye Care Management AG,False,False,70,management estate s r l
T&T Devices Limited,False,False,78,tnmc devices
T2 Biosystems Inc,True,True,100,t2 biosystems
"T2 Biosystems, Inc.",True,True,100,t2 biosystems
T2 Corporation Limited,False,False,67,tk25
"TacMed Solutions, LLC",False,True,86,traumamed solutions
Tactical Stitch,False,False,62,astric medical
Technical & General ltd,False,True,89,technical and general
"Taizhou Kangjian Medical Equipment Co., Ltd.",False,True,99,taizhou kangjian medical equipments co
Talar-Made Limited,False,False,70,megadental
"Tangshan Hongyun Healthcare Products Co., Ltd.",False,True,95,tangshan hongyun healthcare products co ltd
"TANGSHAN ZHENGTONG EXHIBITION CO., LTD.",False,False,60,shenzhen xiangtong co ltd
TANITA Corporation,True,True,100,tanita
TARA Health,False,False,82,nyra health
Tarry Medical Products Inc,True,True,100,tarry medical products
Taryag Medical Ltd,False,True,86,narang medical
"Taska Prosthetics, Ltd.",True,True,100,taska prosthetics
Tasler Dental Laboratory,False,False,68,laboratorios cosmodent s l
"Tasso, Inc.",True,True,100,tasso
Tata Surgical (Pvt.) Ltd.,True,True,100,tata surgical pvt
Tattoo Spray Ltd,True,True,100,tattoo spray
Taumedika S.r.l.,False,True,85,taumediplast s r l
Taunton VE Ltd,False,False,62,vhmed nantong co
Taverham Dental Health Clinic,False,False,62,critical healthcare
TavTech Ltd.,True,True,100,tavtech
TayCare Medical Ltd,False,False,83,tracoe medical
Taylor Dental Laboratory Ltd,False,False,67,no7 contact lens laboratory
Taylor Dental Technology Centre,False,False,73,beever dental technology
Taylor-West Optical Ltd,False,False,63,cs optical s r o
TBM Corporation,True,True,100,tbm
TBM Corporation,True,True,100,tbm
TCM Associates Ltd,True,True,100,tcm associates
TCS Biosciences Ltd,False,False,84,twist bioscience
tecfor care GmbH,False,False,78,care comfort
Tech 39 Laboratory Ltd,False,False,71,laboratoires théa
Techceram Technology Centre Ltd,False,False,71,crscam technologhy
Techdent Prosthetics Ltd,False,False,70,pro tech services
"TECHLAB, Inc.",True,True,100,techlab
"Taizhou Kangjian Medical Equipments Co.,Ltd",False,True,95,taizhou kangjian medical equipments co
"Taizhou Kangping Medical Science And Technology Co., Ltd.",False,True,96,taizhou kangping medical science and technology co ltd
"Taizhou Ningxin Network Technology Co., Ltd.",False,False,70,hangzhou bio gener technology co
"Taizhou Reach Technology Co., Ltd.",False,False,79,tai saw technology co
"Taizhou Reach Technology Co.,Ltd.",False,False,74,suzhou beyo medical technology co ltd
"Taizhou Zhonghai Trading Co., Ltd.",False,False,65,wenzhou kaimu trading co ltd
"Taizhoushi Shanhaizhihe Technology Co., Ltd",False,False,69,ibrite suzhou technology co
"Takagi Seiko Co., Ltd.",False,True,89,takagi seiko
Takara Belmont Corp.,True,True,100,takara belmont
"Takara Bio USA, Inc.",False,False,64,takara belmont
Takeda Pharmaceuticals U.S.A. Inc.,True,True,100,takeda pharmaceuticals u s a
Taliaz Ltd,False,False,67,ukalia
Talladium Espana S.L.,False,True,97,talladium españa s l
Talley Group Ltd.,True,True,100,talley group
Talshir Guy Medical Technologies Ltd,True,True,100,talshir guy medical technologies
Tampon Innovations Ltd,False,False,80,young innovations
TAMWORTH HEALTHCARE SERVICES LIMITED,False,False,73,linkcare health services sl
Tamworth VE Ltd,False,False,60,arthroven
TAN SIN LIAN INDUSTRIES SDN. BHD.,True,True,100,tan sin lian industries sdn bhd
"Tandem Diabetes Care, Inc.",True,True,100,tandem diabetes care
Tangent Healthcare Limited,False,False,83,noventi healthcare
TauroPharm GmbH,True,True,100,tauropharm
Taurus Dental Prosthetics Ltd,False,False,71,taska prosthetics
TAVAT Eyewear Srl,True,True,100,tavat eyewear srl
Tcoag Ireland Ltd,False,False,72,meas ireland
TDV DENTAL LTDA.,True,True,100,tdv dental ltda
"TEALTH FOSHAN MEDICAL EQUIPMENT CO., LTD.",False,True,94,tealth foshan medical equipment co ltd
"Tear Science, Inc.",False,False,80,tecom science
Teasdale Healthcare Equipment Ltd,True,True,100,teasdale healthcare equipment
Tec Com Medizintechnik GmbH,True,True,100,tec com medizintechnik
Tecan Austria GmbH,True,True,100,tecan austria
Tecan Schweiz AG,False,False,67,a schweizer
TECcare Group Limited,False,False,69,starvac group
Tecfen Medical,False,False,83,tf medical
Technogenetics S.p.a,True,True,100,technogenetics s p a
TECHNOLOGIE MEDICALE,False,True,95,medical technologies
Tecnofar s.p.a.,False,False,80,sofar s p a
Tecnologia Ospedaliera S.R.L.,False,False,73,d s medica tecnologie s r l
Tecnoss s.r.l,True,True,100,tecnoss s r l
TECOmedical,True,True,100,tecomedical
Tecomet ( legal name: Symmetry Medical Sheffield Ltd ),False,False,57,general medical system s r l
"Tecomet ( Symmetry Medical Manufacturing, Inc )",False,True,95,symmetry medical manufacturing inc dba tecomet
Tecomet Kenosha (Legal Name: Symmetry Medical Inc),False,False,69,symmetry medical manufacturing inc dba tecomet
Tecomet Manchester (legal name Symmetry Medical Manufacturing Inc ),False,False,76,symmetry medical manufacturing inc dba tecomet
Tecres S.p.A.,True,True,100,tecres s p a
Tecsana GmbH,True,True,100,tecsana
Tedan Surgical Innovations Inc.,True,True,100,tedan surgical innovations
TEI Biosciences Inc.,False,True,88,cytek biosciences
"Tekia, Inc",True,True,100,tekia
TEKNIMED SAS,True,True,100,teknimed sas
Tekno-Medical Optik-Chirurgie GmbH,True,True,100,tekno medical optik chirurgie
The Digital Orthodontic Lab Ltd,False,False,67,db orthodontics
Techniform Dental Laboratory Ltd,False,False,65,no7 contact lens laboratory
Technimark UK,False,False,70,technicare
Technimount E.M.S Holding Inc.,True,True,100,technimount e m s holding
Technique Crown & Bridge,False,False,70,meridian technique
Techno Med (Pty) Ltd,False,False,73,med tech
Technoclone Herstellung von Diagnostika und Arzneimitteln GmbH,False,False,62,telos gmbh herstellung und vertrieb medizinisch technischer geräte und arzneimittel
Technology in Motion Ltd / 3d Ortho Products Ltd,False,False,63,high technology products slu
Technomed Europe,True,True,100,technomed europe
Technopath Clinical Diagnostics,False,False,84,ortho clinical diagnostics
technovent limited,True,True,100,technovent
TechTrade LLC,False,False,74,thora tech
Teckel Medical S.L.,True,True,100,teckel medical s l
TECNIMED s.r.l.,True,True,100,tecnimed s r l
Tecnimoem Care SL,False,True,91,tecnimoem care s l
Tecno Instruments (Pvt) Ltd.,False,False,80,r v instruments pvt
TECNO-GAZ S.p.A.,True,True,100,tecno gaz s p a
TecnoBody S.p.A.,False,True,87,tecnobody s r l
Tecnodent S.r.l,False,False,81,tecnos s r l
Teeth For Life (Norwich) Ltd.,False,False,58,luft for life österreich
Teethforever lab ltd,False,False,61,frezyderm a b e e
Teleflex Medical Sdn. Bhd.,True,True,100,teleflex medical sdn bhd
TELEMEDICA SRL,False,False,83,telemedware srl
TEN COMFORT CORPORATION,True,True,100,ten comfort
Tend VR Ltd,False,False,59,meteda srl
Tendercare Ltd,True,True,100,tendercare
Terragene S A,False,False,73,sterigene
TerrainHopper Ltd,False,False,58,opro international
Terrats Medical S.L.,True,True,100,terrats medical s l
Telea Electronic Engineering Srl,False,True,91,telea electronic engineering s r l
Teleatherapy Ltd,True,True,100,teleatherapy
Teleflex Medical,True,True,100,teleflex medical
Teleflex Medical,True,True,100,teleflex medical
Teleflex Medical,True,True,100,teleflex medical
Teleflex Medical Private Limited,False,False,80,teleflex medical
Teleon Surgical B.V.,False,True,91,teleon surgical bv
TELESAIR Inc,False,False,71,lensar
"Telic, S.A.U.",True,True,100,telic s a u
Tell Product Limited,False,False,73,topdental products
Tem Innovations GmbH,False,False,83,sgm innovation
"Terarecon, Inc",True,True,100,terarecon
Teratech Corporation,True,True,100,teratech
Teratech Corporation,True,True,100,teratech
Terry New Denture Clinic,False,False,60,pentron clinical
Terumo (Philippines) Corporation,True,True,100,terumo philippines
Terumo BCT Ltd.,True,True,100,terumo bct
"Terumo BCT, Inc.",True,True,100,terumo bct
"Terumo Cardiovascular Costa Rica, LLC",False,False,79,terumo cardiovascular systems
Terumo Cardiovascular Systems Corporation,True,True,100,terumo cardiovascular systems
Terumo Cardiovascular Systems Corporation,True,True,100,terumo cardiovascular systems
"Terumo Clinical Supply Co., Ldt.",False,True,93,terumo clinical supply co
Terumo Corporation,True,True,100,terumo
Terumo Europe NV,False,True,90,terumo europe
Terumo Medical Corporation,True,True,100,terumo medical
Terumo Medical Corporation,True,True,100,terumo medical
"The Lab, Dental Design Studio Ltd",False,False,65,hall dental studio
"Terumo Medical Products (Hangzhou) Co., Ltd.",False,True,95,terumo medical products hangzhou co ltd
TG Medical Sdn Bhd,True,True,100,tg medical sdn bhd
TG's Dental Care ltd,False,False,76,cardex dental
TGA Mobility Limited,False,True,87,pt mobility
The Argen Corporation,True,True,100,the argen
The Binding Site Group Limited,True,True,100,the binding site group
The Blueprint Design Company Ltd,False,False,63,blueprint genetics oy
The Body Doctor,False,False,67,healthy by doctors sl
The Body Doctor Ltd,False,False,67,healthy by doctors sl
The Boots Company PLC,False,False,67,the comfort companies
The Borough Dental Practice,False,False,59,corim dental products bv
The Brewer Company LLC,False,False,64,stephen rowe
The Briars Dental Centre,False,False,63,carestream dental
The Bristol CADCAM Company Limited,False,False,55,caduceus biotechnology
The Bristol Crown Company,False,False,62,cryo bio system
THE BRITISH ROTOTHERM COMPANY LTD,False,False,55,robert bosch
"The Chancellor, Masters, and Scholars of the University of Cambridge",False,False,44,vistac gmbh für optische meßsysteme und taktile information
The ClearOrtho Ltd,False,False,67,ortho care uk
"The Comfort Companies, LLC",True,True,100,the comfort companies
The Cosmetic Dental Clinic,False,False,60,medicap clinic
The Cottage Dental Practice,False,False,59,dental contact vertriebs kg
The Cube Advanced Dental Lab,False,False,71,dental advance sl
The Daavlin Distributing Co.,False,True,91,daavlin distributing
the Dental Academy / The Daresbury Dental Lab,False,False,52,peridenta care dental produkte e k
The Dental Care Centre,False,False,72,carestream dental
The Dental Group,False,False,81,keystone dental group
The Dental Lab,False,False,76,aldeal lab tech
THE DENTURE PRACTICE LIMITED,False,False,57,kem enterprises
The Denture Studio,False,False,65,studio pontet
The Eye Collective (West Heath) Ltd,False,False,62,most active health care
The Helping Hand Company Ltd,False,False,64,helping hand company ledbury
"The Hilsinger Company Parent, LLC dba Bruder Healthcare",True,True,100,the hilsinger company parent llc dba bruder healthcare
THE LAB PROJECT LTD,False,False,76,the ehealth project
Terumo Penpol Private Limited,False,False,56,towne brothers private
"TESS Co., Ltd",True,True,100,tess co
TestCard,False,False,75,tenscare
TestLine Clinical Diagnostics s.r.o,False,False,79,ortho clinical diagnostics
TESU HEALTH LTD,False,False,80,zt health
TetraCAM lTD,False,False,67,regtrac
Teva Digital Health (DH) (trade name: Teva  Respiratory LLC),False,False,47,golden global trading healthcare sdn bhd
Teva UK Limited,False,False,62,abbexa uk
TG Eakin Limited,True,True,100,tg eakin
TH Optometry Ltd,False,False,67,etiometry
TH. KAZANTZIDIS S.A. - MEDIPAC,False,False,62,bidoia medica s a s
Thai Nippon Rubber Industry Public Company Limited,True,True,100,thai nippon rubber industry public
"Thai Rubber Gloves Co.,Ltd",False,False,74,protect gloves co ltd
THALES AVS FRANCE SAS,True,True,100,thales avs france sas
THD SpA,False,False,63,the'lios spa
The 1956 Denture Company,False,False,58,exotec dentaire
The Active Hands Company Ltd,False,False,69,hans e rüth
"The Alger Company, Inc",False,False,69,the med company
The Anspach Effort INC.,True,True,100,the anspach effort
The Artificial Eye Practice,False,False,58,shah eye care private
The Berkshire Dental Laboratory Ltd,False,False,63,himedia laboratories
The Buckley Practice,False,False,62,code of practice ab
"The Chancellor, Masters, and Scholars of the University of Cambridge",False,False,44,vistac gmbh für optische meßsysteme und taktile information
The Dental House,False,False,71,scheu dental
The dental laboratory,False,False,70,helena laboratories
The Dental Laboratory,False,False,70,helena laboratories
The Dental Lounge,False,False,69,the one medical
The Dental Lounge Limited,False,False,69,the one medical
The Dental Practice Shenfield,False,False,59,dedalus healthcare france
The Dental Spa,False,False,77,scheu dental
The Dental Suite,False,False,71,scheu dental
The Dental Surgery Corn Exchange,False,False,58,dental contact vertriebs kg
The Electrode Store,True,True,100,the electrode store
The Eye Clinic,False,True,88,the dry eye clinic
The Eye Clinic Huddersfield LTD,False,False,62,the dry eye clinic
The Eye Collective (Hall Green) Ltd,False,False,53,eco wheat collection
The Eye Collective (Selly Oak) Ltd,False,False,54,eco wheat collection
The Eye Collective (Wythall) Ltd,False,False,61,eco wheat collection
The Female Health Company (UK) Plc,True,True,100,the female health company uk plc
"The Focal Rooms by The Bilbro & Co, Co.",False,False,55,biotyx medical shenzhen co ltd
The Fred Hollows Intraocular Lens Laboratory,False,False,62,no7 contact lens laboratory
The Green Dental Laboratory,False,False,69,tin lok dongguan dental laboratory co
The Griffen Dental Laboratory Limited,False,False,67,tin lok dongguan dental laboratory co
The Guild Practice Ltd,False,False,61,the orthotic group
The Haemorrhoid Centre Ltd (trading as The Halo Company),False,False,54,anhui guohong industrial and trading co ltd
The Headwear Company,False,False,67,heartware
The Heatpack Company Ltd,False,False,65,the ehealth project
The Heightec Group Ltd,False,False,72,the orthotic group
"The Hilsinger Company Parent, LLC dba Bruder Healthcare",True,True,100,the hilsinger company parent llc dba bruder healthcare
The Hive Dental Laboratory,False,False,67,laboratoire dumont et montet
The HLC Denture Company ltd,False,False,62,gc tech europe
The Hygenic Company LLC,False,False,70,the argen
The Hythe Dental Laboratory,False,False,65,laboratoire dumont et montet
"The iDiabetes Group, Tayside Health Board",False,False,55,neatness group sdn bhd
The Insides Company Limited,False,False,64,schell industries
The Institute of Clinical Science and Technology,False,False,71,qingdao kingon medical science and technology co
The Lab Cheltenham Ltd,False,False,65,helena laboratories
The Lindens Dental Centre,False,False,62,anees dental instrument
The Lullaby Trust,False,False,67,trust care ab
The Magstim Company Limited,True,True,100,the magstim
The Maltings Dental Practice,False,False,67,prime dental manufacturing
"The Marena Group, LLC",False,False,69,mast group
The Mars Perceptrix Corporation,True,True,100,the mars perceptrix
The Mid Yorkshire Hospitals NHS,False,False,61,suministros hospitalarios
The National Artificial Eye Service,False,False,64,ec certification service
The Natural Denture Clinic,False,False,64,institut clinident
The Newcastle upon Tyne Hospitals NHS Foundation Trust,False,False,56,bedford hospital bedfordshire hospitals nhs foundation trust
THE OLD PRIORY DENTAL LABORATORY,False,False,64,baltic laboratory systems oü
The Optic Shop (Abergavenny) Ltd,False,False,55,thermo fisher diagnostics
THE OPTIC SHOP (PORTHCAWL AND CARMARTHEN) LIMITED,False,False,53,shire pharmaceuticals ireland
The Optoplast Actman Eyewear Company Ltd,True,True,100,the optoplast actman eyewear
The Orthodontic and Restorative Dentistry Dental Laboratory,False,False,52,tin lok dongguan dental laboratory co
The Orthodontic Lab Limited,False,False,76,db orthodontics
The Phoenix Partnership (Leeds) Ltd,False,False,62,united medical partners
The Pillow With A Hole Ltd,False,False,53,themis pathology
The Practice @ Ltd,False,False,64,practicosa sa
The Rotherham Foundation Trust,False,False,54,herb pharma corporation s r o
The Rotherham General Hospital NHS Foundation Trust,False,False,58,bedford hospital bedfordshire hospitals nhs foundation trust
The Royal College of Anaesthetists,False,False,56,anaesthetic medical systems
The Simple Pharma Company Limited,False,False,69,sildeha pharma srl
The Smile Lab Glasgow Limited,False,False,69,the smile club
The Spinecorporation Ltd,True,True,100,the spinecorporation
The Standard Co Ltd,False,True,89,the standard co
The Straight Tooth Company,False,False,61,astravita d o o
The Surge International,True,True,100,the surge international
The Surgical Company International B.V.,True,True,100,the surgical company international
The Terrace Dental Centre,False,False,61,ceramtec dentalvertriebs
The Village Opticians,False,False,61,tupel optics
The Wise Collective Limited,False,False,62,eco wheat collection
The Witterings Dental Practice,False,False,57,dental wings
The YES YES Company Ltd,True,True,100,the yes yes
Theia Eye Block,False,False,67,the black label
Thelios S.p.A.,False,False,80,tethis s p a
Thema Optical Srl,False,False,71,ser optical
Theo Manufacturing B.V.,True,True,100,theo manufacturing
Theophany Ltd,False,False,71,tepha
The O R Company Pty Ltd,True,True,100,the o r company pty
The Old Kiln Dental Laboratory Ltd,False,False,69,tin lok dongguan dental laboratory co
the prison opticians company,False,False,65,wetzlich optik präzision
THE QUADRANT LAB LTD,False,False,62,quadralene
The Queen Victoria Hospital,False,False,59,hospital services
The Real Good Dental Company Ltd,False,False,67,tekne dental srl
The Reigate Optical Rooms,False,False,59,transitions optical
The Retainer Lab ltd,False,False,65,greiner bio one
The Tooth Studio Dental Laboratory,False,False,59,tin lok dongguan dental laboratory co
The Tuddenham Road Dental Surgery,False,False,60,megadenta dentalprodukte
The Ultimate Dental Laboratory Ltd,False,False,63,tin lok dongguan dental laboratory co
The University of Sheffield,False,False,53,bioservice tunisie
TheOTCLab B.V.,True,True,100,theotclab
Thephysiobot Limited,False,False,64,ems physio
"Therabody, Inc.",False,False,67,theratogs
Theraclion,False,False,74,terarecon
THERAPYAUDIT Limited,False,False,67,theradial
Therenva SAS,False,False,80,therenva
Thermadent Ltd,False,False,71,kemdent
ThermaSolutions LLC,False,False,77,neater solutions
Thermetrix Ltd,False,False,74,orametrix
Thermidas Oy,False,False,64,thermalis srl
"Thermo Electron LED GmbH, Zweigniederlassung Osterode",False,False,57,swiss pharma dynamic ltd zweigniederlassung
Thermo Fisher Scientific Baltics UAB,False,False,78,thermo fisher scientific bremen
Thermo Fisher Scientific Oy,True,True,100,thermo fisher scientific oy
"Thermoplastic Comfort Systems, Inc.",True,True,100,thermoplastic comfort systems
"TherOx, Inc.",False,False,67,terumo
Thesis Technology Products Ltd,False,False,70,tubus technology aps
ThinkSono GmbH,False,False,62,this
ThinkSono Ltd,False,False,62,this
Thriva Limited,True,True,100,thriva
Theradiag S.A.,True,True,100,theradiag
Theraflex Physio Ltd,False,False,61,physiol
Theragenics Corporation,False,True,87,theragenesis
Theramit Ltd,False,False,71,theratogs
Theranica Bio-Electronics Ltd.,True,True,100,theranica bio electronics
Theranova Protezare SRL,False,True,94,sc theranova protezare srl
Therapanacea SAS,False,True,86,therapanacea
Theraplay Ltd,False,False,74,therapixel
Therapy Equipment Ltd,True,True,100,therapy equipment
Thetis Medical Ltd,False,False,80,phs medical
Thiebaud SAS,False,False,67,teknimed sas
Thinking Opticians Limited,False,False,69,wink optics
THOMPSON  OPTICIANS  LTD.,False,False,60,tupel optics
Thornhill Research Inc.,False,False,69,tyson bioresearch
Thornton & Ross Ltd,True,True,100,thornton ross
Thrive Orthopedics LLC,True,True,100,thrive orthopedics
THT BIO-SCIENCE,True,True,100,tht bio science
THUASNE Deutschland GmbH,True,True,100,thuasne deutschland
Thuasne SAS,False,False,78,thuasne
"Tianjin LOCMEDT Technologies Co., Ltd.",False,True,94,tianjin locmedt technologies co ltd
"Tianjin Medis Medical Device Co., Ltd.",True,True,100,tianjin medis medical device co
TIK d.o.o.,False,False,78,dio optik
TIPSAN TIBBI ALETLER SAN. VE TIC. A.S.,False,True,85,tipsan tibbi̇ aletler san ve ti̇c a ş
Tishyas Medical Device Development Solutions Pvt Ltd,False,False,68,medical devices solutions srl
TiSport LLC,False,False,80,tissupor
Tobii Dynavox AB,True,True,100,tobii dynavox ab
"Toby Orthopaedics, Inc",True,True,100,toby orthopaedics
ThinOptics Inc,True,True,100,thinoptics
Thirdinrev Global,False,False,69,global treat
Thirona BV,False,False,82,thirona
This AG,True,True,100,this
Thistle Dental Laboratory,False,False,68,helena laboratories
Thomas & Holloway Opticians Ltd,False,False,58,tokai optical co ltd
Thomas Patrick Clarke Ltd T/A Thomas Patrick Dental Studio,False,False,50,"integral systems pty ltd trading as ""cirrus medical"""
ThomasHilfen fur Behinderte GmbH & Co. Medico KG,False,False,68,bredent medical gmbh co kg
"Thompson Surgical Instruments, Inc.",True,True,100,thompson surgical instruments
Thomson Screening Solutions Limited,False,False,79,thomson software solutions
Thomson Software Solutions,True,True,100,thomson software solutions
THOR Photomedicine Ltd.,True,True,100,thor photomedicine
Thora Tech GmbH,True,True,100,thora tech
THORASYS Thoracic Medical Systems Inc.,True,True,100,thorasys thoracic medical systems
Thoratec Corporation,False,False,80,oratech
Thoratec Switzerland GmbH,False,False,59,heico switzerland
Thorn Ceramics Ltd,False,False,65,fine art ceramics
Thorndike Dental Practice,False,False,62,korea dental implant
Thornton Optometry & Co,False,False,65,thornton ross
"THOTH(Suzhou) Medical Technology Co., LTD",False,True,94,thoth suzhou medical technology co ltd
Thought Technology Ltd.,True,True,100,thought technology
Thread & Lift,True,True,100,thread lift
Three Lions Limited,False,False,70,the'lios spa
THREE LIONS LIMITED,False,False,70,the'lios spa
Three Palm Software,True,True,100,three palm software
Three Palm Software,True,True,100,three palm software
Threeways Dental Laboratory,False,False,65,helena laboratories
THRIVE THERAPEUTIC SOFTWARE LIMITED,False,False,67,thrive orthopedics
Thuasne UK Ltd,False,False,82,thuasne
Thurmaston Dental Practice,False,False,62,pharmagest interactive
TI Medical Pvt Ltd,False,False,80,s t medical
"Tianchang Jiarui Packaging Materials Co., Ltd.",False,False,74,shijiazhuang dadao packaging materials co ltd
"Tianjin Bioscience Diagnostic Technology Co., Ltd.",False,False,71,biochip langdao tianjin medical technology
"Tianjin Fuqin Science & Technology Corp., Ltd.",False,False,73,chongqing yeasn science technology co
Tianjin GoldenAll Medical Device Co.LTD,False,False,77,just medical devices tianjin co
"Tianjin Huahong Technology Co., Ltd.",False,False,81,tianjin solmax technology co
"Tianjin Kepler Vehicle Industry Co., Ltd",False,True,94,tianjin kepler vehicle industry co ltd
"Tianjin MNCHIP Technologies Co.,Ltd",False,True,94,tianjin mnchip technologies co
Tianjin New Bay Bioresearch Co. Ltd,False,False,60,shine（tianjin）biotechnology co
"Tianjin Promoting Medical Technology Co., LTD",False,False,80,xiamen probtain medical technology co ltd
"Tianjin Suowei Electronic Technology Co., Ltd.",False,False,73,tianjin eternity medical technology co
"Tianjin Taikang Sunshine Technology Co., LTD",False,True,95,tianjin taikang sunshine technology co ltd
Tiantai Typhung Medical Supplies Co Ltd,False,False,69,unimed medical supplies
Tiaset di Carresi Lorenzo,False,False,55,care essentials pty
TIB Molbiol Syntheselabor Gmbh,False,False,62,tib molbiol s r l
Tickety Boo Teeth Limited,False,False,62,trinity biotech
"TIDI Product, LLC",False,False,69,geoproduct kft
Tilco Trading PTE. LTD,False,False,75,dts trading inc
Tillotts Pharma AG,True,True,100,tillotts pharma
TILY BLOOMS LTD,False,False,59,boom medical kft
Tim Roebuck Optician Limited,False,False,58,optimhal protecsom
Timesco Healthcare Limited,True,True,100,timesco healthcare
Timpel S.A.,True,True,100,timpel
Tinnisoothe Limited,False,False,64,innotherapy
Tiny Air,False,False,67,fairtility
TİO MEDİKAL TIBBİ ÜRÜNLER TURİZM İNŞAAT SAN.VE TİC.LTD.ŞTİ.,False,False,80,orti̇z medi̇kal tur i̇nş san ve ti̇c ltd şti̇
Tioga Ltd,False,False,67,togu
Tissuemed Limited,True,True,100,tissuemed
Titan Instruments,False,True,94,a titan instruments
Titan PMR Ltd,False,False,67,mortan
TitanMed Limited,False,False,80,tinamed
"TITANS MEDICARE, INC",False,False,75,medicare uitgeest
TK PLUS,False,False,71,plus sante
"TMJ Solutions, LLC dba TMJ Concepts",False,False,70,mcs medical concept solutions
TML Dental Prosthetics,False,False,68,ifit prosthetics
"TMRW Life Sciences, Inc",False,False,79,mespere lifesciences
TNI Medical AG,True,True,100,tni medical
"Togo Medikit Co., Ltd.",True,True,100,togo medikit co
Toiletry Sales Limited,True,True,100,toiletry sales
Tokai Medical Products,True,True,100,tokai medical products
TOKAI UK LTD,False,False,59,epoca u i
Toku Eyes Pty Ltd,False,False,56,stratos medtech pty
Tokuyama Dental Corporation,True,True,100,tokuyama dental
Tokyo Boeki Medisys Inc.,True,True,100,tokyo boeki medisys
Tolt Technologies LLC,False,False,82,utas technologies
Tom Cutmore Dental Applications,False,False,64,empowered applications ab
Tom Wysome Ltd,False,False,57,tomy
Tomato Glasses,False,False,65,snoop glasses s l
"Tonglu Kanger Medical Instruments Co., Ltd.",False,True,99,tonglu kanger medical instrument co
"TONGLU QIANYAN MEDTECH CO., LTD",False,False,65,vitalitaet medtech co
Tonic London Ltd.,False,False,64,endotronix
Tomcat Special Needs Innovation Ltd,True,True,100,tomcat special needs innovation
Tomed GmbH,False,False,83,altomed
TOMEY CORPORATION,False,True,89,tomy
Toothlab Ltd,False,False,71,theotclab
"Toplan Co., Ltd.",False,False,82,toplan co ltd
Topway Dental Lab,False,False,79,dental today srl
TOR VM Ltd,True,True,100,tor vm
Tortus AI,False,False,63,gyrus acmi
TR Equipment AB,False,False,75,therapy equipment
Tracey Technologies,True,True,100,tracey technologies
TRACOE medical GmbH,True,True,100,tracoe medical
Transonic Systems Inc,True,True,100,transonic systems
TRATE AG,True,True,100,trate
TraumaMed Solutions Ltd.,True,True,100,traumamed solutions
Trevor Brooker and Partners,False,False,57,partners for endoscopy
Trevor Wilson Dental Ceramics Ltd,False,False,64,ceramtec dentalvertriebs
Trew Eyecare ltd,False,False,74,eyecare eyewear
Trewick Dental Laboratory.,False,False,65,tin lok dongguan dental laboratory co
TRI Dental Implants Int. AG,True,True,100,tri dental implants int
Tri-tech Forensics,False,False,62,tri tech forensics dba rescue essentials
"TRIBEST DENTAL PRODUCTS CO.,LTD",False,False,69,urgo healthcare products co ltd
Tribuco Ltd,False,False,71,trucryo
TRIBUN HEALTH,False,False,78,una health
"Tricol Biomedical, Inc.",False,True,87,ic biomedical
TRIDENT  DENTAL LABORATORIES(LANCS) LTD.,False,False,69,tody laboratories int srl
Tridentify AB,True,True,100,tridentify ab
"TRIMERO DIAGNOSTICS, SL",True,True,100,trimero diagnostics sl
Trinity Biotech (Primus Corporation dba Trinity Biotech),True,True,100,trinity biotech primus corporation dba trinity biotech
Ultimate Healthcare Limited,True,True,100,ultimate healthcare
Tonica Elektronik A/S,True,True,100,tonica elektronik a s
TONTARRA Medizintechnik GmbH,False,False,82,sutter medizintechnik
Tookie Limited,False,False,62,trophie
Tooth Art Studio,False,False,62,studio tau s r l
Tooth Fairy Dental Lab Ltd,False,False,68,final dental lab
Tooth Fairy Healthcare LTD,False,False,74,firstar healthcare oy
Tooth Technician Dental Laboratory Carnoustie,False,False,59,tecnicas cientificas para laboratorio
Toothworx Dental Laboratory,False,False,60,e o laboratories
Top Corporation,True,True,100,top
TOP GLOVE SDN BHD,True,True,100,top glove sdn bhd
Top Shelf Manufacturing LLC,False,False,84,topshelf manufacturing
"Top-Rank Health Care Co.,Ltd.",False,False,68,3a health care s r l
Topcon Corporation,True,True,100,topcon
Topcon Healthcare Solutions EMEA Oy,True,True,100,topcon healthcare solutions emea oy
Topdental (Products) Ltd,True,True,100,topdental products
Toplabs Prosthetics Ltd,False,False,83,taska prosthetics
"Torax Biosciences Ltd.,",False,True,89,torax biosciences
TORAX MEDICAL INC,False,True,85,norav medical
"Toray Industries, Inc.",False,False,84,talc industries
"Torbay and South Devon NHS Foundation Trust, HSDU",False,False,52,bedford hospital bedfordshire hospitals nhs foundation trust
Torbot Group Inc,False,False,70,lo group oy
"Tornier, Inc.",False,False,78,tornier sas
"Tornier, SAS",True,True,100,tornier sas
Torquay Dental Laboratory Ltd,False,False,64,tody laboratories int srl
Torquay VE Ltd,False,False,63,medtorque
Torque digital dental studio,False,False,70,hall dental studio
Tosoh Corporation,True,True,100,tosoh
Tosoh Europe,True,True,100,tosoh europe
Total Healthcare Innovation GmbH,False,False,80,vitae health innovation
"Touchstone International Medical Science Co., Ltd.",False,False,73,weigao medical international co
Toul Meditech AB,True,True,100,toul meditech ab
TowardPi (Shanghai) Medical Technology Ltd,True,True,100,towardpi shanghai medical technology
Townsend Design,True,True,100,townsend design
"TP Orthodontics, Inc.",False,False,80,db orthodontics
TPH Medical Ltd,False,True,91,phs medical
Traffi Safe Ltd,False,False,60,bsafe lda
Trajan Scientific Australia Pty Ltd,True,True,100,trajan scientific australia pty
Transamerican Technologies International dba TTI Medical,False,False,83,transamerican technologies international
"TransEasy Medical Tech. Co., Ltd.",True,True,100,transeasy medical tech co
Transitions Optical Limited,True,True,100,transitions optical
"Translational and Clinical Research Institute, Newcastle University",False,False,58,tianjin plastics research institute co
"Translite, LLC",False,False,75,runlite
Translumina Therapeutics LLP,False,False,61,xcell therapeutics
"Transmed (China) Co., Ltd.",True,True,100,transmed china co
"TransMedics, Inc.",True,True,100,transmedics
Traverse Rescue LLC,True,True,100,traverse rescue
TRB Chemedica AG,True,True,100,trb chemedica
Tree Of Life Pharma Ltd / Prudentix Ltd,False,False,73,tree of life pharma
Trek Diagnostic Systems Ltd (a part of Thermo Fisher Scientific),False,False,60,life technologies corporation thermo fisher scientific
Trekinetic All Terrain Ltd.,False,False,60,tekno cer cerrahi̇ aletler
Trelleborg Sealing Solutions Weobley Limited,True,True,100,trelleborg sealing solutions weobley
Trendland Medical Ltd,False,False,81,welland medical
Trent Dent Product Limited,False,False,81,reinvent dental products
Trewavis Surgical Instruments Pty Ltd,False,False,75,patella surgical instruments
TRIGOcare International GmbH,True,True,100,trigocare international
"TriMed, Inc",True,True,100,trimed
TriMedika Ltd,False,False,80,trimed
Tritium Dental laboratory,False,False,65,tin lok dongguan dental laboratory co
Trulife,True,True,100,trulife
TSSO Ltd,False,True,89,tasso
TST Rakor ve Tıbbi Aletler San. Ve Tic.Ltd.Şti.,False,False,78,sayan tıbbi aletler paz san ve tic ltd şti
Tsunami Medical SRL,True,True,100,tsunami medical srl
Tubilux Pharma S.p.A.,False,False,72,p m s pharma srl
"Tucuvi Care, S.L.",False,False,73,tecnimoem care s l
"Tuna Dis Tic, ve Paz Ltd. Sti",True,True,100,tuna dis tic ve paz ltd sti
"Tung Keng Enterprise Co., Ltd.",False,False,80,knh enterprise co
Tupel Ltd.,False,False,73,timpel
TUR GmbH,True,True,100,tur
Turbo Dental Laboratory Ltd,False,False,68,laboratorios urgo s l
TurboMed Orthotics Inc,False,False,70,promedics orthopaedics
TURKLAB TIBBI MAL.SAN.VE TIC.A.S.,False,False,75,boz tibbi malzeme san ve tic a s
"Turner Imaging Systems, Inc",False,False,71,trek diagnostic systems
Turon Medtech AB,True,True,100,turon medtech ab
Turtle Engineering Ltd,False,False,79,fex engineering
Turtlebrace Inc,False,False,57,aureliance
Tusk Dental Technologies Ltd,False,False,76,d tech dental technologies
Tutogen Medical GmbH,True,True,100,tutogen medical
"Tuylek, s.l.",True,True,100,tuylek s l
TVC optical Ltd T/A The Vision Clinic,False,False,62,clr1 optical vision care sl
Twenty 2 Dental,False,False,69,zenith dental aps
Typenex Medical,True,True,100,typenex medical
TYPEONE BIOMATERIALS S.R.L,False,True,88,typeone biomaterials srl
Tyromotion GmbH,True,True,100,tyromotion
Trinity Biotech Plc,False,True,88,trinity biotech
Trinity Dental Limited,False,False,75,itl dental
Trio Healthcare Ltd,True,True,100,trio healthcare
TRION PHARMA LIMITED,True,True,100,trion pharma
Triple O Dental Laboratories Ltd,False,False,73,e o laboratories
Triride SRL,True,True,100,triride srl
Tristel Solutions Ltd.,True,True,100,tristel solutions
"Trividia Health, Inc.",False,False,77,siva health
Triworks Group SRL,True,True,100,triworks group srl
Troge Medical GmbH,True,True,100,troge medical
Trokamed GmbH,True,True,100,trokamed
Tronjen Medical Technology Inc.,True,True,100,tronjen medical technology
TruAbutment Inc.,True,True,100,truabutment
Trudell Medical International,True,True,100,trudell medical international
True Dental Creations Ltd,False,False,74,straume dental as
true smile digital dental lab ltd,False,False,64,tokuyama dental italy s r l
Trueform Dental Laboratory,False,False,65,reference laboratory
TRUEinvivo Ltd,True,True,100,trueinvivo
Trukera Medical,True,True,100,trukera medical
Trulife,True,True,100,trulife
Trulife Canada,False,False,69,ferno canada
Trulife Ireland,False,False,76,steris ireland
Trulife Limited,True,True,100,trulife
Trulife Limited,True,True,100,trulife
TRUSETAL VERBANDSTOFFWERK GmbH,True,True,100,trusetal verbandstoffwerk
Trutek Europe Ltd,False,False,78,ktr europe
TRx Orthopaedics Limited,True,True,100,trx orthopaedics
TS Diagnostics Sdn Bhd Company,False,False,77,bm diagnostics s r l s
TSG Associates LLP,True,True,100,tsg associates llp
"TSK Laboratory, Japan",False,False,72,apimab laboratoires
TSL Dental Laboratory,False,False,72,laboratorios cosmodent s l
Turkuaz Sağlık Hizmetleri Medikal Temizlik Kimyasal Ürünler Sanayi ve Ticaret A.Ş.,False,False,73,ormed grup medikal turizm sağlık hizmetleri sanayi ve ticari ltd şti̇
Turner Dental Lab Ltd.,False,False,73,tekne dental srl
Tyber Medical LLC,False,True,86,stryker medical
Tyler Crown and Bridge Ltd,False,False,56,ankiya bio tec co
Tympa Health Technologies Ltd,True,True,100,tympa health technologies
"UAB ""VPC""",True,True,100,"uab ""vpc"""
UAB Caerus Biotechnologies,False,False,75,caduceus biotechnology
UAB MEDINSTRUS,False,True,100,medinstrus uab
UAB Softneta,True,True,100,uab softneta
UAB TELTONIKA TELEMEDIC,True,True,100,uab teltonika telemedic
Uberlube Inc.,True,True,100,uberlube
UBGEN SRL,False,False,74,uragme srl
"Ubiosis Co., Ltd.",False,False,82,ubiosis
UBQO Limited,False,False,67,julbo
UCL Eastman Dental Institute Laboratory,False,False,58,tin lok dongguan dental laboratory co
UCLH,False,False,67,burch
UCO-Lavec,False,True,86,uco lavec bv
UEBE Medical GmbH,True,True,100,uebe medical
Ufonia Limited,False,False,73,fonar
UFSK-International OSYS GmbH,True,True,100,ufsk international osys
UgenTec N.V.,True,True,100,ugentec
UHS Medical Device Software Group,False,False,72,sts medical group ad
"UI Medical, LLC",False,True,91,usgi medical
UK Axion,False,False,77,axion
UK Dental labs,False,False,69,scheu dental
UK Health Security Agency,False,False,67,sidekick health germany
ulrich GmbH & Co.KG,False,False,84,lück gmbh co kg
Ultimate Cleaners Industrial Limited,False,False,71,tae chang industrial co
TyTek Medical,False,True,85,synek medical
Tytex A/S,True,True,100,tytex a s
Tyto Care Ltd,False,False,67,oska care
TZ Medical Inc.,True,True,100,tz medical
U-drain Ltd,False,False,67,dextrain
U.S Pacific Nonwovens Industry Ltd,False,False,68,united pacific industries pty
U.S. Surgitech Inc,False,False,72,surgi tec nv
U&O s.r.l,True,True,100,u o s r l
"UAB ""Medicinos linija""",False,True,100,uab medicinos linija
UComfor Scientific Co Limited,False,False,84,ucomfor scientific co ltd
Ucomfor Scientific Co. Ltd,False,False,84,ucomfor scientific co ltd
UK Implant Manufacturing Co. Limited,True,True,100,uk implant manufacturing
UKALIGNERS LTD,False,False,67,clevaligner
ukdentech,False,False,75,ugentec
Ulrich AG,False,False,73,burch
ULTRALIGHT DENTAL LABORATORY,False,False,65,tin lok dongguan dental laboratory co
Ultralinq Healthcare Solutions Inc,True,True,100,ultralinq healthcare solutions
Ultramed Limited,False,True,89,ultramedic
Ultrana GmbH,False,False,75,ultrawave
UltraSight Ltd.,False,False,71,rxsight
Ultrasound Technologies Ltd,True,True,100,ultrasound technologies
UltraVision International Limited,True,True,100,ultravision international
Ultrawave Limited,True,True,100,ultrawave
UMA ADVISORY LTD,False,False,64,visual visionary
Umano Medical Inc.,False,True,88,nano medical
Undertilt SRL,False,False,79,undertilt s r l
UNEEG medical A/S,False,False,81,vup medical a s
UnifAI Technology,False,False,71,winnoz technology
Unigloves (UK) Limited,True,True,100,unigloves uk
Unomedical A/S,False,False,83,as medical
Ultimate Occlusion Ltd,False,False,63,tristel solutions
Ultimate Sports Engineering Limited,True,True,100,ultimate sports engineering
Ultra for medical products (Ultramed) Co (U.M.I.C) S.A.E.,False,True,97,ultra for medical products ultramed u m i c s a e
"ULTRA V Co., Ltd",True,True,100,ultra v co
Ultradent Products Inc,True,True,100,ultradent products
Ultragel Medical Kft,True,True,100,ultragel medical kft
"UNICON OPTICAL CO., LTD.",True,True,100,unicon optical co
Unicos Co Ltd,False,False,80,nico
Unident AB,True,True,100,unident ab
UNION PLASTIC,True,True,100,union plastic
UNIGLOVES Arzt- & Klinikbedarf Handelsgesellschaft mbH,False,False,67,smile dental handelsgesellschaft mbh
Unigroup ApS,False,False,67,cao group
"Unimax Medical Products Co., Ltd.",False,False,81,utah medical products
"Unimax Medical Products Co., Ltd.",False,False,81,utah medical products
Unimax Medical Systems Inc.,True,True,100,unimax medical systems
"Unimed Medical Supplies, Inc",True,True,100,unimed medical supplies
"Unimicro Medical Systems (Shenzhen) Co., Ltd.",False,False,80,shenzhen timi medical co
Uniogen Oy,False,False,73,wonbiogen co
Union Win Industrial (China) Ltd,False,False,69,shyi shin industrial co
Uniplex Uk Ltd,False,False,73,unigloves uk
Uniprox GmbH & Co. KG,True,True,100,uniprox gmbh co kg
Uniq Health Ltd,False,True,86,una health
Uniqa Dental Laboratories,False,False,73,helena laboratories
UNIQUE DENTURES,False,False,65,rafique enterprises
UNIQUE INTERNATIONAL S.A.S,False,False,79,sante international sa
UNIQUE MEDICAL SYSTEMS,False,True,86,unimax medical systems
UNIQUECOMMERCE LTD,False,False,64,dw commerce
UNISCAN LIMITED,False,False,75,novioscan
Unisis Corporation,True,True,100,unisis
Unisur Lifecare Private Limited,True,True,100,unisur lifecare private
Unisurge International Ltd,False,True,85,uscg international
Unit Medic Aids Ltd,False,False,73,id nest medical
United Dental Laboratories,False,False,71,helena laboratories
United Disinfectant Manufacturers AG,True,True,100,united disinfectant manufacturers
United Hayek Industries (Manufacturing) Ltd.,True,True,100,united hayek industries manufacturing
United Orthopedic Corproation,False,False,74,united orthopedic
United Pacific Industries Pty Ltd,True,True,100,united pacific industries pty
United Sports Brands - McDavid,False,False,83,united sports brands
"United States Endoscopy Group, Inc.",True,True,100,united states endoscopy group
Universal Dental Lab.,False,False,68,onyx dent unipessoal lda
UNIVERSITY  VISION.,False,False,69,vision rt
University College London Hospital NHS Foundation Trust,False,False,61,bedford hospital bedfordshire hospitals nhs foundation trust
University Hopsital of North Midlands NHS Trust,False,False,47,prótesis hospitalarias
"University Hospital Birmingham NHS Foundation Trust, Department of Medical Engineering",False,False,52,bedford hospital bedfordshire hospitals nhs foundation trust
University Hospital of North Midlands NHS Trust,False,False,50,prótesis hospitalarias
University Hospitals Birmingham NHS Foundation Trust,False,False,61,bedford hospital bedfordshire hospitals nhs foundation trust
University Hospitals Bristol and Weston NHS Foundation Trust,False,False,60,bedford hospital bedfordshire hospitals nhs foundation trust
University Hospitals Coventry & Warwickshire NHS Trust - Sterile Services,False,False,45,the wellbeing services county of southwest finland
"University Hospitals Coventry and Warwickshire, Maxillofacial Prosthetics Department",False,False,48,prohs equipamento hospitalar e serviços associados
University Hospitals Dorset,False,False,67,arseus hospital nv
University Hospitals Dorset NHS Foundation Trust,False,False,67,bedford hospital bedfordshire hospitals nhs foundation trust
University Hospitals of Leicester,False,False,56,hospital services
University Hospitals of Morecambe Bay NHS Foundation Trust,False,False,56,bedford hospital bedfordshire hospitals nhs foundation trust
University Hospitals Plymouth NHS Trust,False,False,51,produtos médicos hospitalares sa
UNIVERSITY HOSPITALS PLYMOUTH NHS TRUST,False,False,51,produtos médicos hospitalares sa
University Hospitals Sussex NHS Foundation Trust (East),False,False,58,bedford hospital bedfordshire hospitals nhs foundation trust
University Hospitals Sussex NHS Foundation Trust (Sterile Services Department),False,False,51,bedford hospital bedfordshire hospitals nhs foundation trust
University of Bath,False,False,62,universkin sas
University Of Bristol,False,False,63,khalifa university enterprises
University of Leeds IP Limited,False,False,62,khalifa university enterprises
University of Liverpool,False,False,60,khalifa university enterprises
University of Oxford,False,False,55,universal biosensors
University of West of England Eye Clinic,False,False,49,hospital district of southwest finland
UNIVET LOUPES SPA,True,True,100,univet loupes spa
UNIVET S.r.l.,False,False,80,vantive s r l
Uniz Technology LLC.,False,False,81,winnoz technology
Unizell Medicare GmbH,True,True,100,unizell medicare
"Unolab Manufacturing, S.L.",True,True,100,unolab manufacturing s l
"Unitrend Co., Ltd.",True,True,100,unitrend co
"Unitron Hearing, a division of National Hearing Services Inc.",True,True,100,unitron hearing a division of national hearing services
Universal Aids Ltd,False,False,79,sure universal
Universal Biosensors Pty Ltd,False,True,91,universal biosensors
University of Nottingham,False,False,63,khalifa university enterprises
University of Ulster (Spectacle Glazing Facility),False,False,49,podospecial italy s r l
"UpToDate, Inc.",False,False,62,ohdae
Upton Dental Surgery,False,False,67,dental today srl
UroSciences B.V.,True,True,100,urosciences
Urotech GmbH,True,True,100,urotech
"Urotronic, Inc.",True,True,100,urotronic
URSAPHARM Arzneimittel GmbH,True,True,100,ursapharm arzneimittel
UV Smart Technologies B.V.,True,True,100,uv smart technologies
"VAIM Co., Ltd",True,True,100,vaim co
Vaion Health Ltd,False,True,87,vigo health
Vale Prosthetics,False,False,79,taska prosthetics
Valentine International Limited,True,True,100,valentine international
Valley Dental Laboratory Ltd,False,False,67,no7 contact lens laboratory
Valley Electronics AG,True,True,100,valley electronics
Valli (Wakefield) Limited,False,False,62,westfield medical
Valli Birchwood Limited,False,False,59,vandl biotechnology
Valli Chorlton Limited,False,False,64,vanelli srl
Valli Hull Limited,False,False,67,vanelli srl
Valli Hyde Limited,False,False,59,healios
Valli Lockwood Limited,False,False,56,vanelli srl
Valli Meltham Limited,False,False,67,sallis healthcare
Valli Stockport Limited,False,False,64,sonoportal
Valmed S.r.l.,False,False,80,silimed s r l
Van Den Burg Products BV,False,False,70,deam products bv
Van Straten Medical B.V.,True,True,100,van straten medical
Uplivin UK Ltd.,False,False,57,nuclivision
Upstream Peripheral Technologies Ltd.,True,True,100,upstream peripheral technologies
Uptake Medical B.V.,True,True,100,uptake medical
Urathon Europe Ltd,True,True,100,urathon europe
Urban Dental Design Ltd,False,False,72,eon dental jordan
"UreSil, LLC",True,True,100,uresil
Urethrotech Ltd,True,True,100,urethrotech
Urgo Ltd,True,True,100,urgo
"URIT Medical Electronic Co., Ltd.",False,True,93,urit medical electronic co ltd
"URIT Medical Electronic Co., Ltd.",False,True,93,urit medical electronic co ltd
UROMED Kurt Drews KG,False,False,55,m g kurth
UroPharma Limited,False,True,95,europharma
Uroplasty LLC,False,False,80,neutroplast
"US Endodontics, LLC",False,False,73,endodont
USB Medical,False,True,87,usgi medical
Uscom Kft.,False,False,67,promecom kft
Uscom Limited,False,False,67,somo
UShare Medical Inc,False,True,86,pulsar medical
"usMIMA, S.L.",True,True,100,usmima s l
Ustar Biotechnologies (Hangzhou) Ltd.,True,True,100,ustar biotechnologies hangzhou
USTOMED INSTRUMENTE Ulrich Storz GmbH & Co. KG,False,False,59,peter fust zahnärztliche instrumente e k
Utah Medical Products Inc.,True,True,100,utah medical products
UTAK Laboratories Inc.,False,True,86,starkey laboratories
Uzinmedicare CO. Ltd.,True,True,100,uzinmedicare
V-M Orthotics Ltd,False,True,88,dm orthotics
V-Smile | Dental Studio,False,False,77,hall dental studio
V-Trak ltd,True,True,100,v trak
Vermund Larsen UK Limited,False,True,86,vermund larsen a s
V. Guldmann A/S,True,True,100,v guldmann a s
V.G Studio,False,False,67,gigistudios
V.J. Hughes Limited,False,False,50,p j dahlhausen
Vacsax Ltd,True,True,100,vacsax
Vacu Tec Mebtechnik GmbH,False,False,78,vacutec meßtechnik
Vaditeq Limited,False,False,77,vitreq
Valeant Med Sp. z o.o.,True,True,100,valeant med sp z o o
Valli Slaithwaite Limited,False,False,64,smirthwaite
Varex Imaging Corporation,True,True,100,varex imaging
Varex Imaging Deutschland AG,True,True,100,varex imaging deutschland
Varian Medical Systems inc.,True,True,100,varian medical systems
Vascular Solutions LLC,True,True,100,vascular solutions
"Vascular Technology, Incorporated",False,False,81,conic vascular technology sa
Veden Dental Labs Inc.,False,False,69,sinedent dental sl
"Vedia solutions, Div of Laxmidental Export Pvt Ltd",False,False,81,vedia solutions division of laxmi dental export pvt
Venneir Limited,False,False,62,eneura
Venner Medical (Singapore) Pte Ltd.,True,True,100,venner medical singapore pte
Veracyte Inc.,False,False,80,veracyte sas
Verathon Inc.,True,True,100,verathon
Verathon Medical (Canada) ULC,True,True,100,verathon medical canada ulc
"Versah, LLC",False,False,71,verathon
VEVMAX UK LTD,False,False,62,vivax oü
VH Dental Laboratory,False,False,72,laboratoria bota nv
VH Pharma a.s.,False,False,78,w s pharma
VIDIA spol. sr.o.,False,False,77,vidia spol s r o
Vidiia,False,False,73,idiag
Viecura Medical Group Limited,False,False,76,medical service group bv
ViennaLab Diagnostics GmbH,False,False,82,vellap diagnostics
Vivo Dental Lab,False,False,77,kavo dental
Vanderwilt Techniques bv,True,True,100,vanderwilt techniques bv
Vanguard AG,True,True,100,vanguard
VANILLA BLUSH LTD,False,False,61,vialta s l
"Vapotherm, Inc.",False,False,63,capnopharm
Varcoe Eyecare Limited,False,False,69,eyecare eyewear
Varex Imaging Corporation,True,True,100,varex imaging
Varian Medical Systems Particle Therapy GmbH & Co. KG,True,True,100,varian medical systems particle therapy gmbh co kg
"Varian Medical Systems, Austin",False,True,86,varian medical systems
Varimed Medikal Sanayi ve Ticaret Limited Sireketi,False,False,84,burset medikal sanayi ve ticaret limited sirketi
Varodem S.A.,True,True,100,varodem
VARTA Microbattery GmbH,False,False,57,micronature s r l
Vasc-Alert LLC,False,False,67,bp alert
VascoMed GmbH,True,True,100,vascomed
"Vascular Barcelona Devices, S.L.",True,True,100,vascular barcelona devices s l
Vascular Graft Solutions Ltd.,True,True,100,vascular graft solutions
Vascular Innovations Co. Ltd,True,True,100,vascular innovations
Vascutek Ltd,True,True,100,vascutek
Vasuma Inc. AB,False,False,67,sunsam finance ab
"VATECH Co., Ltd.",True,True,100,vatech co
VBM Medizintechnik GmbH,True,True,100,vbm medizintechnik
VDW GmbH (Germany),False,False,73,vidal mmi germany
Vec Medical Spain,False,True,89,vec medical spain s l
VEC Medical Spain S.L.,True,True,100,vec medical spain s l
VectraCor Inc.,False,False,71,verco
Vectura Group Ltd,False,False,69,ict group srl
Vedalab,False,False,71,healabs
Vermilion - The Smile Experts Ltd,False,False,60,expert international
"Vedia Solutions, Division of Laxmi Dental Export Pvt Ltd.,",False,True,96,vedia solutions division of laxmi dental export pvt
Vega Technologies Inc,False,True,85,s v technologies
Vela Operations Singapore Pte. Ltd.,True,True,100,vela operations singapore pte
Veldana Medical,True,True,100,veldana medical
Veleco Spółka z Ograniczoną Odpowiedzialnością,False,True,92,"""verdent"" spółka z ograniczoną odpowiedzialnością"
Velit Biopharma S.r.l.,True,True,100,velit biopharma s r l
Velmeni Inc.,False,False,71,lumenis be
Velvet Digital,False,False,64,spirit digital
VEMO Ltd T/a Fraser Optical,False,False,64,tokai optical co ltd
"Venclose, Inc",False,False,75,enose bv
"Ventana Medical Systems, Inc.",False,False,84,varian medical systems
Ventinova Medical B.V,True,True,100,ventinova medical
Ventlab LLC.,True,True,100,ventlab
Ventripoint Diagnostics Ltd.,False,False,78,pockit diagnostics
Venture Healthcare Ltd,False,False,83,noventi healthcare
VentureMed Group Inc.,False,False,71,quantumdx group
Venturis Medical Ltd,False,False,83,noris medical
Venus Medtech (Hangzhou) Inc.,False,False,83,hangzhou valgen medtech co
Veol Medical Technologies Pvt. Ltd.,True,True,100,veol medical technologies pvt
Veracyte Diagnostics LLC,True,True,100,veracyte diagnostics
Verdent Sp. z o.o.,False,False,84,ventum sp z o o
"Vericom Co., Ltd.",True,True,100,vericom co
VERIFY+ (UK) Ltd,False,False,75,vertify
Verity Medical Ltd.,False,True,87,virility medical
Vermax Industrial Limited,True,True,100,vermax industrial
Vermeiren Group,False,False,74,nv vermeiren
VeroTest Sdn Bhd Company,False,False,69,sentienx sdn bhd
Versapak Doping Control Ltd,False,False,58,control line 21
Vertex-Dental B.V.,True,True,100,vertex dental
VertiBaX Ltd,False,False,71,verbal
Veryan Medical Ltd,False,True,86,vernon medical
Ves Vacuum International Company,True,True,100,ves vacuum international
Vesalio LLC,False,False,71,healios
Vesica Urology Ltd,False,False,64,sia olko
Vetreria Borgo Roma Snc,False,False,59,vetreria borgo roma di fiorio marta e sara s n c
Veus Dental Labs,False,False,71,scheu dental
VH TECHNOLOGIES LTD,False,True,90,s v technologies
VHMED (Nantong) Co. Ltd.,False,True,90,vhmed nantong co
"Via Actual-Comercio Internacional, Lda",False,False,69,u c international co ltd
"Viant Medical, LLC",True,True,100,viant medical
Viasonix Ltd,True,True,100,viasonix
VibroSense Dynamics AB,True,True,100,vibrosense dynamics ab
Vicair BV,False,False,80,vicair
Vicon Motion Systems Ltd,True,True,100,vicon motion systems
Victoria Gore Optometrist,False,False,57,vision one optics
Victory Dental Laboratory,False,False,65,laboratorios conda
VIDA S.R.L.,False,True,86,sidam s r l
Video Interventionnelle Medical Scientifique (VIMS),False,True,86,v i m s video interventionnelle medicale scientifique
Videomed S.r.l.,False,False,79,tipromed s r l
Vikta Ltd,False,False,73,elvika
Villa Sistemi Medicali SpA,False,False,81,villa sistemi medicali s p a
Vimap Technologies,False,True,86,vimap technologies s l u
"Vincent Medical Manufacturing Co., Ltd.",True,True,100,vincent medical manufacturing co
"View-M Technology Co., Ltd.",False,True,92,view m technology
"Vieworks Co., Ltd.",True,True,100,vieworks co
Vigeo S.R.L,False,False,78,viktor s r l
"VIGILANT BIOSCIENCES, INC",True,True,100,vigilant biosciences
Vigmed AB,False,True,95,vingmed ab
viO HealthTech Limited,True,True,100,vio healthtech
"VIOL Co., Ltd.",True,True,100,viol co
Viomedex Limited,True,True,100,viomedex
Viora Ltd,True,True,100,viora
VIOSER S.A. PARENTERAL SOLUTIONS INDUSTRY,False,False,67,medical industry solution srl
Vira Health,False,False,83,novian health
Viramed Biotech AG,True,True,100,viramed biotech
"Vircell, S.L.",True,True,100,vircell s l
Virility Medical Ltd.,True,True,100,virility medical
Virtualis,False,False,67,vitalaire
Visage Dental Laboratory,False,False,70,helena laboratories
Visage Orthodontics Ltd T/A The Priestgate Clinic,False,False,54,aid united zhenjiang protective products co limited
Visco Technology Sdn. Bhd.,True,True,100,visco technology sdn bhd
"Viscot Medical, LLC",True,True,100,viscot medical
"Visgeneer Inc.,",False,False,82,visgeneer
Visia Imaging SRL,True,True,100,visia imaging srl
VISIA Lab S.r.l.,False,False,74,viglia s r l
Visiana,False,False,78,visiana aps
Visiba Group AB,True,True,100,visiba group ab
Vision Dental Ceramics Ltd,False,False,70,ceramtec dentalvertriebs
Vision Dental Laboratory Ltd,False,False,70,helena laboratories
Vision Express (UK) Limited,False,False,67,precision vision
Vision for Life Ltd t/a Forbes Opticians,False,False,60,passion for life healthcare nl
Vision RT Limited,True,True,100,vision rt
Vincent Rehab Devices Company Limited,False,False,65,medical devices pvt
Virion\Serion GmbH,False,False,69,precision vision
Virtual Ports Ltd.,False,False,73,portavita
Vision (In Practice Systems) Ltd,False,False,65,vicon motion systems
"Vision Associates of Rochester, Inc.",True,True,100,vision associates of rochester
Visionsense Ltd.,True,True,100,visionsense
Vison Lab (Ormskirk) Ltd,False,False,69,skin vision bv
Vista Medical Ltd.,True,True,100,vista medical
Vistapath,False,False,64,stratipath ab
Visufarma S.p.A.,False,False,77,sofar s p a
"VisuScience Meditech Co., Ltd.",False,False,84,shanghai visuscience meditech co
Vita Research Srl,False,False,83,vita research s r l
VITA Zahnfabrik H. Rauter GmbH & Co. KG,False,False,60,heine optotechnik gmbh co kg
Vitacon,False,False,74,vitalconnect
"Vitaimed Instrument Co.,Ltd.",False,False,72,tonsor medical instrument co ltd
Vital Ceramics,False,False,72,reich vital
Vital Healthcare SDN. BHD.,True,True,100,vital healthcare sdn bhd
Vital Images A/S,False,False,64,vitali s r l
Vitame Ltd,True,True,100,vitame
Vitaware Ltd,False,False,82,vitalaire
Vitio Medical S.L.,True,True,100,vitio medical s l
Vito Health Pty Ltd,False,False,77,vigo health
VitreQ B.V.,True,True,100,vitreq
Vitrex Medical a/s,True,True,100,vitrex medical a s
Vitrolife A/S,True,True,100,vitrolife a s
Vitrolife GmbH,True,True,100,vitrolife
Vitrolife Sweden AB,True,True,100,vitrolife sweden ab
VITROMED GmbH Jena,False,False,67,viromed medical
Vision Rx Lab Private Limited,False,False,63,de rigo vision s p a
Visionary Intelligence Ltd.,True,True,100,visionary intelligence
"Visioneering Technologies, Inc.",True,True,100,visioneering technologies
Visionflex Pty Ltd,False,False,73,visionsearch pty
Vital Images Inc.,False,False,70,imeso it
Vital Signs Solutions,True,True,100,vital signs solutions
"VitalCare Nanjing Co,.Ltd.",False,False,67,xiamen senyang co ltd
Vitalcare Trading (UK) Limited,False,False,60,revitacare
"VitalConnect, Inc.",True,True,100,vitalconnect
VitalHub UK Limited,False,False,67,uab kavita
VITALI,False,False,80,vitalaire
"Vitalitec International, Inc. d/b/a Peters Surgical USA",False,False,64,the surgical company international
Vitalograph (Ireland) Ltd,True,True,100,vitalograph ireland
VitalScientific,False,False,77,alcor scientific
VitalScientific B.V.,False,False,77,alcor scientific
Vitamate Ltd,False,True,86,vitame
Vitatron Holding B.V.,False,False,74,vpi holding
Vitrosorb AB,True,True,100,vitrosorb ab
Vitruvian Cosmetic Dentistry LTD,False,False,58,c c dentistry office srl
Vitsa Dental Laboratory,False,False,71,helena laboratories
"VivaChek Biotech (Hangzhou) Co., Ltd.",True,True,100,vivachek biotech hangzhou co
Vivadent lab,False,False,79,ivoclar vivadent
Vivago Oy,False,False,75,vivax oü
"VivaLNK, Inc.",False,False,77,vivian
Viveca Biomed Ltd,True,True,100,viveca biomed
Vivesse Ltd,False,False,77,visser
ViVest Medical Technology Co. Ltd,False,True,89,medical technologies
Vitrosens Biyoteknoloji A.S.,False,False,77,vitrosens biyoteknoloji anonim şirketi
"Viz.ai, Inc.",True,True,100,viz ai
VQ OrthoCare,False,False,67,orthocell
Vygon GmbH & Co.KG,False,False,80,omt gmbh co kg
Wagner & Guder Medical GmbH,False,False,71,gunter medical
"Waismed, Ltd.",False,False,77,ewimed
Walk-A-Cise Ltd,False,False,62,wöhlk contactlinsen
Wallaby Medical,True,True,100,wallaby medical
Wallac Oy,True,True,100,wallac oy
Wallasey Orthodontic Practice,False,False,66,reliance orthodontic products
Walrus NZ Ltd,False,False,60,fink walter
Walsall Manor Hospital HSDU,False,False,67,imark hospital s l
Walton Dental Arts Limited,False,False,71,ma dental aps
Walton Dental Lab Ltd,False,False,69,tdv dental ltda
Walz Elektronik GmbH,True,True,100,walz elektronik
Wapro – Holland B.V.,False,True,100,wapro holland
Ward & Snape ltd,False,False,67,spec wereld
WARD 24/7 ApS,False,False,67,ward247 aps
Wardray Premise Ltd.,True,True,100,wardray premise
WarriorNP,False,False,62,amtrion
Warwick SASCo Ltd,True,True,100,warwick sasco
Wasi Hut Limited,False,False,56,maquet sas
WASSENBURG LIMITED,False,False,74,ossenberg
Water Pik Inc,True,True,100,water pik
Water-Jel Technologies LLC,True,True,100,water jel technologies
Waterhaul Ltd,False,False,62,arterya
waterlooville dental laboratory ltd,False,False,62,tin lok dongguan dental laboratory co
Waters Corporation,False,False,67,water pik
Vivo Surgical Private Limited,False,False,76,vivo surgical
Vivosonic Inc,False,False,84,vibrosonic
Vivostat A/S,False,False,72,virogates a s
VLVbio AB,False,False,67,lio g lab
VOCO GmbH,True,True,100,voco
Volcano Corporation- San Diego,False,False,73,ing corporation spol s r o
Volcke Aerosol Italy S.r.l.,True,True,100,volcke aerosol italy s r l
Volk Optical Inc.,True,True,100,volk optical
Volpara Health Technologies Limited,True,True,100,volpara health technologies
Vorotek Pty Ltd,True,True,100,vorotek pty
Vortex Surgical Inc,False,False,79,vivo surgical
Vostra GmbH,True,True,100,vostra
Voxel3Di Ltd,False,False,67,novoxel
VPIX Medical  Inc,True,True,100,vpix medical
VSL Dental Limited,False,False,80,o s dental
Vsr dental laboratory,False,False,72,laboratorios cosmodent s l
VSY Biotechnology GmbH,False,True,92,vsy biotechnology bv
VUNO INC,True,True,100,vuno
VWR International BV,True,True,100,vwr international bv
VWR International SAS,True,True,100,vwr international sas
"Vyaire Medical, Inc.,",False,True,88,vyaire medical
Vycor Medical Inc.,True,True,100,vycor medical
Vydence Medical Indústria e Comercio Ltda.,False,False,78,micromar industria e comercio ltda
Vygon,True,True,100,vygon
Vygon (UK) Ltd,False,False,77,vygon
Vygon Italia srl,True,True,100,vygon italia srl
W.A. Instruments,False,True,88,a d m instruments
"W.H.P.M. Bioresearch & Technology Co., Ltd.",False,False,69,eresearchtechnology
"W.L. Gore & Associates, Inc.",True,True,100,w l gore associates
W.O.M. World of Medicine Gmbh,True,True,100,w o m world of medicine
W.Pelz GmbH & Co. KG,True,True,100,w pelz gmbh co kg
W&H Dentalwerk Burmoos GmbH,False,False,61,bms dental srl
W&H Sterilization Srl,True,True,100,w h sterilization srl
WACO BIOMEDIKAL VE LABORATUVAR SANAYI TICARET LIMITED SIRKETI,False,False,75,i̇stanbul kozmetik laboratuarı sanayi ve ticaret limited şirketi
Wade Dental Laboratories Ltd,False,False,75,e o laboratories
"Waggoner Color Vision Testing, LLC",False,False,62,whashin korea vision co
WAK-Chemie Medical GmbH,False,False,76,medical chemical
Wake Up International B.V.,True,True,100,wake up international
Waking Beauty Ltd,False,False,62,health beauty
Waldeck GmbH & Co. KG,False,True,88,lück gmbh co kg
Waldemar Knittel Glasbearbeitungs GmbH,True,True,100,waldemar knittel glasbearbeitungs
Waldemar Link Gmbh & Co KG,False,False,72,wero gmbh co kg
Waldmann GmbH,False,False,67,alan
"Walgreen Health Solutions, LLC",True,True,100,walgreen health solutions
"Walk Vascular, LLC",False,False,67,allvascular
Waterside Dental Laboratory Limited,False,False,65,helena laboratories
Wave Dental Laboratory,False,False,68,laboratorios naves s l
WaveLight GmbH,True,True,100,wavelight
Wayside Healthcare Ltd,False,False,78,siemens healthcare
Weaver and Company,False,False,73,b webber and
Webb Medical LLC,False,True,91,we medical
WEBEE Srl,True,True,100,webee srl
Weber Hospital Systems b.v.,True,True,100,weber hospital systems
WECARE SURGERY LIMITED,False,False,64,suprcare
Wegner Dental Laboratory,False,False,67,no7 contact lens laboratory
Weidemeyer Vertriebsgesellschaft fur Medizinbedarf mbH,False,True,91,weidemeyer co vertriebsgesellschaft für medizinbedarf m b h
Weigao Medical International Co Ltd,False,True,95,weigao medical international co
"Weihai Dishang Medical Technology Co., Ltd",False,True,85,weihai crowna medical technology co
"Weihai Weigao Blood Collection Supplies Co, Ltd",False,True,95,weihai weigao blood collection supplies co ltd
WeiKeTuo  Supply  (Shenzhen)  Co. Limited,False,False,56,shenzhen yeetian technology co
WEINERT Fiber Optics GmbH,True,True,100,weinert fiber optics
WEINMANN Emergency Medical Technology GmbH + Co.KG,True,True,100,weinmann emergency medical technology gmbh + co kg
Welcare Industries SpA,False,True,87,welcare industries s p a
Welcare Research S.r.l.,False,True,86,welcare research srl
"Welch Allyn, Inc.",True,True,100,welch allyn
Welfare Medical Ltd,True,True,100,welfare medical
Welford Manufacturing Sdn. Bhd,False,False,75,inmed manufacturing sdn bhd
"Welkong Sports Industrial Co., Ltd",False,False,77,sports art industrial co
"Well care (Wuhan) medical technology Co., Ltd.",True,True,100,well care wuhan medical technology co
"Well Lead Medical Co., Ltd.",False,False,78,winmed medical co ltd
Well-Life Healthcare Ltd.,True,True,100,well life healthcare
Welland Medical Ltd,True,True,100,welland medical
Wellell Inc,False,False,77,wellex
WeLLgo Medical Products GmbH,False,False,81,sf medical products
Welling  Dental  Laboratory,False,False,68,tin lok dongguan dental laboratory co
Welling Corner Dental Practice,False,False,59,liang ya dental equipment co
"Wellmed Dental Medical Supply Co., Ltd",False,True,94,wellmed dental medical supply co ltd
Wellmind Health Limited,False,False,81,healthy mind
Wellness Nordic A/S,False,False,70,steelco nordic a s
Wells Dental Laboratory,False,False,71,helena laboratories
Wells Orthodontics,False,False,74,tangent orthodontics
Wellspect HealthCare,True,True,100,wellspect healthcare
Wellysis Corp.,True,True,100,wellysis
Welwyn Garden Ltd,False,False,62,arden medical
Welwyn GC V.E. Limited,False,False,50,wellkang ltd en
Welzo Ltd.,False,False,67,eizo
WEM Equipamentos Eletrônicos Ltda.,True,True,100,wem equipamentos eletrônicos ltda
WEMBLEY MEDICAL FACTORY JOINT STOCK COMPANY,False,False,68,usm healthcare medical devices factory joint stock
Wendy Taylor Medeiros,False,False,61,welland medical
Wensleydale Dental Laboratory,False,False,64,no7 contact lens laboratory
Wensum Dental Laboratory Limited,False,False,71,no7 contact lens laboratory
"Wenzhou Bokang Instruments Co., Ltd",False,True,94,wenzhou bokang instruments co ltd
Wenzhou ChuangYingHong International Trade Co Ltd.,False,False,80,wenzhou hengbo international trade co ltd
"WENZHOU DONGTIAN GLASSES MANUFACTURE CO.,LTD",True,True,100,wenzhou dongtian glasses manufacture co ltd
"WENZHOU EYEKEPPER TECHNOLOGY CO., LTD",False,False,71,wenzhou kangcheng eyewear co
WENZHOU EYEWORKS IMP & EXP CO LTD,False,False,68,wenzhou m i eyewear co ltd
"WENZHOU HIVISION EYEWEAR CO.,LTD",True,True,100,wenzhou hivision eyewear co ltd
WENZHOU JOYSEE EYEWEAR COMPANY LTD,False,False,78,wenzhou houde eyewear co
"Wenzhou Kangju Medical Instrument Co., Ltd",False,True,85,jiangsu zhiyu medical instrument co
"WENZHOU MINGSHIDA LIGHT INDUSTRIAL PRODUCTS CO.,LTD.",True,True,100,wenzhou mingshida light industrial products co ltd
"WENZHOU MODERN WESHARE INTERNATIONAL BUSINESS CO., LTD.",False,False,68,wenzhou international trade scm co
WENZHOU NEW STANDING EYEWEAR CO LTD,False,False,71,wenzhou kangcheng eyewear co
"Wenzhou Ouhai Wutian Dashiye Glasses Co., Ltd",False,False,67,wenzhou tuopu glasses co
"WENZHOU POWER INTERNATIONAL CO., LTD",False,False,81,wenzhou international trade scm co
"Wenzhou Rainbow Optical Co., Ltd.",False,True,86,wenzhou oron optical co
"Wenzhou SCICO Medical Corporation Co., Ltd",False,False,72,wenzhou creation optical co ltd
"WENZHOU SUNRISE INDUSTRIAL AND TRADING CO., LTD",True,True,100,wenzhou sunrise industrial and trading co
"WENZHOU TIDE-OPTICAL CO., LTD",True,True,100,wenzhou tide optical co
"WENZHOU WONDERFUL EYEWEAR CO., LTD.",False,False,78,wenzhou yida eyewear co
Wenzhou Yosun Medical Technology Co. Ltd,False,False,74,wat medical technology
"Wenzhou Youge Eyewear Co., Ltd",False,True,85,wenzhou yida eyewear co
Weqas Quality Laboratory,False,False,65,laboratoire unither
Werrington Dental Laboratory Ltd,False,False,67,laboratoire perrigo france
Wescott Medical Ltd,False,False,83,viscot medical
Wessex Dental Laboratory Limited,False,False,70,helena laboratories
Wessex Denture Studio,False,False,59,sysmex europe se
West Bridgford VE Limited,False,False,64,bio west
West End Dental Technologies Limited,False,False,78,d tech dental technologies
West Hall Aesthetics,False,False,70,vector aesthetic srl
"West Pharma. Services IL, Ltd.",True,True,100,west pharma services il
"West Pharmaceutical Services AZ, Inc.",True,True,100,west pharmaceutical services az
West Suffolk NHS Foundation trust,False,False,54,totem communication srl
Westcountry Dental Crafts.,False,False,62,anees dental instrument
westend dental laboratory (morecambe),False,False,61,tin lok dongguan dental laboratory co
Westfield Medical Limited,True,True,100,westfield medical
wilcare wales ltd,False,False,67,holocare as
Westmed Inc.,True,True,100,westmed
Weston Dental Laboratory,False,False,71,no7 contact lens laboratory
Westwood Cross VE Limited,False,False,56,twod medical co
Westwood Laboratory Limited,False,False,70,phantom laboratory
Wetling EU ApS,True,True,100,wetling eu aps
Wexler Surgical Inc,False,False,73,xelpov surgical
Weyer GmbH,True,True,100,weyer
Weymouth VE Ltd,False,False,54,mey products bv
Weyshott Dental Laboratory,False,False,68,no7 contact lens laboratory
Wheaton Brace Co,False,False,62,abrams nation
Wheelshare Ltd,False,False,67,welsheng
Whickham Dental Practice,False,False,62,katia dental sa
"WHILL, Inc.",True,True,100,whill
Whip Mix Corporation,True,True,100,whip mix
White House Dental,False,False,71,whitepeaks dental solutions
Whitefield Precision Dentistry,False,False,58,precision dental products
Whiteoak Enterprises Limited,False,False,79,evo enterprises sa
Whitepeaks Dental Solutions GmbH,True,True,100,whitepeaks dental solutions
WHITEsmile GmbH,False,False,70,whiteswell
WHW Plastics Ltd,False,False,76,plasticsa
Wickersley Eye Clinic,False,False,62,the dry eye clinic
Wickford Dental Laboratory,False,False,64,laboratorios conda
WIDE Corporation,False,False,75,wmde
Widex A/S,True,True,100,widex a s
Widnes Dental Laboratory,False,False,74,helena laboratories
Widnes VE Ltd,False,False,63,five lives
Widney Lab Limited,False,False,67,wiges ab
Wiener Laboratorios S.A.I.C,False,False,75,laboratorios indas s a u
Wiewiorka Ltd T/A Park Dental Company,False,False,64,dental world s r l
Wigram & Ware Ltd,False,False,58,siegmund care
WILAmed GmbH,True,True,100,wilamed
Wild Optics Limited,False,False,82,wink optics
Wilhelm Julius Teufel GmbH,True,True,100,wilhelm julius teufel
WILL-PHARMA B.V.,False,True,88,will pharma bv
Willerby Dental Care Ltd,False,False,67,cardex dental
Willetts & Doig Ltd,False,False,57,collis williams
William A. Cook Australia Pty. Ltd.,True,True,100,william a cook australia pty
William Cook Europe ApS,True,True,100,william cook europe aps
WILLIAM GRAHAM FINDLAY,False,False,52,william a cook australia pty
Williams Dental Laboratories Ltd,False,False,70,laboratorios cosmodent s l
Williams Medical Supplies Ltd,True,True,100,williams medical supplies
Williamson Dental Limited,False,False,69,union dental
Willingsford Ltd.,False,False,64,sp filling
Willy Rusch,True,True,100,willy rusch
Wilmslow VE Limited,False,False,53,nilas mv
Wilshaw Dental Laboratory Ltd,False,False,68,helena laboratories
"Wilson Instruments (SHA) Co., Ltd.",True,True,100,wilson instruments sha co
Wilson-Cook Medical Inc.,False,False,83,wayson medical co
Wilton House Dental Surgery,False,False,62,dental esse srl
Wilton Optical ltd,False,False,73,transitions optical
Wimbledon orthodontic laboratories limited,False,False,65,laboratorios lenticon
Wimborne Dental Laboratory,False,False,67,helena laboratories
WiMedical GmbH,True,True,100,wimedical
Windsor Centre For Advanced Dentistry,False,False,61,ezbra advanced wound care
Wingderm Electro-Optics Ltd,True,True,100,wingderm electro optics
Winkler Elastik Inh. Hilda Winkler,True,True,100,winkler elastik inh hilda winkler
Winn dental laboratory (Stocksfield),False,False,59,tin lok dongguan dental laboratory co
Winncare,False,True,88,innocare
Winncare PAC Ltd.,True,True,100,winncare pac
"Winner Medical Co., Ltd.",True,True,100,winner medical co
Winnoz Technology Inc,True,True,100,winnoz technology
Winter Opticians Ltd,False,False,74,wink optics
Wipak Oy,True,True,100,wipak oy
Wipro GE Healthcare Private Ltd,True,True,100,wipro ge healthcare private
Wipro GE Healthcare Private Ltd,True,True,100,wipro ge healthcare private
Wirewright Ltd,False,False,67,surgebright
Wirral University teaching Hospital NHS Trust,False,False,55,hospitex material hospitalar
WISAP Medical Technologies GmBH,False,True,87,medical technologies
Wisdom Toothbrushes Ltd,True,True,100,wisdom toothbrushes
Wise Dental Limited,False,True,87,dental wings
WISE Srl,False,False,75,stem srl
Wismed CC,True,True,100,wismed cc
Wissner-Bosserhof GmbH,False,False,61,biosense webster
Withings,True,True,100,withings
Witney Dental Practice,False,False,63,tekne dental srl
Wivenhoe Dental Laboratory,False,False,68,no7 contact lens laboratory
WK Dental Ceramics Ltd,False,False,71,cms dental
Woehlk Contactlinsen GmbH,False,True,95,wöhlk contactlinsen
Woking VE Ltd,False,False,63,ce marking
Wolds Optical LTd,False,False,80,volk optical
WOLF-Medizintechnik GmbH,True,True,100,wolf medizintechnik
Wolfeyewear Ltd,False,False,69,coblens eyewear
Wolffsohn Research,False,False,69,tyson bioresearch
WOLTURNUS A/S,False,False,64,aq solutions
Wolverson X-Ray Ltd,False,False,60,veranex germany
WomanCare Global,True,True,100,womancare global
Womed SAS,False,False,75,omda as
"Woo Young Medical Co., Ltd",True,True,100,woo young medical co
Woodford Dental Services & Woodford Prosthetics Studio,False,False,53,elysee dental supplies services
Woods Dental,False,False,82,o s dental
Woods Orthotics Ltd,False,False,67,dm orthotics
"WOORHI MECHATRONICS Co., Ltd",True,True,100,woorhi mechatronics co
World Class Technology Corporation,True,True,100,world class technology
World Foods Brand Management Ltd,False,False,59,impro management
"Worldwide Innovations & Technologies, Inc.",True,True,100,worldwide innovations technologies
Worthing VE Ltd,False,False,63,orthotin
WoundEx Limited,False,False,77,wonder
WoundMatrix Inc,False,False,70,quantamatrix
"Woven Orthopedic Technologies, LLC",False,False,76,veran medical technologies
WR Medical Electronics Co.,True,True,100,wr medical electronics
Wrangler Instruments,False,False,81,saver instruments
Wrig Nanosystems Private Limited,False,False,61,towne brothers private
Wright Health Group Ltd,False,False,79,mirage health group
"Wright Medical Technology, Inc.",False,True,89,wat medical technology
Wrightington Wigan and Leigh Teaching Hospitals NHS Foundation Trust SSDU,False,False,50,bedford hospital bedfordshire hospitals nhs foundation trust
WRP Asia Pacific Sdn Bhd,True,True,100,wrp asia pacific sdn bhd
WS SMILESTUDIO LTD,False,False,64,studio emi srl
WSAUD A/S,False,False,70,sacomed a s
WSM Optical Limited,False,False,82,ser optical
WSR Medical Solutions Limited,False,True,87,chl medical solutions srl
"WU'S Tech (Vietnam) Co., Ltd.",False,False,75,wu’s tech co
"WU’S Tech Co., Ltd.",True,True,100,wu’s tech co
"Wuhan Ammunition Life-tech Co.,Ltd.",True,True,100,wuhan ammunition life tech co ltd
"Wuhan Gigaa Optronics Technology Co., Ltd.",True,True,100,wuhan gigaa optronics technology co
"Wuhan Huashida Protective Products Co.,Ltd",True,True,100,wuhan huashida protective products co ltd
"Wuhan J.H. Bio-Tech Co., Ltd.",True,True,100,wuhan j h bio tech co
"Wuhan Life Origin Biotech Joint Stock Co., Ltd.",False,False,59,wuhan uni science biotechnology co
"Wuhan MGI Tech Co., Ltd.",True,True,100,wuhan mgi tech co
"Wuhan Pakcare Bio-technology Co., Ltd.",False,True,94,wuhan pakcare bio‐technology co ltd
"Wuhan Pioon Technology Co., Ltd.",False,True,86,wuhan phomed technology co
"Wuhan Raytex Protection Co., Ltd.",False,False,68,wuhan lanyuan protective co
"Wuhan Servicebio Technology Co., LTD",False,False,75,wuhan dimed laser technology co
"WUHAN TOPMED TRADING CO., LTD",False,True,92,wuhan topmed trading co ltd
"Wuhan UNscience Biotechnology Co., Ltd",False,True,91,wuhan uni science biotechnology co
"WuHan Youkey Bio-Medical Electronics Co., Ltd",True,True,100,wuhan youkey bio medical electronics co
"Wuhan Zoncare Bio-medical Electronics Co., Ltd.",False,True,95,wuhan zoncare bio medical electronics co ltd
"Wuhan Zoncare Bio-medical Electronics Co., Ltd.",False,True,95,wuhan zoncare bio medical electronics co ltd
"Wuhan Zonsen Medical Products Co., Ltd.",False,False,79,shandong shingna medical products co
"Wujiang City Cloud & Dragon Medical Device Co., Ltd.",False,False,77,wujiang city shen ling medical device co
"Wujiang City Shenlong Medical Health Product Co., Ltd.",True,True,100,wujiang city shenlong medical health product co
"Wujiang Kangxin Surgical Dressings Co.,Ltd.",True,True,100,wujiang kangxin surgical dressings co ltd
WULFF,False,False,57,wulfhorst
"Wuxi Apex Medical  Co., Ltd.",True,True,100,wuxi apex medical co
"Wuxi BioHermes Bio & Medical Technology Co., Ltd.",True,True,100,wuxi biohermes bio medical technology co
"Wuxi Biomedical Technology Co., Ltd.",False,False,83,x nov medical technology
"Wuxi EA Bio-Tech Co., Ltd.",True,True,100,wuxi ea bio tech co
Wuxi EA Medical Instruments Technologies Limited.,False,False,71,front line medical technologies
"WUXI EMSRUN TECHNOLOGY CO., LTD",True,True,100,wuxi emsrun technology co
"Wuxi Exanovo Medical Instrument Co., Ltd.",True,True,100,wuxi exanovo medical instrument co
"Wuxi Hisky Medical Technologies Co., Ltd.",False,True,86,wuxi isee medical technology co
"Wuxi Jiajian Medical Instrument Co., Ltd.",True,True,100,wuxi jiajian medical instrument co
"Wuxi Jike Electronics Co., Ltd.",False,True,92,wuxi jike electronics co ltd
"Wuxi Kaishun Medical Device Manufacturing Co., Ltd.",True,True,100,wuxi kaishun medical device manufacturing co
"Wuxi Kangqiang Industrial Equipment Co., Ltd.",False,False,68,zhangjiagang medi medical equipment co
"Wuxi NEST Biotechnology Co., Ltd",False,True,93,wuxi nest biotechnology co ltd
"Wuxi Opulen Technology Co.,Ltd.",True,True,100,wuxi opulen technology co ltd
"Wuxi Techstar Technology Co.,Ltd",False,False,73,wuxi opulen technology co ltd
Wuxi Vision Pro LTD,True,True,100,wuxi vision pro
"Wuxi Wemade Healthcare Products Co., Ltd",True,True,100,wuxi wemade healthcare products co
Wuzhou Aokace Technology Co Ltd,False,False,73,wenzhou astock biotechnology co
Wycombe Dental centre,False,False,65,hasharon dental center
Wyke Dental Laboratory,False,False,68,helena laboratories
WYSA,False,False,67,yslab
Wyvern Dental Castings Ltd.,False,False,63,astron dental
Wyvern Medical Ltd,False,True,86,vernon medical
X L CROWN & BRIDGE LABORATORY,False,False,64,laboratorios betamadrileño s l
X-CEN-TEK GmbH & Co.KG,True,True,100,x cen tek gmbh co kg
"X-Nav Technologies, LLC",False,True,86,anna technologies
X-os S.A.,True,True,100,x os
X-System Ltd,False,True,93,systemx
X-Tech Medical Ltd,True,True,100,x tech medical
X6 Innovations SAS,False,True,88,x6 innovations
Xavant Technology (Pty) Ltd,True,True,100,xavant technology pty
Xcem Ltd.,False,False,75,xema
Xen Smiles Limited,False,False,67,smilesonica
Xenios AG,False,False,73,xiros
XENODERM SRL,False,False,67,teyder sl
XEOS Medical,True,True,100,xeos medical
Xeridiem Medical Devices (A Spectrum Plastics Group Company),True,True,100,xeridiem medical devices a spectrum plastics group company
"Xi'an Friendship Medical Electronics Co., Ltd (Friendship Medical)",False,False,77,xi'an friendship medical electronics co
Xi'an Furuize Biotechnology Co. Ltd,False,False,74,anxuyuan biotechnology wuxi
"Xiamen Ants Bro Technology Co., Ltd.",False,False,78,ayida（xiamen）p c technology co
Xiamen Atlantis Mfc Co. Ltd.,False,True,93,xiamen atlantis mfc co
"Xiamen Biotime Biotechnology Co., Ltd",True,True,100,xiamen biotime biotechnology co
"Xiamen Boson Biotech Co., Ltd.",True,True,100,xiamen boson biotech co
"Xiamen Compower Medical Tech. Co., Ltd.",False,False,73,xiamen new concept medical technology co
"Xiamen Hopegen Medical Technology Co., Ltd.",False,True,89,xiamen higia medical technology co
Xiamen J Brace Medical Equipment Co ltd,False,False,81,xeek xiamen medical equipment co
"Xiamen Probtain Medical Technology Co., Ltd",False,True,95,xiamen probtain medical technology co ltd
"Xiamen Senyang Co., Ltd.",False,True,89,xiamen senyang co ltd
"Xiamen Wiz Biotech Co., Ltd.",True,True,100,xiamen wiz biotech co
"Xiamen World Gear Sports Goods Co., Ltd",False,False,67,eastar xiamen import export co
"Xiang Fa Li Technology (Xiamen) Co., Ltd.",False,True,94,xiang fa li technology xiamen co ltd
"Xiangyang rina kang medical equipment Co., ltd",False,False,79,zhangjiagang jiekang medical equipment co
Xianning Full Guard Medical Products Co Ltd,False,True,91,xianning full guard medical products co ltd
"Xianning Full Guard Medical Products Co., Ltd",False,True,95,xianning full guard medical products co ltd
"Xiantao Deming Healthcare Products Co., Ltd",True,True,100,xiantao deming healthcare products co
"XIANTAO MAOSHENG PLASTIC PRODUCTS CO., LTD",False,False,76,xiantao hongcheng health products co ltd
"Xiantao Rayxin Medical Products Co., Ltd.",False,True,95,xiantao rayxin medical products
"Xiantao Tongda Non-woven Products Co., Ltd.",True,True,100,xiantao tongda non woven products co
"Xiantao Xingrong Protective Products Co., Ltd.",False,True,95,xiantao xingrong protective products co ltd
Xiantao Yongli Medical Products Co. Ltd,False,False,77,xiantao rayxin medical products
"Xiantao Yucheng Nonwoven Products Co., Ltd",True,True,100,xiantao yucheng nonwoven products co
"Xiantao Yunxiang Protective Products CO., LTD",False,True,91,xiantao zhikang protective products co
"Xiantao Zhongtai Protective Products Co., Ltd",True,True,100,xiantao zhongtai protective products co
Xilloc Medical INT. B.V.,True,True,100,xilloc medical int
Xim Limited,True,True,100,xim
"Xingtai Great Import and Export Co., Ltd.",False,False,69,shanghai bize import and export co ltd
"Xingyu Medical Tech Co.,Ltd",True,True,100,xingyu medical tech co ltd
"Xinle Huabao Medical Products Co., Ltd",False,False,79,hubei xianlu medical health products co
Xion GmbH,True,True,100,xion
Xiros Limited,True,True,100,xiros
XO CARE A/S,True,True,100,xo care a s
Xodus Medical Inc.,True,True,100,xodus medical
Xograph Healthcare limited,False,False,77,hr healthcare
"Xoran Technologies, LLC",False,False,81,tracey technologies
Xplora USA LLC dba Six Month Smiles,False,False,50,varian medical systems münchen
Xr Mouthguards,False,False,54,re guard kft
XR Therapeutics Ltd,False,True,85,xcell therapeutics
XS DENTAL LABORATORY,False,False,74,laboratorios cosmodent s l
XSENSOR Technology Corporation,False,False,75,xoto technolgy
"XSTO CO., LTD.",True,True,100,xsto co
Xstrahl Limited,True,True,100,xstrahl
"Xuchang Zhende Surgical Dressing Co., Ltd.",True,True,100,xuchang zhende surgical dressing co
"Xuchang Zhengde Environstar Medical Products Co., Ltd.",True,True,100,xuchang zhengde environstar medical products co
XUND Solutions GmbH,True,True,100,xund solutions
"Xuzhou Heabens Medical Technology Co., Ltd.",False,False,83,jiangsu xuhe medical technology co
"Xuzhou Kaixin Electronic Instrument Co., Ltd.",False,False,68,suzhou helmen precision insturments co ltd
"Xuzhou Kernel Medical Equipment Co.,Ltd",False,False,77,royal fornia medical equipment co ltd
"Xuzhou Yongkang Electronic Science Technology Co., Ltd",False,False,78,xuzhou hengjia electronic technology co
"Xuzhou Yongkang Electronic Technology Co., Ltd",False,False,78,xuzhou hengjia electronic technology co
XVIVO B.V.,True,True,100,xvivo
XVIVO Perfusion AB,True,True,100,xvivo perfusion ab
"Y.M.K. International Co., Ltd.",True,True,100,y m k international co
"Ya Horng Electronic Co., Ltd",False,True,88,yahorng electronic co
"Yaan Device Co., Ltd.",True,True,100,yaan device co
Yamagata Casio Co Ltd,False,True,90,yamagata casio co
"YAMAHACHI DENTAL MFG., CO.",True,True,100,yamahachi dental mfg
"YAMAKIN CO., LTD.",False,False,70,ce marking
Yancheng Tiarun Medical Instrument Factory,False,True,99,yancheng tianrun medical instrument factory
"Yancheng Trancom First Aid Supplies Industrial Co., Ltd",False,False,64,wenzhou sunrise industrial and trading co
"Yangzhou Changqingshu Sports Goods Co., Ltd.",False,True,95,yangzhou changqingshu sports goods co ltd
"Yangzhou Fartley Medical Instrument Technology Co., Ltd.",True,True,100,yangzhou fartley medical instrument technology co
"Yangzhou Hongwei Sports Goods Co., Ltd.",False,True,86,yangzhou jingba sports goods co
"Yangzhou Medline Industry Co., Ltd.",False,False,76,yangzhou comper industry trading co
"Yangzhou Qiangjing Sports Products Co., Ltd.",False,False,79,yangzhou jingba sports goods co
"YANGZHOU SARAGUARD MEDICAL SUPPLIES CO., LTD",True,True,100,yangzhou saraguard medical supplies co
"Yangzhou Star Oral Care Products Co.,Ltd",False,False,69,suzhou medsport products co ltd
"YANGZHOU SUXIANG MEDICAL INSTRUMENT CO., LTD",False,True,86,zhengzhou yupintang medical instrument co
"Yangzhou Weiba Sports Goods Co., Ltd.",False,False,79,yangzhou jingba sports goods co
YASCO ENTERPRISE COPR.,False,True,86,yasco enterprise
Yasee Biomedical Inc.,True,True,100,yasee biomedical
"Yasui Co., Ltd.",False,False,71,vsi co
YD Diagnostics CORP.,True,True,100,yd diagnostics
YDM Corporation,True,True,100,ydm
Yeovil VE Ltd,False,False,60,eyevinci bv
"Yestar (Guangxi) Medical System Co., Ltd.",True,True,100,yestar guangxi medical system co
Yilmaz Medikal,False,False,74,prima medical
Yingkou Henyi Flow Control Inc,False,False,59,f m control s l
Yingtai Suzhou Medical Technology Co Ltd,False,True,96,yingtai suzhou medical technology co
"Yiwu Ori-Power Medtech Co., Ltd.",False,True,93,yiwu ori power medtech co ltd
"Yiwu Xutai Outdoor Camping Products Co., Ltd.",False,True,95,yiwu xutai outdoor camping products co ltd
YNR Instruments Ltd,False,True,87,ysc instruments
"YONGKANG BEIQIN INDUSTRY&TRADE CO.,LTD",False,True,86,yongkang litu industry and trade co
"Yongkang Hengyi Vehicle Co., Ltd",False,False,65,hengyi medical co
"Yongkang Ruihe Metal Products Co., LTD",True,True,100,yongkang ruihe metal products co
YongKang Sinotech Import & Export Co. Ltd,False,False,68,inter line import export aps
"YONGKANG YILE VEHICLE CO., LTD",False,False,62,yongkang feike outdoor supplies co
"Yongkang Youchi technology Co., LTD",False,False,70,youcare technology co ltd wuhan
Yoovy Ltd,False,False,75,ovy
"YooYoung Pharmaceutical Co., Ltd",True,True,100,yooyoung pharmaceutical co
Yorkshire Dental Services,False,False,68,elysee dental supplies services
YorkTest Laboratories Ltd,False,False,82,lorne laboratories
YouDiagnose Limited,False,False,70,diagnosys
YouMedical BV,False,True,87,youmedical
Young Dental Manufacturing Co 1 LLC,False,True,88,young dental manufacturing i
Young Innovations Inc,True,True,100,young innovations
Young Microbrush LLC dba Microbrush International,False,False,66,microbrush international
Young Microbrush LLC dba Microbrush International',False,False,66,microbrush international
Younger Mfg. Co.,True,True,100,younger mfg
Your.MD Ltd.,False,False,67,medor
"YourBio Health, Inc.",False,True,85,orbit health
YOURGENE HEALTH UK LTD,True,True,100,yourgene health uk
Yourmedpack Limited,False,False,78,medpack
YourRad AB,False,False,67,lumiradx ab
Ypsomed AG,False,False,71,sonomed
YS LAB,False,False,67,ezyas abc
YTY Industry Sdn Bhd,False,False,71,axg industries sdn bhd
YUCEL MEDIKAL,False,False,78,uc medical
YUHUAN CITY SHENGBO MOULD MANUFACTURING CO LTD,False,True,92,yuhuan city shengbo mould manufacturing co ltd
"Yukon Medical, LLC",True,True,100,yukon medical
"Yukun (Beijing) Technology Co., Ltd.",False,True,92,beijing unt technology co
Yung Sheng Optical Co. Ltd.,False,True,92,yung sheng optical co
"Yung Sheng Optical Co., Ltd",True,True,100,yung sheng optical co
"Yunnan Huazhiyuan Medical Technology Co., Ltd.",False,False,82,yian medical technology haining co
"Yurim Medical Co., Ltd",True,True,100,yurim medical co
"Yurob Rehabilitation Medical Co., Ltd",False,True,94,yurob rehabilitation medical co ltd
"Yushin Medical Co., Ltd",True,True,100,yushin medical co
"Yutong (Zhejiang) Medical Technology Co., Ltd",False,True,92,zhejiang yikang medical technology co
"Yuyao Guangjing Medical Instrument Co., Ltd.",False,True,95,yuyao guangjing medical instrument co ltd
"Yuyao Hairui Medical Devices Co., Ltd",False,True,98,yuyao hairui medical device co
Yuyeang Industrial Company Limited,False,False,74,vermax industrial
YUYU Designs Ltd,False,False,67,stylite designs
Yvsolab NV,False,False,67,yslab
Z-Medical GmbH + Co. KG,False,True,86,medida gmbh co kg
Zack Eye Clinic Ltd,False,False,67,the dry eye clinic
ZACROS Corporation,False,False,73,xaros
ZADI TIBBI GERECLER SAN VE TIC A.S,False,False,79,zadi̇ tibbi̇ gereçler san ve ti̇c a ş
ZAHONERO S.L.U.,False,False,62,salus shoes s l
"Zakład Techniki Medycznej ""TECH-MED"" Sp. z o.o.",False,False,66,instal technika medyczna sp z o o
Zamar Medical d.o.o,True,True,100,zamar medical d o o
"Zap Surgical Systems, Inc.",True,True,100,zap surgical systems
ZAS Eyecare Limited,False,False,75,leica eyecare
Zasber International,False,True,85,rizbro international
Zeal Lifestyle Ltd,False,False,71,raymond lifestyle
Zebra A/S,False,False,75,zat a s
Zeltiq Aesthetics Inc,False,False,75,merz aesthetics
Zemurg,False,False,60,urgo
Zenicor Medical Systems AB,False,False,77,a2 medical systems
Zenith Dental Laboratory Ltd,False,False,67,no7 contact lens laboratory
Zenith Digital Dental Lab,False,False,68,final dental lab
Zepf Medical Instruments Gmbh,True,True,100,zepf medical instruments
Zeptometrix,False,False,73,zenometrics
Zero-Cast Ltd,False,False,75,sero as
"Zerone Co., Ltd",True,True,100,zerone co
"Zest Anchors, LLC",True,True,100,zest anchors
Zeta S.r.l.,False,True,87,zeta s r l mf
Zeteon Limited,False,False,83,zethon
ZETESMED Ltd  t/a BUTTERFLY Dental,False,False,57,butterfly italia srl
Zethon Ltd,True,True,100,zethon
Zetta Genomics LTD,False,False,71,genomic health
Zetta25 AG,False,False,57,ett spa
"Zeus Scientific, Inc.",True,True,100,zeus scientific
Zevex Inc (DBA MOOG Medical Devices),False,False,69,g v llc dba anjon medical devices
Zfx GmbH,False,False,57,qfix
"Zhangjiagang Dayu Rubber Products Co., Ltd",False,False,76,zhangjiagang jiayin sanitary products co
"ZHANGJIAGANG MEDI MEDICAL EQUIPMENT CO., LTD",True,True,100,zhangjiagang medi medical equipment co
"ZHANGJIAGANG XIEHE MEDICAL APPARATUS & INSTRUMENTS CO., LTD",False,False,80,sichuan shuanglu medical apparatus instruments co
"Zhanjiang Star Enterprise Co., Ltd",False,False,72,horsing enterprises co
"ZHEJIANG B.M. INDUSTRIAL CO., LTD.",False,False,75,zhangjiagang wenhao industrial co
"ZHEJIANG BANGHAONING MEDICAL SUPPLIES CO., LTD",True,True,100,zhejiang banghaoning medical supplies co
"Zhejiang Barty Medical Technology Co., Ltd.",False,False,83,bear medical technology zhongshan co
"Zhejiang Biorear Biotechnology Co., Ltd.",False,True,91,zhejiang besay biotechnology co
Zhejiang Changdi Medical Co.Ltd,False,False,76,zhejiang aoki medical dressing co ltd
"Zhejiang Chuangxiang Medical Technology Co., LTD.",True,True,100,zhejiang chuangxiang medical technology co
Zhejiang POCTech Co. LTD,False,False,74,zhejiang ql biotech co
Zhejiang Fomos Medical Technology Co. Ltd,False,True,89,zhejiang honsun medical technology co
"Zhejiang Geyi Medical Instrument Co., Ltd.",False,True,95,zhejiang geyi medical instrument co ltd
"Zhejiang Goosetec Co.,Ltd",False,False,74,zhejiang fangbo glasses co ltd
"Zhejiang Healnoc Technology CO., LTD",True,True,100,zhejiang healnoc technology co
"Zhejiang Hfizer Medical Equipment CO., LTD",False,True,95,zhejiang hfizer medical equipment co ltd
"Zhejiang Hongyu Medical Commodity Co., Ltd",False,False,70,zhejiang haisheng medical device co
"Zhejiang Huafu Medical Equipment Co., Ltd",False,True,95,zhejiang huafu medical equipment co ltd
"Zhejiang Innuovo Rehabilitation Devices Co., Ltd",False,True,95,zhejiang innuovo rehabilitation devices co ltd
"ZheJiang J&J Mobility Co., Ltd",True,True,100,zhejiang j j mobility co
"Zhejiang Jingjia Medical Technology Co., Ltd.",True,True,100,zhejiang jingjia medical technology co
"Zhejiang Kindly Medical Devices Co., Ltd.",False,False,81,zhejiang fert medical device co ltd
Zhejiang Lanhine Medical Products Ltd.,True,True,100,zhejiang lanhine medical products
"Zhejiang Longde Pharmaceutical Co., Ltd.",False,True,94,zhejiang longde pharmaceutical co ltd
"Zhejiang Longmed Medical Technology Co., Ltd",False,True,94,zhejiang longterm medical technology co
"Zhejiang Longterm Medical Technology Co., Ltd.",True,True,100,zhejiang longterm medical technology co
"Zhejiang Maizi Hosiery Technology Co,. Ltd",True,True,100,zhejiang maizi hosiery technology co
Zhejiang Mediunion Healthcare Group Co. Ltd.,False,False,77,sunkiss healthcare zhejiang co
Zhejiang Medstar Technology Co Ltd,False,True,95,zhejiang medstar technology co
"Zhejiang Medstar Technology Co., Ltd.",True,True,100,zhejiang medstar technology co
"ZHEJIANG NYSIN MEDICAL CO., LTD",False,False,80,shinchang medical co
"Zhejiang Ori-power Medtech Co., Ltd.",False,False,76,yiwu ori power medtech co ltd
Zhejiang Orient Gene Biotech Co. Ltd,False,False,73,zhejiang gene science co
"Zhejiang PushKang Biotechnology Co., Ltd.",True,True,100,zhejiang pushkang biotechnology co
"Zhejiang Qianxi Vehicle Co., Ltd.",False,False,71,zhejiang jianrui technology co
"Zhejiang Rehan Medical Manufacturing Co., Ltd.",False,False,76,vincent medical manufacturing co
"Zhejiang Richall Medical Technology Co., Ltd.",False,True,87,zhejiang meijiahua medical technology co
"ZHEJIANG RUNLAB TECHNOLOGY CO., LTD.",True,True,100,zhejiang runlab technology co
"Zhejiang Runqiang Medical Instruments Co., Ltd.",False,True,95,zhejiang runqiang medical instruments co ltd
"Zhejiang Shuyou Surgical Instrument Co., Ltd.",False,False,73,zhejiang geyi medical instrument co ltd
"Zhejiang Tongda Electric Appliance Co., Ltd",False,False,79,zhejiang yuantong medical appliances co
"ZHEJIANG TONGDA OPTICAL CO.,LTD.",True,True,100,zhejiang tongda optical co ltd
"ZHEJIANG TOPWE TOOLS MANUFACTURING CO., LTD",False,False,64,topshelf manufacturing
Zhejiang UE Medical Corp.,True,True,100,zhejiang ue medical
"Zhejiang YiGao Medical Technology Co., Ltd.",False,True,93,zhejiang yikang medical technology co
"Zhejiang Yikang Medical Technology Co. , Ltd.",True,True,100,zhejiang yikang medical technology co
"Zhejiang Yinchili Medical Technology Co., Ltd.",False,True,89,zhejiang yikang medical technology co
Zhejiang Zhonglei Medical Technology Co. Ltd,False,False,83,zhejiang tuo zhen medical technology co
"Zhejiang Zhuoyi Industrial & Trading Co.,Ltd",False,False,78,zhejiang rongsheng industrial co ltd
"Zhende Medical Co., Ltd.",True,True,100,zhende medical co
"ZHENGZHOU BESCO MEDICAL CO., LTD",False,True,93,zhengzhou besco medical co ltd
"Zhengzhou Fortune Bioscience Co., Ltd.",False,False,75,creative biosciences guangzhou co
"Zhengzhou Huaer Electro-Optics Technology Co., Ltd.",True,True,100,zhengzhou huaer electro optics technology co
Zhengzhou PZ Laser Slim Technology Co Limited,False,False,73,zhengzhou olive electronic technology co
"ZIMMER U.S., Inc. Connected Health",False,False,59,et healthcare suzhou co
"Zhengzhou PZ Laser Slim Technology Co., Ltd",False,False,78,zhengzhou olive electronic technology co
"Zhenjiang Assure Medical Equipment Co.,Ltd.",True,True,100,zhenjiang assure medical equipment co ltd
"Zhenjiang Rapid Rehab & Instrument Co., Ltd.",True,True,100,zhenjiang rapid rehab instrument co
"Zhenjiang U-Nurse Medical Equipment Co., Ltd",False,False,79,shenzhen tianlang medical equipment co
Zhermack SpA (Italy),False,False,80,zhermack spa
"ZhiDeMingChuang Biotechnology (Wuxi) Co., Ltd.",False,False,76,hunan dymind biotechnology co
"Zhonghong Pulin Medical Products Co., Ltd.",False,True,95,zhonghong pulin medical products co ltd
"Zhongshan Aolike Medical Equipment Technology Co., Ltd.",True,True,100,zhongshan aolike medical equipment technology co
"Zhongshan Bliss Medical Instrument Co., Ltd.",True,True,100,zhongshan bliss medical instrument co
"Zhongshan City GENTRY Hardware Products Co., Ltd",False,False,61,wujiang city shenlong medical health product co
"Zhongshan First Medical Equipment Co., Ltd.",False,True,85,zhongshan qunn medical equipment co ltd
"Zhongshan First Medical Equipment Co., Ltd.",False,True,85,zhongshan qunn medical equipment co ltd
"Zhongshan Jinli Electronic Weighing Equipment Co., Ltd.",True,True,100,zhongshan jinli electronic weighing equipment co
"ZHONGSHAN QUNN MEDICAL EQUIPMENT CO., LTD",False,True,95,zhongshan qunn medical equipment co ltd
"Zhongshan World Medical Insturments Co., Ltd.",False,True,97,zhongshan world medical instruments co
"Zhongxiu Science and Technology Co., Ltd.",False,True,94,zhongxiu science and technology co ltd
"Zhuhai Baso Gene Technology Co., Ltd.",False,False,75,zhuhai rayimaging technology co
"Zhuhai DL BioTech Co., Ltd",True,True,100,zhuhai dl biotech co
"Zhuhai DR Medical Instruments Co., Ltd",True,True,100,zhuhai dr medical instruments co
"Zhuhai Ton-Bridge Medical Tech. Co., Ltd.",False,False,78,zhuhai ton bridge medical tech  co  ltd
Zinexts Life Science Corp.,True,True,100,zinexts life science
"Zhuhai Vision Medical Technology Co., Ltd.",False,False,84,wuhan vickor medical technology co
Zhuji Zhiwei Information and Technology Ltd.,True,True,100,zhuji zhiwei information and technology
"Zhuolu Jontelaser Manufacturing Technology Co., Ltd.",False,False,68,global manufacturing technology pty
"Zibo Blue Sail Health Technology Co., Ltd.",False,False,77,belle healthcare technology co
"Zibo Blue Sail Innovation Co., Ltd.",False,False,83,shandong blue sail innovation co
"Zibo Blue Sail Protective Products Co., Ltd.",True,True,100,zibo blue sail protective products co
Zibo Qiaosend Medical Articles Co Ltd,False,True,95,zibo qiaosend medical articles co
"Zibo Qichuang Medical Products Co., Ltd",False,False,75,shandong shingna medical products co
"Zibo Sunrise Medical Co., Ltd",True,True,100,zibo sunrise medical co
Ziehm Imaging GmbH,False,False,77,trice imaging
"Ziehm-Orthoscan, Inc.",True,True,100,ziehm orthoscan
"ZIEN Medical Technologies, Inc",True,True,100,zien medical technologies
"ZIEN Medical Technologies, Inc",True,True,100,zien medical technologies
"Zimmer Biomet Spine, Inc.",True,True,100,zimmer biomet spine
Zimmer CAS,True,True,100,zimmer cas
Zimmer Dental Inc,True,True,100,zimmer dental
Zimmer GmbH,True,True,100,zimmer
Zimmer Inc.,True,True,100,zimmer
Zimmer Knee Creations,True,True,100,zimmer knee creations
Zimmer MedizinSysteme GmbH,True,True,100,zimmer medizinsysteme
Zimmer Surgical,False,False,81,symmetry surgical
Zimmer Surgical SA,False,False,74,symmetry surgical
Zimmer Switzerland Manufacturing GmbH,False,False,76,schottlander manufacturing
"Zimmer Trabecular Metal Technology, Inc",True,True,100,zimmer trabecular metal technology
ZIP Diagnostics Pty Ltd,True,True,100,zip diagnostics pty
Zirkonzahn srl,True,True,100,zirkonzahn srl
Ziwig,True,True,100,ziwig
"Ziyang Freqty Medical Equipment Co., Ltd.",False,False,81,zhejiang hfizer medical equipment co ltd
ZKD Dental Laboratory,False,False,68,laboratorios cosmodent s l
ZL Microdent-Attachment GmbH & Co. KG,False,False,81,zl microdent gmbh co kg
ZMI Electronics Ltd,True,True,100,zmi electronics
"ZOGEAR Medical Co., Ltd.",True,True,100,zogear medical co
"ZOLL Circulation, Inc",False,False,63,rollz international
ZOLL Manufacturing Corporation,False,False,83,theo manufacturing
ZOLL Medical Corporation,True,True,100,zoll medical
ZOLL Medical Israel Ltd.,False,False,77,zoll medical
ZOLL Medical UK Ltd,False,True,89,zoll medical
Zoobiotic Ltd T/A BioMonde,False,False,57,amos scientific pty ltd
ZRT Laboratory,False,False,75,phantom laboratory
Zuccari Srl,False,False,75,zuccari s r l
Zucchetti Centro Sistemi SpA,True,True,100,zucchetti centro sistemi spa
Zuche Pharmaceuticals Pvt. Ltd.,False,False,76,ste pharmaceuticals s l u
Zumax Medical Co Ltd,False,False,83,medical mix
Zyagnum AG,False,False,59,magnum srl
Zybio Inc,True,True,100,zybio
Zych Ceramics Dental Laboratory,False,False,65,j b implant and dental ceramics
"Zylox-Tonbridge Medical Technology Co., Ltd.",False,False,75,vg medical technology co
Zymo Research Corporation,True,True,100,zymo research
ZyMot Fertility Inc.,False,False,71,future fertility
"Zyris, Inc.",False,False,67,risa
ZytoVision GmbH,True,True,100,zytovision
