pard_name,match_found
NOVAGENIT SRL,True
Robinson Healthcare Ltd,True
1stQ GmbH,True
2 Eyes Vision S. L.,False
"21 Century Medical Co., Ltd.",True
21D Bioengineering Limited,False
21MC Grup İç ve Dış Tic. Ltd. Şti.,False
"23andMe, Inc.",True
270 Vision Limited,False
2nd Nature Dental Laboratory Ltd,False
2TH Dental Practice,False
3 DENTAL MANUFACTURING LTD,False
"3-Point Products, Inc.",False
313 Visioncare Ltd,False
360 Fabrications Ltd,False
365 Health Solutions ltd,False
3A HEALTH CARE S.r.l.,False
"3A Medical Products Co., Ltd",True
3B BlackBio Biotech India Limited (a subsidiary of Kilpest India Limited),False
3B BlackBio Dx Limited,True
3C-Medical Intelligence GmbH,True
3CPM Company / Endosure Inc,False
"3D Biomedicine Science & Technology Co., Ltd",True
3D Dental Laboratory ltd,False
3D Imaging & Simulation Corp Americas,False
3D LifePrints UK Ltd,False
1987 Media Limited,False
1OSD Limited,False
1STCHOICE DENTAL LABORATORY LTD,False
Novak M d.o.o.,False
Novamed (Europe) limited,False
"3D Systems, Inc.",True
3DHISTECH Kft,False
3DIEMME Srl,False
3M Company 3M Health Care,False
3M Deutschland GmbH Health Care Business,False
3M ESPE Dental Products,False
3M Healthcare Germany GmbH,False
3M United Kingdom PLC,False
3M Unitek Orthodontic Products,False
3Shape A/S,True
3Shape TRIOS A/S,False
3TO GmbH,True
4D Ceramix Dental Lab,False
4D Dental,False
4dentPRO GmbH & Co.KG,False
"4L Health Co., Ltd",True
4S Information Systems Ltd trading as 4S DAWN Clinical Software,False
4WEB EU B.V.,True
"66 Vision Tech Co., Ltd.",True
"66 Vision Tech Co., Ltd.",True
6over6 Vision Ltd.,False
77 Elektronika Kft.,False
7D Surgical ULC,True
A - Line Dental Services,False
A & A  Pretious Dental Laboratory,False
3D Metal Printing Ltd.,False
3D Orthodontics,False
Novarad Corporation,True
A & W Dental Laboratory Ltd,False
A C  DENTAL SERVICES,False
A Ceramics Ltd,False
A D G  Dental Services,False
A G Spreadbury Dental Laboratory,False
A G Stout Optometric Services Ltd,False
A J Gunning Limited,False
A J Rollings Dental Studio Limited,False
A M J Ceramics,False
A ONE M TRADERS LIMITED,False
A P Cargill Chrome Design Ltd,False
A Plus Dental Laboratory,False
A R Cooley LTD,False
A S Dental Lab,False
A-dec Inc,False
A-dec Inc,False
A. Menarini Diagnostics S.r.l,False
A. Menarini Farmaceutica Internazionale SRL,False
A. SCHWEIZER GmbH,True
A.D.P. Dental Laboratory.,False
A.Dougan Dental Laboratory,False
A.E Dental laboratory,False
A.M.I Agency for Medical Innovations GmbH,False
A.R.C. Laser GmbH,True
A.S. Reece Dental Lab,False
A.T.S. Applicazione Tecnologie Speciali srl,False
A.Vogel B.V.,True
A.Vogel Ltd,False
A/S Orthana Kemisk Fabrik,True
A&D Company Limited,False
A & I Lask Opticians,False
A & J Brown Optical,False
Novartis Pharma AG,True
Robinson Optics Limited,False
"A&N Dental Laboratory,A&N Valuedent ltd,The Denture Shop",False
A&S Elite dental Laboratory,False
A&S Moore Limited,False
A1 Aesthetics Laboratory Ltd,False
A1 Pharmaceuticals PLC,False
A3P Biomedical AB (publ),False
AAA DENTALAB LTD,False
"Aalto Scientific, Ltd.",False
Aaron Optometrists Ltd,False
AAT Alber Antriebstechnik GmbH,True
AB DENTAL LABORATORY,False
AB Germa,True
"AB Medica Group, S.A. - LESSA",False
ab medica s.p.a.,False
ab medica sas,True
AB Sciex Pte. Ltd.,True
AB-CT - Advanced Breast-CT GmbH,True
Abanza Tecnomed S.L.,False
Abatron Limited,False
"Abaxis, Inc.",True
ABBE TRADING COMPANY LTD,False
Abbexa Ltd,False
ABBEY GRANGE DENTAL LABORATORY,False
Abbey Laboratory Ltd,False
Abbot Dental Laboratory,False
Abbot Opticians,False
Abbott Dental Laboratory,False
Abbott Diabetes Care Ltd,False
A&G DENTURES LTD,False
A&J Dental Prosthetics Ltd (Birmingham),False
NovaSpine SAS,False
Novastep SAS,False
Abbott Diagnostics Technologies AS,True
Abbott GmbH,True
Abbott Ireland,True
Abbott Ireland Diagnostics Division,True
Abbott Ireland Diagnostics Division,True
Abbott Laboratories,True
Abbott Laboratories,True
Abbott Laboratories,True
Abbott Medical,True
Abbott Medical,True
Abbott Medical,True
Abbott Medical,True
Abbott Medical,True
Abbott Medical,True
Abbott Medical,True
Abbott Medical,True
Abbott Medical,True
Abbott Medical,True
Active Design Limited,False
"Abbott Diagnostics Medical Co., Ltd.",False
"Abbott Diagnostics Scarborough, Inc.",True
NOVATECH SA,False
novavision group s.p.a.,False
Novax Pharma,False
"Danyang Rapid Aid Hot And Cold Therapy Products Co., Ltd",True
DDM Health Ltd,False
Defence Dental Centre,False
Hockerill Dental Bishop Stortford,False
IO DONCASTER LIMITED,False
MALVESTIO S.p.A.,False
Meadowbank Dental Practice,False
NRT X-Ray A/S,False
PolyMedics Innovations GmbH,True
Radux  Devices LLC,False
Sadler Dental Care (Paterson and Sadler Ltd),False
"Sakura Seiki Co., Ltd.",True
"Seigla Medical, Inc.",True
SKYLA CORPORATION HSINCHU SCIENCE PARK BRANCH,True
"SunTech Medical, Inc.",False
Technolas Perfect Vision GmbH,True
The Nightingale Clinic,False
TidalSense Limited,True
yoursciencebc limited,False
"Zhuhai Pusen Medical Technology Co., Ltd.",False
"Zhuhai Zhi Li Battery Co., Ltd.",False
Active Dental Laboratory Ltd,False
6D Tape Inc,False
BYD Auto Industry Company Limited,False
"Cortex Manufacturing, LLC",False
Novel,False
NOVENTURE S.L.,False
Abbott Molecular Inc.,True
Abbott Point of Care,True
Abbott Rapid Diagnostics Jena GmbH,True
Abbott S.r.I,False
Abbott Toxicology Ltd,False
Abbott Vascular,True
AbbVie Inc,True
Abby Louise Dental Laboratory,False
ABC Dental Laboratory Limited,False
ABC OPTICAL LTD,False
ABDOS Labtech Pvt. LTD.,False
Abena A/S,True
Abena AB,False
abergavenny dental laboratory,False
Abigo Medical AB,True
Abilia AB,True
Abingdon Health Plc,False
"Abiomed, Inc.",True
"Abiores Technology (Beijing) Co., Ltd.",False
"Ablative Solutions, Inc.",False
Ablatus Therapeutics,False
ABLE Human Motion S.L.,False
"AbleNet, Inc.",False
The Dental Workshop Ltd,False
Abbott Medical Costa Rica Ltda,False
Abbott Medical UK Limited,False
Novian Health Inc,False
Novo Nordisk A/S,True
Novo Nordisk Limited,False
Novobrush GmBH,True
Abrasive Technology LLC,False
Absorbest AB,False
Abtech Safety Limited,False
Abtrace Limited,False
AC Aircontrols GmbH,False
Acandis GmbH,False
"Acare Medical Science Co., Ltd.",True
Acarix A/S,True
Accel-Heal Technologies Limited,False
"Accelerate Diagnostics, Inc.",False
Accellerate Limited,False
Access Point Technologies EP Inc.,True
Access Radiotherapy Ltd,False
Accora Limited,True
Accrington Surgical Instrument Supplies Ltd,False
Accriva Diagnostics,False
Accro Clearline Ltd,False
Accubio Limited,True
Accurate Dental Laboratory,False
Accutron Inc.,False
The Dentalab,False
Abraham Blacksmith,False
Abraham Blacksmith Ltd,False
Absolute Dental,False
Accuray Incorporated,True
Novocure GmbH,False
Novodent SA,True
ACE Medical Devices Pvt Ltd,False
Ace Orthotics Ltd,True
"ACE Surgical Supply Company, Inc.",False
ACEKARE,True
"ACell, Inc.",False
Aceonedent Korea Ind. Co,False
ACESO LABORATORIES INC.,False
ACIME FRAME SAS,False
"ACIST Medical Systems, Inc.",True
Ackermann Instrumente GmbH,True
ACL GmbH,True
"Aclarion, Inc",False
ACME COMMERCIAL WAYS (PVT) LTD,True
Acme Dental Laboratories Ltd,False
ACON Biotech (Hangzhou) Co Ltd,False
"Acon Laboratories, Inc.",True
Acorn Dental Laboratory.,False
Acorn Mobility Services Limited,False
Acorn Polymers (UK) Ltd,False
"Acotec Scientific Co., Ltd.",True
"ACRA-CUT, Inc.",False
"Acro Biotech, Inc.",False
"ACROSS Co., Ltd.",True
The Denture Centre,False
Ace Dental Laboratory,False
"Ace Medical Co., Ltd.",True
Novomed Group,True
Novotec Medical GmbH,True
Posture Care Ltd,False
ActiGraph LLC,True
"Action Products, Inc.",True
Actis Medical Pty Ltd,True
"Activ Surgical, Inc.",True
Bering Limited,False
Berlin Heart GmbH,True
Bernafon,False
Bernhard Foerster,False
Berries United Oy,False
Bertec Corporation,True
Berwick Upon Tweed VE Limited,False
BES Healthcare Ltd,False
BESA GmbH,False
Besmed Health Business Corp.,True
Bespoke Dental Ceramics Limited,False
Bespoke Dental Laboratory,False
Bespoke denture clinic,False
Bespoke Frameworks by Christopher Hesketh Ltd,False
BESPOKE PROSTHETICS & ORTHOTICS LTD,False
bess pro gmbh,False
best medical GmbH,False
"Best Medical International, Inc.",False
Best Theratronics,False
C B Dental Laboratory Services,False
Actegy Ltd,True
Actesso Medical Supports Ltd,False
Novoxel Ltd,True
ACTO GmbH,True
"ACUDERM, Inc.",False
"AcuFocus, Inc.",True
Acuitis Optical and Hearing Exeter LTD,False
Acuitis Optical and Hearing York Ltd,False
ACUITY CONTACT LENSES,False
Acumed LLC,True
ACUMEDIC LTD,False
Acurable Limited,False
"Acute Ideas Co., Ltd.",True
Acutronic Medical Systems AG,False
Acutus Medical Inc.,False
Acutus Medical UK Limited,False
AD Laboratories,False
Ad-Tech Medical Instrument Corporation,False
Ada Health GmbH,True
"Adagio Medical, Inc.",True
Adam Davies,False
Adam Lafosse,False
Adam Norris Dental Laboratory Ltd,False
Adamo S.r.l,False
Adams Opticians Ltd,False
Adaptiiv Medical Technologies Inc.,True
Adaptive Biotechnologies Corporation,True
ADAS3D MEDICAL SL,False
Coastal Dental Laboratory,False
Activinsights Ltd,False
ACTO,True
Novuqare Pelvic Health B.V.,False
Novus Scientific,False
Adelphi Orthodontics Limited,False
Adentatec GmbH,False
adeor medical AG,False
Adept Dental Laboratory Ltd,False
Adept Medical Limited,True
Adherium (NZ) Ltd.,True
Adhex Technologies SAS,True
Adhezion Biomedical LLC,False
Adin Dental Implant Systems Ltd,True
Aditya Dispomed Products Private Limited,False
Adkins Opticians Ltd,False
ADLER ORTHO SPA,True
"ADLINK Technology GmbH,",False
Admetec Solutions Ltd,True
Adora Digital Health Ltd,False
Adria srl,False
Adroit Surgical LLC,False
ADS Eye Clinic (Stockton),False
ADSM a Tyber Medical Company,False
Adtec Healthcare Limited,False
Advan S.r.l.,False
Advance Dental Clinic,False
"Advance Dx, Inc.",False
"Advance Medical Designs, Inc.",True
AdEchoTech,False
Adelphi (Tubes) Ltd,False
NovyMed Export BV,False
Nox Medical,True
"NOxBOX, Ltd.",False
"NSBS Co., Ltd.",True
NSDBG,False
NSK Dental Italy S.r.l.,False
Advanced Chrome Design LLP,False
Advanced Cosmetic Dental Studios,False
Advanced Dental Services Ltd,False
Advanced Dental Whitening Supplies Limited,False
Advanced denture solutions,False
Advanced dentures,False
advanced fiber tools GmbH,True
Advanced Health and Care,False
Advanced Healthcare Ltd,False
ADVANCED HEALTHCARE TECHNOLOGY LIMITED,True
Advanced Imaging Devices GmbH,True
Advanced Implant Laboratories LTD,False
Advanced Instruments LLC,False
"Advanced Medical Design Co., Ltd.",True
Advanced Medical Solutions Israel (Sealantis) Ltd.,True
Advanced Medical Solutions Limited,False
Advanced Medical Solutions Ltd,False
ADVANCED MEDTECH SOLUTIONS PRIVATE LIMITED,False
Advanced Bionics LLC,True
Advanced Brain Monitoring Inc,False
"Advanced Cell Diagnostics, Inc",False
Advanced Dental Laboratories,False
Advanced Dental Prosthetics,False
Advanced Expert Systems Limited,False
NSK Europe GmbH,True
NSS Properties Ltd T/A Saltaire Orthodontics,False
NTA Implant Ticaret ve Sanayi Limited Şirketi,False
NTC S.r.l.,False
NTC Srl,True
"Advantech Co., Ltd.",False
Aenduo SrL,False
AEON DIAGNOSTIC Technology Corporation,False
AERAZEN LAB S.r.l.,False
AERAZEN LAB SRL,True
Aero Healthcare Ltd,False
Aerogen Ltd.,True
Aerolase Corporation,False
Aeropharm GmbH,True
Aerotel Medical Systems (1998) Ltd,True
Aesculap AG,True
AESKU.Diagnostics GmbH & Co. KG,True
Aesrhea Laboratories Limited,True
Aesthetic Dental Ceramics,False
Aesthetic Dental Laboratory Ltd,False
Aesthetic Digital Dental Lab Ltd,False
Aesthetic Technology Ltd,False
Aesthetic World Laboratory Ltd,False
Advanced Prosthetics Ltd,False
Advantage Medical Electronics (dba AMC),False
"Advantice Health, LLC",False
Aegis Lifesciences Private Limited,False
Aesthetic Group,True
NTH Solutions LLP,False
NTOC Medische Techniek BV,False
"Affimedix, Inc.",False
Affiniti AI Limited,False
Affymetrix Inc.,False
Afikim Electric Vehicles,True
AG Dental Prosthetics,False
AG Industries LLC,True
AGA Medical Corporation,False
AGA Sanitätsartikel GmbH,True
Again Life Italia S.r.l.,True
"AgaMatrix, Inc.",True
Agena Bioscience,False
Agendia N.V.,False
Agfa HealthCare NV,True
Agfa NV,True
Agile Kinetic Limited,False
"Agilent Biosciences (Hangzhou) Co., Ltd.",False
"Agilent Biosciences (Hangzhou) Co., Ltd.",False
Agilent Technologies Singapore (International) Pte. Ltd,False
"Agilent Technologies, Inc.",False
"Agnes Medical Co., Ltd.",True
AgNovos Healthcare,False
Ahlstrom-Munksjö Specialties,True
Afdent Ltd,False
"Affera, Inc.",False
Nu-Line Technology Solutions Ltd trading as NuLines,False
NUA Medical Limited,True
Nuada S.A.,False
AI4MedImaging Medical Solutions S.A.,False
AiBiomed Corp,False
Aidapt Bathrooms Limited,False
Aide Health,False
Aidence B.V.,True
Aidian Oy,True
Aidite (Qinhuangdao) Technology Co Ltd,False
Aidoc Medical Ltd.,True
Aidplex S.P.P.C,False
AIforce Limited,False
Aiforia Technologies Plc,True
"Aike (Shanghai) Medical Instrument Co., Ltd",True
Aion Dental Designs Ltd,False
AIR LIQUIDE MEDICAL SYSTEMS S.A.,True
AIR LIQUIDE MEDICAL SYSTEMS S.A.,True
Air Liquide Medical Systems S.r.l.,True
Air Liquide Medical Systems S.r.l.,True
Air Note GmbH,True
"Air Techniques, Inc.",False
AIR WATER REALIZE INC.,False
Airedale Ceramics Dental Laboratory,False
AIREL,True
ARDEN  DENTAL LABORATORY.,False
AI Rehab Ltd,False
AI Sight,False
Nucleix Ltd,False
Nucletron B.V.,True
Nudge Reality Limited,False
Nufer Medical AG,False
Nuffield Health HSSU Wetherby (Head Office),False
Nuffield Health Parkside Hospital SSD,False
NUH Medical Engineering,False
Nulatex Sdn. Bhd.,False
Nuline Limited,True
"NuMED Canada, Inc.",False
AJL Ophthalmic SA,False
AK Optical Limited,False
Akeda Laser ApS,False
"Akervall Technologies, Inc.",False
Akira Dental Lab,False
Akira Dental Laboratory,False
AKJ Dentures Ltd,False
AKLA AB,True
AKO MED d.o.o.,False
Akra Dermo Jet,False
AKRUS GmbH & Co. KG,False
AKSIM SURGICAL,False
Aksmilelab Ltd,False
Aktiia SA,True
Aktina Medical Corporation,True
AKTIVE S.R.L.,False
Primal Living Ltd,False
Airmax BV,False
Airon Corporation,True
"NuMED, Inc.",True
"Nunc A/S, a part of Thermo Fisher Scientific",False
Nuneaton VE Ltd,False
Alba Bioscience Limited,False
Alber GmbH,True
Albert Browne Ltd,False
Albert Waeschle Ltd,False
"Albino Dias de Andrade, Ltd",False
Albion Dental Laboratory,False
Albomed GMBH,True
Alchimia S.R.L,False
Alcis,True
"Alcon Laboratories, Inc.",True
"Alcyone Therapeutics, Inc.",False
"Alere San Diego, Inc.",True
Alerta Medical,False
Alesi Surgical Ltd,False
Alessandro Ferrero Ltd,False
Alex Flynn Denture Clinic,False
Alexander Opticians Limited,False
ALFA INSTRUMENTS S.R.L.,True
Alfa Intes s.r.l.,False
Alfrecell Limited,False
Alfred Becht GmbH,True
Alfred Franks & Bartlett Plc,False
Algamed Theraprutics LTD,False
Arden Dentec Laboratory,False
Al bright dental ltd,False
Alaxo GmbH,True
Albrecht GmbH,True
"Nuova S.B, Systems S.r.l.",False
Nûr Dental Laboratory Ltd,False
NUREL MEDİKAL SAN VE TİC A.Ş,False
NuSight Medical,False
NuSmile,False
"NuStep, LLC",False
Nutricia Medical DevicesB.V,False
NuuChem Diagnostics Limited,True
Allengers Medical System Ltd,False
Allergan Industrie SAS,False
Allergan Sales LLC,False
Alleva Medical Limited,True
ALLEVA MEDICAL LIMITED,True
ALLIAGE S/A INDUSTRIAS MEDICO ODONTOLOGICA,False
Alliance Pharma S.r.l.,False
Alliance Pharmaceutical Ltd,False
Allied International Trading Ltd t/a Supertouch,False
"Alliedstar Medical Equipment Co., Ltd.",True
Algotec Research and Development Limited,False
Alifax S.r.l,False
Align Solutions Ltd,False
Align Technology Ltd.,True
All Ceramic Solutions Ltd,False
"All Medicus Co., Ltd.",True
Allard Support UK Ltd,True
ALLE S.R.L.,True
Allen Surgical Co. Pvt Ltd,False
NuVasive Inc.,True
NuVasive Specialized Orthopedics Inc.,False
Allurion,False
Allwin Medical Devices Inc,False
Alma Labs Ltd.,False
Alma Lasers GmbH,True
Alma Medical Products Ltd,True
Almac Diagnostic Services Ltd,False
Almirall Limited,False
"Almuzain International Reliable Partner Co.,LTD",False
ALN S.A.R.L.,False
Alnapharm AG & Co. KG,True
ALNITEC SRL,True
ALP Ecology S.R.O,False
Alpha Biolaboratories Analytical LTD,False
Alpha Dental Ceramics,False
Alpha Denture Clinic Limited,False
Alpha Laboratories Ltd,False
Alpha Omega Engineering Ltd.,True
alpha orthodontic laboratory,False
Alpha-Bio Tec Ltd.,False
Alphadia S.A./N.V.,False
ALPHASONICS UCS LTD,False
Alpine Dental,False
Alpine HC Ltd ta Opera,False
Alpinion Medical Systems Co. Ltd.,False
Allmed Middle East,True
Alltrista Plastics LLC,False
NUVE Sanayi Malzemeleri Imalat ve Ticaret A.S.,False
NUVIEW LTD,False
Nuvik Global Ltd,False
NuvoAir AB,False
"Nuwellis, Inc.",False
NV Creations,False
NVT GmbH,True
NxBiotech Sp. z o.o.,False
"NxStage Medical Inc.,",False
nyra health GmbH,False
NYSALE Inc,False
Nyxoah SA,True
O-Two Medical Technologies Inc.,True
O.C.L (Sheffield) Ltd,False
O&M Halyard Inc.,False
O2 Concepts,True
O2matic ApS,True
Oak Dental Laboratories Ltd,False
Oak Dental Laboratory,False
Oak Dental Studio,False
Oak Medical Services Ltd,False
Oak View Restorations Ltd,False
ALPS South LLC,False
ALS Dental Direct Limited,False
ALTATEC GmbH,True
Altaylar Medikal Tibbi Malzemeleri Inşaat Tekstil Gida Ithalat Ihracat Sanayi ve Ticaret Ltd. Şti.,False
"Altimate Medical, Inc",True
Alvaston Opticians,False
Axon International Ltd,False
OAKLEY Inc.,False
Oakmed Limited,False
Oakwood Eyecare Centre,False
Oakwood Remedies - a trading name of Linkplace Limited,False
Oakworks Inc,False
OASIS DIAGNOSTICS S.A,False
"OASIS Medical, Inc.",True
OASYS Healthcare Corporation,False
OBERON GmbH Fiber Technologies,False
Obex Dental,False
Objective Imaging Ltd,False
OBL s.a.s.,False
OBP Medical Corporation DBA OBP Medical,False
OBS Medical Ltd,False
Observe Medical AB,False
Observe Medical AB,False
Occlusion Denture Laboratory,False
Occlutech GmbH,True
Occlutech International AB,True
Occlutech Tibbi Urunler San.ve Tic.Ltd.Sti,False
Occuity Limited,False
Ochillview Dental Implant Laboratory Ltd,False
OCTO BIYOTEKNOLOJI ARGE SANAYI VE TICARET A.S.,False
OCTOPUS DENTAL LABORATORY,False
"American Medical Systems, LLC",False
"American Prosthetic Components, LLC",False
"Ocular Instruments, Inc",False
Oculera health technologies,False
"Oculo-Plastik, Inc",True
Oculocare medical Ltd,False
"Ampcare, LLC",False
Amplex Diagnostics GMBH,False
Amplifon SpA,False
Amplivox Ltd,True
AMPri Handelgesellschafts mbH,False
AMRA Medical AB,True
Amryt Pharmaceuticals DAC,True
Amsino International Inc.,True
AMTRION GmbH,True
Ana Wiz Ltd,False
Anaesthetic Medical Systems Ltd,True
Analog Implant Laboratory Ltd,False
Analyticon Biotechnologies GmbH,False
Anathem LTD,False
"Anatomage, Inc.",False
Anatomic Sitt AB,False
Anatomical Concepts Inc.,True
"Anatomical Geometry, S.L.",True
Anatomics Pty Ltd.,True
Anatomy Supply Partners LLC,False
Andersen Caledonia Ltd,False
Andersen Sterilizers,False
Anderside Tools Ltd,False
AMOR GUMMIWAREN GMBH,True
"Amoy Diagnostics Co., Ltd.",True
Oculox Technologies SA,True
Primary Care IT Ltd,False
Andramed GmbH,False
Andratec GmbH,True
Andrea Tropea Dental Laboratory Ltd,False
Andreas Fahl Medizintechnik-Vertrieb GmbH,False
Andreas Hettich GmbH & Co. KG,True
Andrew Baird Optometrist,False
Andrew Bolton Opticians,False
Andrew Care Opticians,False
Andrew Keirl Opticians,False
Andrew Laird Optical Ltd,False
andrew riley optometry ltd,False
Andrew Savory Dental Laboratory Limited,False
Andrew Taylor South West Ltd,False
ANDREW TINKLER DENTAL LABORATORY,False
Andrew Willetts Opticians,False
Andy Dunlop dental laboratory,False
Andy Williams Dental Studio,False
Anetic Aid Ltd,False
Anetic Aid Ltd.,False
Aneurin Bevan University Health Board,False
Angel Med Ltd,False
Angelcare Corporate UK Ltd.,False
Angelini Pharma Inc.,False
Angelus Industria de Produtos Odontologicos S/A,False
Angiodroid SpA,True
"AngioDynamics, Inc.",False
"AngioDynamics, Inc.",False
Andon Health Co Ltd,False
"Andover Healthcare, Inc",False
OCULUS Optikgeraete GmbH,False
Oculus Technologies of MX S.A. de C.V.,False
Angle Correct Ltd,False
ANGLE Europe Limited,True
Anglia Dental Laboratory,False
Anglia Orthodontics,False
Anglia Ruskin University Optometry Clinic,False
Anglo European Trading (UK) Ltd,False
ANGO Industries,False
Angus MacNeil,False
Angus Optix Limited,False
Anholt Technologies Inc. dba Qfix dba CQ Medical,False
"ANHUI DEEPBLUE MEDICAL TECHNOLOGY CO.,LTD.",False
"Anhui Easyway Medical Supplies Co., Ltd",True
"Anhui Greenland Biotech Co., Ltd",False
"Anhui Intco Medical Products Co.,Ltd.",False
"Anhui JBH Medical Apparatus Co., Ltd.",True
"Anhui JN Medical Device Co., Ltd.",False
"ANHUI KAMT ICE PACK CO., LTD.",False
"Anhui Kangfu Industrial Foreign Trade Co., Ltd.",True
"Anhui Medsport Medical Products Co., Ltd.",True
"Anhui Nanfang Medical Products Co., Ltd",False
"ANHUI POWERGUARD TECHNOLOGY CO., LTD",True
"Anhui Tiankang Medical Technology Co.,Ltd",False
"AngioSystems, Inc",False
Angiplast Private Limited,True
Oculy Limited,False
Ocupeye Limited,False
"Anika Therapeutics, Inc.",False
Anita Dr. Helbig GmbH,False
"Anji Anshen Surgical Dressings Co., Ltd.",True
"Anji Hengfeng Sanitary Material Co., Ltd",True
Anji Hongde Medical Products Co. Ltd,False
Anji Yuandong Medical Products Co Ltd,False
"ANKON Technologies Co., Ltd.",True
"ANKON Technologies Co., Ltd.",True
Annalise-AI Pty Ltd,True
Annette I Dobbs,False
"Annex Medical inc, d.b.a. Sacred Heart Medical",False
"Anping Guardian Medical Equipment Co., Ltd",True
Anqing Baojie Packaging Co. Limited,False
"Anrei Medical (HZ) Co., Ltd.",True
Ansell Healthcare Europe N.V.,False
Antec International Limited,False
Anteis S.A.,False
Anteis S.A.,False
Anteris Aus Operations (Formally Admedus Regen Pty Ltd),False
Anthogyr,False
Ocura Healthcare Ltd,False
Anika Therapeutics S.R.L.,True
Anika Therapeutics SrL,False
Ocushield LTD,False
PosturePals Pty Ltd,True
ANTITOXIN GmbH,False
Anton Hubner GmbH & Co KG,False
ANTON MEYER & CO. LTD,False
Antoni Carles S.A.,True
Antwerp Dental Group Limited,False
ANYE Medical Apparatus Technology Co. Ltd,False
Anzacare Limited,False
ANZE Limited,False
"AOJ HEALTH Technology Co., Ltd.",True
AorticLab Srl,False
AOTI Ltd,True
APA Parafricta Ltd,True
Apacor Limited,False
ApaTech Ltd,False
APELEM SAS,False
Apex (Guangzhou) Tools & Orthopedics Co.,False
Apex (Guangzhou) Tools & Orthopedics Co.,False
Apex Biotechnology Corp.,True
Apex Dental Laboratory,False
Apex Denture Studio Ltd,False
"Apex Health Care Mfg.,Inc",False
ApiFix Ltd,False
Apis Assay Technologies Ltd.,False
"APK Technology Co., Ltd.",True
Anthony Spencer Dental Laboratory Ltd.,False
Anthropos Digital Care Ltd,False
OCuSOFT Inc,False
"Ocutech, Inc.",False
"Apollo Endosurgery, Inc.",True
Apollo Healthcare Technologies Ltd,False
APOLLO IMPLANT COMPONENTS UK LTD,False
Apollo Medical Technologies Ltd,False
Apollonia House Dental & Health Care Ltd,False
APOQLAR UK LTD,False
Apos Medical Assets Ltd,False
Apotec Ltd,False
"Apothecary Products, LLC",False
Appelman Charman Optical Limited,False
Apple Dental Ceramics,False
Apple Inc,True
Applied Biomedical Systems B.V.,False
Applied Medical Resources Corporation,True
"Applied Medical Technology, Inc.",True
Applied Science Inc.,False
Applied Spectral Imaging Ltd.,True
Applimed SA,False
APrevent Biotech GmbH,False
AprioMed AB,True
Apro Korea Inc.,False
APT Medical Inc.,True
APTACA S.p.A.,False
Apnea-Tech Ltd,False
"Apollo Biotech co., ltd.",False
OD-OS GmbH,True
Odin Medical Limited,False
Apyx Medical Corporation,False
AQLANE Medical BV,False
AQTIS Medical BV,False
Aqua Medikal tibbi araç ve gereçler inşaat sanayi diş ticaret limited şirketi,False
Aqualution Systems Ltd,False
AQUATOOLS HYGIENE LIMITED,False
Aquilant Limited,False
Ar Baltic Medical UAB,True
Arab Medical Equipment Company (AMECO),False
ARANZ Medical Limited,True
ARC Microtech Ltd,False
ARCADOPHTA SARL,False
Arch Dental Laboratory Ltd,False
Archform Byte Limited,False
ARCHITECH LABORATORY LTD,False
Archy Medical B.V.,True
Arcitic Heat Pty Ltd.,False
ARCO Limited,False
Arcoma AB,False
ArcRoyal uc,True
"ArcScan, Inc.",False
"Arctic Solutions, Inc.",False
"Arcus Medical, LLC",False
Aptos LLC,False
APX Ophthalmology Ltd,False
Odontech Ltd,False
Odstock Medical Ltd,False
Ardens-Q,False
"Area Dental Laboratory,",False
Arena (Eyewear) Limited,False
Ares Trading SA,False
"Aretech, LLC",True
AREX,True
Argentum Medical LLC,True
Argon Medical Devices Inc.,False
Arian Medical Ltd,False
Arineta Ltd.,False
Arion Manufacturing B.V.,True
Arion Slide Solutions B.V.,True
ArjoHuntleigh AB,True
"ARK Diagnostics, Inc.",True
"ARK Products, LLC",False
"ARKRAY Factory, Inc.",False
"Arlington Scientific, Inc",False
Armery Medical Technologies Inc.,False
Armitage & Barker LTD,False
Armour Plastics Ltd,False
Armstrong Medical Ltd,True
Arnold Dental & Implant Centre,False
Aroa Biosurgery Limited,True
Arran James Gavin,False
Arrow Dental,False
Arden Orthotics Ltd,False
Ardens Health Informatics Ltd,False
Oertli Instruments AG,False
OES Medical Ltd,False
ART MEDICAL Ltd.,True
Art Tech Dental Ceramics,False
Artera Inc,False
"Arteriocyte Medical Systems, Inc.",False
Arterys Inc.,False
ARTFX MEDICAL LLC,True
ARTHESYS,True
Arthrex Inc.,True
Arthro Therapeutics AB,False
ArthroCare Corporation,False
Articulab,False
Artinis Medical Systems B.V.,True
ArtiQ NV,True
Artisan Dental Studio,False
Artisan Dental Studio Bristol,False
"Artivion, Inc.",False
Artizan Ltd,False
ARTOSS,False
Artron Laboratories Inc.,True
Artrya Ltd,False
Artsana S.p.A.,True
Artsanity srl,False
"Arum Dentistry Co., Ltd.",True
arun dental laboratory,False
Arrow Orthodontics Limited,False
Art Dental Lab,False
OFF CARR S.r.l.,False
OFFHEALTH S.p.A.,True
"ASAHI Intecc Co, LTD",False
"Asahi Lite Optical Co., Ltd.",True
"Asahi Polyslider Company, Limited",False
"Asan Pharmaceutical Co., Ltd.",True
Asanus Medizintechnik GmbH,False
asap endoscopic products GmbH,True
ASAP International Sdn Bhd,False
Ascendia Medtech AB,False
Ascensia Diabetes Care Holdings AG,True
"Ascension Orthopedics, Inc",False
Asclepion Laser Technologies GmbH,False
Ascom (Sweden) AB,False
Ascom UMS srl,True
ASCOT DENTAL CERAMICS,False
Ascyrus GmbH,False
Asep Healthcare Ltd,False
Aseptico Inc.,False
Aseptika Limited,True
ASG Superconductors S.p.A,False
Asgard Dental laboratory,False
Ashby De La Zouch V E Limited,False
Ashby Dental and Implant Clinic,False
Ashby Dental Laboratory,False
Ashford & St. Peter's Hospitals NHS Foundation Trust,False
ASA DENTAL S.P.A.,False
ASA s.r.l,False
Oftalpharma S.r.l.,True
Ogg Dental Laboratory,False
Ashton Denture Clinic,False
Asiga,True
Askew N16 Limited,False
Askorn Medical,True
ASO Europe BV (Representing ASO LLC),False
ASO Europe BV (Representing ASO Philippines Inc),False
Aspen Bad Oldesloe GMBH,False
Aspen Medical Products LLC,True
"Aspen Surgical Products, Inc.",True
Aspire Pharma Ltd.,False
Aspiring gateway services ltd,False
ASPIVIX SA,True
ASR prosthetics Ltd,False
ASSAmed GmbH - Medizinbedarf,False
ASSET® MEDIKAL TASARIM A. S.,False
Associated Dental Products Ltd,False
ASSOCIATED LABORATORIES LTD,False
"Associates of Cape Cod, Incorporated",True
Association of British Dispensing Opticians,False
Association of Medicine and Analytics Company Limited (AMA Co Ltd),False
Assure Dental Lab,False
"Assure Tech. (Hangzhou) Co., Ltd.,",False
ASSUT EUROPE SPA,True
Astar Orthodontics Inc.,True
B.B. CERAMICS.,False
Ashland Specialties UK Ltd,False
Ashland Specialty Ingredients G.P.,False
OGM Ltd,False
OhhMed Medical Ltd.,False
"ASTERASYS Co., Ltd.",True
Asti Corporation,False
Aston Vision Sciences Ltd,False
Astor Bannerman (Medical) Ltd,False
AstraZeneca UK Ltd,False
Astric Medical Ltd,False
Astrolabe,False
"Asuragen, Inc.",True
at ease cornwall ltd,False
AT-OS S.r.l,False
AtCor Medical Pty Ltd,True
ATF,False
Athena Dental Laboratory Limited,False
Athena Pacific Ltd,True
"ATHFAR 828, Inc.",False
ATLANTAMED LIMITED,False
Atlantic Home Eyecare Limited,False
Atlantic Optical (UK) Ltd,False
Atlantic Rim Brace Manufacturing Corp,False
"Atlas Link Technology Co., Ltd.",False
Atlas Medical GmbH,False
ATLAS-ENTA DİŞÇİLİK SANAYİ VE TİCARET A.Ş,True
ATMOS MedizinTechnik GmbH & Co.KG,False
ATO FORM GmbH,False
Precision Dental Studio,False
"ASTEC Co., Ltd.",False
Astek Innovations Ltd,False
"Ohio Medical, LLC",False
"OHIRA Co., Ltd.",False
Atomo Diagnostics Limited,True
ATOS MEDICAL AB,True
Atos Medical UK Ltd,False
"AtriCure, Inc.",True
"Atrion Medical Products, Inc.",True
Atrium Medical  Corporation,False
Atrotech Oy,True
ATS Dental S.R.L.,False
"ATsens Co., Ltd.",True
Attends Healthcare AB,True
Attomarker Limited,False
Attune Medical,False
Atys Medical,False
Auckland (Opticians) Limited T/A Horbury Optical Company,False
Audelation Ltd,False
audifon GmbH & Co. KG,True
Audio Service A/S GmbH,False
Audio Technologies Srl,True
Audio Technologies Srl,True
Audiology-Online Ltd,False
Auditdata A/S,True
Augma Biomaterials Ltd,True
Augurex Life Sciences Corp,False
Atom Scientific Ltd,True
Atomic Dental Lab,False
OHK Medical Devices Ltd.,False
OHST Medizintechnik AG,True
OIARSO S. COOP (BEXEN MEDICAL),False
"OK Biotech Co., Ltd.",True
Auradonics Inc,False
Aurena Laboratories AB,False
AURIMOD GmbH,False
Aurolab,True
Aurora Dental Studio,False
AUS systems Pty Ltd,True
Australian Orthopaedic Fixations Pty Ltd,False
Auto Tissue Berlin GmbH,True
"Autobio Diagnostics Co., Ltd",True
"Autobio Labtec Instruments Co., Ltd",False
Auxein Medical Private Limited,True
Auzar Surgical Ltd,False
AV Medical Technologies Ltd.,False
Avantor Performance Materials Poland S.A,False
Avatar Therapy Ltd,False
AVENIR SRL,True
B.L.Russell Dental Laboratory,False
"Augustine Temperature Management, LLC",False
AURA Centre of Dental Excellence & Facial Aesthetics,False
Aureliym GmbH,False
Avanos Medical Inc,False
"Avedro, a Glaukos Company",False
"Okamoto Industries, Inc. Ibaraki Plant",False
"OKAMOTO RUBBER PRODUCTS CO.,LTD.",False
Avenue Villa Dental & Implant Clinic,False
Avery Biomedical Devices (ABD) Inc.,False
Avery Dennison Medical Ltd,True
Avicenna Surgical Limited,False
AVICENNA.AI,True
"Avioq Bio-tech Co., Ltd.",False
AViTA Corporation,False
AVITA Medical - America,False
AVIZOR S.A.,True
Avondale Surgical UK,False
AW Ceramics,False
AW DENTAL CERAMICS,False
AW Precision Ceramics Ltd,False
"Axelgaard Manufacturing Co., Ltd.",True
Axess Vision Technology SAS,False
Axial Medical Printing T/A Axial 3D Ltd,False
Axiles Bionics BV,False
Axio Biosolutions Private Limited,True
Axiom Dental Laboratory Ltd,False
Axiom Medical Inc,False
Axion GmbH,False
Axis Dental Laboratory,False
Axis-Shield Diagnostics Ltd,False
Axium MTech SA,False
Aventex Dental Lab Ltd.,False
Avenu Medical,False
Okulo Ltd (Trading as OKKO Health),False
Okuman Medikal Sistemler A.S.,False
Ayset Tibbi Urunler ve Plastik Tekstil Elektronik Gida Temizlik Maddeleri Insaat Muteahhitlik San A.S.,False
AZATEK CORPORATION,False
"Azena Medical, LLC",False
AZmed,True
Azooza Ltd,False
Azzurro Training Products Ltd,False
B  & M Techniques,False
B & C Ceramics Ltd,False
B & W Dental Laboratory Ltd,False
B Braun Avitum AG,False
B Braun Medical AG,False
B Braun Medical SAS,False
B Braun Melsungen AG,False
B H Dental Laboratory Ltd,False
B J Snape,False
B J Toye Ltd,False
B Medical systems S.a.r.l,False
B-B-L Protect Ltd,False
B-Temia Inc.,True
B. Braun Avitum Italy S.p.A.,False
B. Braun Medical Inc,False
B. Braun Medical Ltd,False
B. Braun Sterilog (Yorkshire) Limited,False
"B. Braun Surgical, S.A.",True
B.A. International Ltd,False
Aygun Cerrahi Aletler A.S.,False
Ayr V.E. Limited,False
Okuvision GmbH,True
OLAB LTD,False
B.u.W. Schmidt,False
"B&E Bio-Technology Co., Ltd.",True
B&H Surgical Instrument,True
"B&L Biotech, Inc.",False
BAAT Medical Products B.V.,True
BACKBONE,True
Backwell Dental Practice,False
Bactiguard (South East Asia) Sdn. Bhd. (formerly known as VIGILENZ Medical Devices Sdn. Bhd.),False
Baebies Inc,False
Bahadir Tibbi Alet Cihaz ve Insaat Makina Sanayi ve Ticaret A.S.,False
Bailey Instruments Ltd,False
Bailey Opticians,False
Bailey Sports Therapy Limited,False
Bain Medical Equipment (Guangzhou) Co Ltd,False
BAIRD Digital Lab Solutions Limited,False
Baisheng Medical Co. Ltd.,False
Baitella AG,False
Bakare Beds Ltd,False
"Balanced Body, Inc.",False
Balcare GmbH,True
BALDERTECH AS,True
Baldus Sedation GmbH & CO.KG,False
Balldent Ltd,False
B.O.S.S. Dental Lab,False
"B.T.I. Biotechnology Institute, S.L.",False
Old Park Dental Surgery,False
OLEA MEDICAL,False
Banbury VE Ltd,False
Bandex Industrial Corp.,True
Bandicool Pty Ltd,False
Bankview Ceramics Ltd,False
Banning Dental Lab,False
banning dental lab,False
BANT  DENTAL LABORATORY.,False
"Baoding Sanji Medical Instrument Technology Co., Ltd",False
BAP Medical  BV,False
Barber Healthcare Limited,False
Barbieri SRL (Progettiamo Autonomia),False
Barcelcom Texteis SA,False
"Barco (Suzhou) Healthcare Technology Co., Ltd.",False
Barco NV,True
"Barco, Inc.",False
"Bard Access Systems, Inc.",True
"Bard Brachytherapy, Inc.",False
"Bard Peripheral Vascular, Inc.",False
"Bardy Diagnostics, Inc.",False
Barker Dental Care Limited,False
Barkey GmbH & Co. KG,True
"Barnsley Facilities Services Ltd, c/o Barnsley Hospital NFT",False
"Balt USA, LLC",False
Balton Sp. z o.o.,True
Oliver Burley Medical Devices,False
The Langer Group,False
Base Design Ltd,False
Basko Healthcare b.v.,False
Bassetlaw Dental Prosthetics Limited,False
Bastos Viegas S.A.,True
Batec Mobility SL,False
Batrik Medical Manufacturing Inc. also dba as 7343591 Canada Inc.,False
Bauerfeind AG,True
Bausch & Lomb GmbH,True
Bausch & Lomb Incorporated,True
Bausch & Lomb U.K. Ltd.,False
Baxter Healthcare SA,False
Baxter Medical Systems GmbH + Co. KG,True
Bay House Dental Practice,False
Bay Materials LLC,False
Bay Optical ltd,False
Bayer AG,False
Bayer Consumer Care AG,True
Bayer Medical Care Inc.,True
Bayfields Y Ltd,False
Bayfields Z Ltd,False
"Baylis Medical Company, Inc",False
Baytree Orthodontic Dental Laboratory,False
Bayview Dental Ceramics,False
BBGR Ltd,True
BBGR Optique,False
BCB Medical,False
Bite Easy Dental Laboratory,False
Barrier Medical LTD,False
Barton Perreira LLC,False
Ollerton Dental Laboratory Ltd,False
Olsen Medical LLC,False
BD Switzerland Sàrl,False
BDG CERAMICS Dental Laboratory.,False
bdr ltd dental laboratory,False
BDS Labs Limited,False
BEACMED S.r.l.,True
"Beacon Medical, LLC",False
BeaconMedaes Limited,False
BEAGLE ORTHOPAEDIC LIMITED,False
Beambridge Medical Ltd,False
Bearpac Medical LLC,False
BEAUFORT DENTAL HEALTH CENTRE LTD,False
Beaumont Ceramics,False
Beaver-Visitec International Inc,True
Beaver-Visitec International Ltd,True
"Beckdal (Shanghai) MedTech Co., Ltd",False
Becker Orthopedic Appliance Company,True
Beckman Coulter Biomedical GmbH,True
Beckman Coulter Biotechnology,False
Beckman Coulter Inc.,True
Beckman Coulter India Private Limited,True
Beckman Coulter Ireland Inc.,True
Becton Dickinson and Company,False
Becton Dickinson Austria GmbH,False
Becton Dickinson GmbH,True
BCS Clinical Consulting Ltd,False
BD Kiestra B.V.,False
Olsen's Dental Practice,False
Olympic Dental Laboratories,False
Becton Dickinson Medical (S) Pte Ltd.,True
BECTON DICKINSON S.A.,False
BECTON DICKINSON S.A.,False
"Becton, Dickinson and Company",True
"Becton, Dickinson and Company",True
"Becton, Dickinson and Company",True
"Becton, Dickinson and Company BD Biosciences",False
"Becton, Dickinson and Company Limited",True
BEDAL NV,False
Bedfont Scientific Limited,True
Bedford Hospital NHS Trust,False
Bedi Oralcare Limited,False
Bedmed Ltd,False
Bee Robotics Ltd,True
Beechgrove Enterprises UK Ltd T/A Sleep-Safe Products,False
Beecura GmbH,True
Beekley Corporation,True
beeline GmbH,True
Beeswift Limited,False
Beever  Dental  Technology Ltd,False
BEGO Bremer Goldschlägerei Wilh. Herbst GmbH & Co. KG,False
behold.ai Technologies Limited,False
Beiersdorf AG,False
Beiersdorf UK.Ltd.,False
Biterite Digital Ltd,False
Olympus Medical Systems Corp.,False
Becton Dickinson Infusion Therapy AB,True
Becton Dickinson Infusion Therapy Systems Inc.,True
Olympus Winter & IBE,True
Ombler Laboratories Limited,False
"Beijing Beishute Maternity & Child Articles Co., Ltd.",False
"Beijing BGI-GBI Biotech Co., Ltd.",True
"Beijing Biosis Healing Biological Technology Co., Ltd",True
"Beijing Bomeitong Tech Co.,Ltd",False
"Beijing Chong Lang Rehabilitation Aids Co., Ltd",False
"Beijing Chunlizhengda Medical Instruments Co., Ltd.",False
"Beijing Demax Medical Technology Co.,Ltd.",True
"Beijing Eternal Medical Technology Co., Ltd.",True
"Beijing Eternity Electronic Technology Co., Ltd",False
Beijing HangTian KaDi Technology R&D Institute,True
"Beijing He Kang Jin Dian Technology Development Co., Ltd",False
Beijing Hotgen Biotech Co Ltd,False
"Beijing Hotry Co., Ltd",False
"Beijing Jinhuake Biological Technology Co., Ltd",True
"Beijing Jinwofu Bioengineering Technology Co.,Ltd.",False
"Beijing KellyMed Co., Ltd",True
"BEIJING Kes Biology Technology Co., LTD",False
Precision Dippings Marketing Ltd,False
"Beijing AK Medical Co., Ltd.",True
"Beijing Applied Biological Technologies Co., Ltd.",True
Omda AB,False
Omda Health Analytics AB,False
Omega Bio-tek,False
Omega Diagnostics Limited,False
Omega Laser Systems Ltd,False
"Omega Medical Imaging, LLC",True
"Omega Optix, s.r.o.",True
Omega Pharma International NV,True
"OmegaQuant Analytics, LLC",False
Omisan Farmaceutici srl,False
Omixon Biocomputing Ltd.,False
Omni Lens Pvt. Ltd,False
Omni-Pac Group – Omni-Pac Ekco GmbH Verpackungsmittel,False
Omnia S.r.l.,False
Omnidex HK Ltd,False
Prime Ceramics Dental Laboratory,False
"Beijing L&Z Medical Technology Development Co., Ltd.",True
"Beijing Libeier Bio-engineering Institute Co., Ltd",True
"Beijing LiDaKang Technology Co., Ltd.",True
"Beijing M&B Electronic Instruments, Co., Ltd",False
"Beijing Neo Science Co., Ltd",False
"Beijing USCI Medical Devices Co., Ltd.",True
Beijing Wanjie Medical Device Corporation Limited,False
Deane Ceramics,False
"OMNIlife Science, Inc.",False
Omnimate Enterprise Co Ltd,False
"OMNIMATE ENTERPRISE CO., LTD.",True
"Omnimate Enterprise Co., Ltd.",True
Omnimed Limited,False
Omnos Ltd,False
"OMRON HEALTHCARE Co.,Ltd.",False
"OMRON HEALTHCARE Co.,Ltd.",False
On Guard Dental Laboratory,False
"On-X Life Technologies, Inc.",False
OncoBeta GmbH,True
"Beijing ZKSK Technology Co., Ltd.",True
Belvoir Clinical Dental Lab,False
BEMER Int. AG,True
Bemis Manufacturing Company,True
Black Space Technology Ltd,False
"Beijing Wantai Biological Pharmacy Enterprise Co., Ltd.",True
"Beijing Zhongjian Antai Diagnostic Technology Co., Ltd",False
BEKA Hospitec GmbH,True
BELDICO S.A.,False
Belfast Health & Social Care Trust,False
Belgian Volition SRL,False
Bella Dental Ltd,False
Belmont Medical Technologies,False
Beltone A/S,False
Belvedere Dental Practice Company Ltd,False
OncoDNA,False
ONCOSEM Onkolojik Sistemler Sanayi ve Ticaret Anonim Şirketi,False
Ben's Dental Ceramics,False
Benchmark RPS,False
BeneCare Medical,False
Benelux Surgical,False
BeneTalk LTD,False
BENISON INTERNATIONAL,False
Benmed Technologies Limited,False
Benmor Medical (UK) Ltd,True
Bennett dental Laboratory,False
BENOIT SYSTEMES SAS,False
BENOSTAN HEALTH PRODUCTS S.A.,False
BenQ Materials Corporation,True
Benson Viscometers Limited,False
bentley heights ltd,False
Bentley InnoMed GmbH,True
Berchtold GmbH & Co. KG,True
Berger&Kraft Medical Sp. z o.o.,True
Betatech Medikal Cih. San. Mum. Ic ve Dis Tic. Ltd. Sti,False
BETATEX S.p.a,False
Beth Richardson Orthodontics Ltd,False
Bethcar DP Limited,False
Better 2 Know Limited,False
Better Bite Dental Laboratory Ltd,False
better dentures limited,False
Better Diagnostics AI Corp,False
"Better Life Medical Technology Co., Ltd.",True
Better Limited,False
Ben Brookshaw Dental Laboratory Ltd,False
ben mason,False
OncoSil Medical Ltd,True
The Nightingale Clinic,False
Beyond Oxford Limited,False
Beyond Solihull Limited,False
BeYou Together Ltd,False
Beznoska s.r.o.,False
Bfactory Health Products B.V.,False
BFB Labs Ltd,False
BG Optics Ltd,False
BGI Europe A/S,True
BGI HEALTH (HK) COMPANY LIMITED,False
"BGI PathoGenesis Pharmaceutical Technology Co., Ltd.",True
BHH Mikromed Sp Z o. o.,False
BHM-Tech Produktionsgesellschaft mbH,False
BHS Technologies GmbH,True
BIBAWO Medical A/S,True
Bicakcilar Tibbi Cihazlar San. ve Tic. A.S.,False
BICARjet S.r.l,False
Bicester Dental Care,False
Bicester VE Limited,False
"Bicon, LLC",False
Biedermann Motech GmbH & Co. KG,True
Bieffe Italia S.r.l,False
"Bieffe Medital SpA, trading as Baxter Sondalo",False
Biegler GmbH,False
Black Swan Dental Limited,False
Bexleyheath VE Ltd,False
Beyeonics Vision Ltd,False
Oncotherm KFT,False
Ondal Medical Systems GmbH,True
Big Health Ltd,False
Big Picture Medical Limited,False
"BihlerMed, LLC",False
Bike Labyrinth B.V.,False
BILIMETRIX s.r.l.,True
Bill Jago Dental Laboratory Ltd,False
Bill Optical Limited,False
BİMED TEKNİK ALETLER SANAYİ VE TİCARET A.Ş.,False
Bimini Health Tech,False
Binding Sciences Limited,True
Bingley Dental Services,False
Bio Composants Medicaux,False
"Bio Compression Systems, Inc",True
"Bio Med Sciences, Inc.",False
Bio Molecular Systems Pty Ltd,False
Bio Optica Milano S.p.A,False
Bio Protech Inc.,True
Bio-Diagnostics Ltd,False
"Bio-Med Devices, Inc.",False
Bio-Rad Laboratories Seattle Operations Redmond,False
"Bio-Rad Laboratories, Inc.",True
"Bio-Rad Laboratories, Inc. (DBG - Digital Biology Group)",False
Bien-Air Surgery SA,True
Bifour Biotech Inc.,False
Ondine Biomedical Inc.,True
One dental clinic limited,False
BIO-TECH VISION CARE PVT. LTD.,True
Bio-Technology General Ltd.,False
bio.logis digital health Gmbh,False
bio.logis digital health GmbH,False
Bio/Data Corporation,False
"Bioantibody Biotechnology Co., Ltd.",True
BioArray Solutions Ltd.,True
Biobeat Technologies Limited,True
Biocare Enterprise Ltd,False
"Biocare Medical, LLC",False
Biocartis NV,False
BioCer Entwicklungs-GmbH,False
"Biochemical Diagnostics, Inc",True
Biochemical Systems International SPA,False
Biochrom Ltd,False
BioClin BV,True
BioComp Industries BV,True
Biocompatibles UK Limited,False
Biocomposites Ltd,True
BioConnections Ltd,False
Sai-Tech Dental Laboratory LTD,False
"Bio-Rad Laboratories, Inc., Clinical Systems Division (CSD)",False
Bio-Rad Medical Diagnostics GmbH,False
"One Lambda, Inc.",True
One Optics Ltd,False
"BioDerm, Inc.",False
Biodermis LLC,False
"Biodex Medical Systems, Inc",False
BioDue S.p.A.,False
Bioengineering Laboratories Srl,False
BioeXsen GmbH,True
Biofarma S.r.l.,True
"BioFire Diagnostics, LLC",True
Biofrontera Pharma GmbH,True
Biofrost Viking Lab Oy Ltd,False
Biogen MA Inc.,False
BioGX BV,False
Biohit OYJ,True
"BioHorizons Implant Systems, Inc",False
BIOKIT S.A.,True
Biokosmes S.r.l.,False
"Biolase, Inc.",False
"BioLegend, Inc",False
"Biolife, LLC",True
Bioline Products s.r.o.,True
Biolog-id,True
Bite Dentistry Limited,False
BIOCORP PRODUCTION,True
BioCytex S.a.r.l,False
One Rehab Ltd,False
One Retail Group,True
Biomatlante SA,True
Biomatrix S.r.l.,False
BIOMEC SRL,True
BioMed Jena GmbH,True
Biomed Labordiagnostik GmbH,True
BIOMEDAL SL,False
BioMedica Diagnostics Inc,False
"Biomedica, spol. s. r. o.",False
Biomedical Data Solutions Limited,False
BIOMEDICAL SHOES S.L.,False
Biomedical Srl,False
Biomedical Tissues,True
"Biomerica, Inc.",True
bioMérieux S.A,False
"bioMerieux, Inc",True
Biomet 3i LLC,False
Biomet Biologics LLC,False
Biomet France,True
Biomet Microfixation,True
Biomet Orthopaedics,False
"Biomet Spain Orthopaedics, SL",False
Bodywise (UK) Ltd,True
One Step by Step limited,False
Biolux Technology GmbH,False
bioLytical Laboratories Inc.,True
One vision lab,False
Onera B.V.,True
Biometrix Ltd,False
Biometrix s.r.o,False
BioMin Technologies Ltd,True
bionanovate limited,False
BIONEER Corporation,True
BIONEN SRL,False
Bioner S.A.,False
"Bioness, Inc.",False
Bionet company limited,False
Bionic Medizintechnik GmbH,True
Bionic Power Inc,False
BIONIKS,False
Bionime Corporation,False
"Bionix, LLC",False
"Bionostics, Inc",False
Biopanda Reagents Ltd.,False
"BioPhotas, Inc.",False
Bioplus co.Ltd,False
BioPolymer GmH & Co. KG,False
BioProtect Limited,False
BiopSafe ApS,False
Bioptimal International PTE. LTD.,True
Biorad Medisys Pvt Ltd,True
SH24 C.I.C.,False
Biomet Trauma,False
Biomet UK Limited,True
ONETEXX SDN.BHD.,True
Shaamil Floris,False
Biorex Diagnostics Ltd,False
BIOS Health Ltd.,False
Bios s.r.l.,False
BioScience GmbH,False
Biosculptor Corporation,False
Biosense Webster (Israel) Ltd,False
"BIOSENSE WEBSTER, INC",True
"BIOSENSE WEBSTER, INC.",True
"BioSensics, LLC",False
Biosensors Europe SA,True
Bioservo Technologies AB,False
Biosigma S.p.A,False
Biosphere Medical SA,True
"BIOSTER, a.s.",True
BioSure Global Limited,False
Biosynex S.A,False
BIOSYNEX SA,False
BIOSYNEX SWISS SA,True
BIOSYNEX TECHNOLOGIES GmbH,True
BIOSYSTEMS S.A.,True
BIOTEC ITALIA S.R.L.,False
BIOTEC s.r.l.,True
Dental Ally,False
Bioretec Ltd,True
Bioretec Ltd,True
Ongoing Care Solutions Inc.,False
ONIRIS,True
Biotech Inc,True
Bioteck S.p.A,False
"BioTeke Corporation (Wuxi) Co., Ltd",False
Bioteque Corporation,True
BIOTRONICS 3D LIMITED,False
BIOTRONIK AG,True
BIOTRONIK SE & Co. KG,True
BIOTYPE GmbH,True
Biovantic Pharma Medical Devices Limited,False
Biovec Ltd,False
Biovendor - Laboratorni medicina a.s.,False
Biover AG,True
Biovico Sp. z o.o.,False
BioWave Corporation,False
Biowink GmbH,True
Bioxal SA,False
BIP Biomedizinische Instrumente und Produkte GmbH,True
"Birkbeck College, University of London",False
Birmingham Biotech LTD,True
Birmingham Community Healthcare NHS Foundation Trust,False
Birmingham Orthotic Services LTD,False
"Bisco, Inc.",False
Bison Medical,False
"Bistos Co., Ltd.",True
Biotech Europe Meditech Inc Limited,True
Biotech GmbH,True
"Onkos Surgical, Inc.",False
Only Orthodontics,False
BiYOSiSTEM MEDiKAL TiCARET LTD. STi.,False
Bizztrex International,False
BJS Dental,False
BK Medical ApS,True
BK Medical UK Ltd,False
Black and Black Surgical,False
Black Country Orthodontics Ltd,False
Black Isle Optician LTD,False
Black Pearl Dental Laboratory Ltd,False
Dental Imaging Technologies Corporation,False
Dental Infinity Laboratory Ltd,False
Dental Laboratory Countess of Chester Hospital NHS Foundation Trust,False
Dental Monitoring SAS,True
Dental Partners Ltd,False
Dental Partners Trading Limited,False
Dental Smiles Takeley Ltd,False
Dental Solutions Laboratories Ltd,False
Dental Studio,False
Dental Studio Ceramics,False
Dental Studio Prosthetics Ltd.,False
Dental Technique Laboratory Ltd,False
Dental Techniques,False
"Dental Technologies, Inc.",False
DENTAL WELLNESS HOLDINGS LIMITED,False
Dental Wings GmbH,True
Dental Wings Inc,True
bitop AG,True
Bittium Biosignals Ltd,False
Ontecklong (Nanjing) Medical Supply Corporation Limited,False
Ontex BV,True
Blackhills Diagnostic Resources S.L.U.,True
Blackpool Teaching Hospital NHS Foundation Trust,False
Blackstone Innovations Limited,False
Blakmint Ltd,False
Blatchford Products Limited,False
Blenkinsop Optical Ltd,False
Bliinx Eyecare,False
Blink Device Company,True
Blink Medical Ltd,False
Blink Optics Limited,False
BLINK SURGIDENT LTD,False
Blizzard Protection System Ltd,False
"Bloomage Biotechnology Corp., Ltd.",False
"Bloomage Biotechnology Corp., Ltd.",False
"Bloomden Bioceramics (HuNan) Co., Ltd.",False
BLS Systems,False
"Blue Belt Technologies, Inc.",True
"Blue Belt Technologies, Inc.",True
"Blue Cross Bio-Medical (Beijing) Co., Ltd",False
Blue Dental Laboratories Ltd,False
Blue Medical Devices B.V.,False
Blue Ortho SAS,True
"Blue Sail Medical Co., Ltd",False
"Blue Sky, LLC",False
Dental Art and Design Ltd,False
BLACKFIN SpA,False
BLACKFORD ANALYSIS LIMITED,False
Oon Corp Resources (M) Sdn Bhd,True
Opal Aesthetics Limited,False
BlueMed Surgical,True
Bluepoint Medical GmbH & Co,False
Bluetree Medical Limited,False
BLUEWORKS,False
Blüm Health ltd,False
Blumont Healthcare Limited,False
"BLZ Technology (Wuhan) Co., Ltd",True
BM Dental Laboratory LTD,False
BMB Medical,True
BMB Medical,True
"BMC Medical Co., Ltd.",True
BMG Pharma S.p.A.,False
"BMI Korea Co., Ltd.",True
BMM Weston Ltd,False
BMS Critical Care Limited,False
"BNC KOREA, Inc.",True
Boddingtons Plastics Limited,False
BODE Chemie GmbH,True
Boditech Med Inc.,False
Body Clock Health Care Limited,False
BODY PRODUCTS RELAX Pharma und Kosmetik GmbH,True
Body Vision Medical Ltd,True
"Bodypoint, Inc.",False
Bodystat Limited,True
Prime Dental Laboratory Ltd,False
Bluebird Creative Ltd t/a One Optical,False
BLUEDOP MEDICAL LTD,False
Opal Aligners,False
OPAL DEMETZ,False
BOLLÉ BRANDS (UK) LIMITED,False
BOLSAPLAST S.L.,False
"Bolton Medical, Inc.",True
Bolton NHS Foundation Trust,False
Bolton Surgical Limited,False
Bonalive Ltd,False
Bondeye Optical Ltd,False
Bone Foam Inc.,False
Bone Index Finland Ltd.,False
Bonegraft Biomaterials Co.,True
BONEGRAFT BiYOLOJiK MALZEMELER SAN. VE TiC. A.5.,False
BONESUPPORT AB,True
"Bonraybio Co., LTD.",True
"Bonree Medical Co., Ltd",True
BonRoux Pty Ltd,True
BonRoux Pty Ltd,True
bonyf AG,True
Borders General Hospital NHS Trust,False
Bordier Affinity Products SA,True
Bormioli Pharma SpA,False
Borough Crown & Bridge,False
Bosch + Sohn GmbH u. Co KG,False
Bosch Healthcare Solutions GmbH,True
Bosham Dental Laboratory,False
Bohus BioTech AB,True
Bolder Surgical,True
Opcare Ltd,False
OPCI Limited,False
Boston Scientific Corporation,True
Boston Scientific Neuromodulation Corporation,False
Boston Town VE Limited,False
botiss biomaterials GmbH,True
Bottneuro AG,False
Boulton Dental Laboratories LTD,False
Bourne Valley Denture Laboratory,False
Boutique Whitening Limited,False
Bovie Medical Corporation,False
BOWA-electronic GmbH & Co. KG,False
Bowhead Design Corporation,False
BOWIL Biotech Sp. z o.o.,True
Bowland Dental Laboratory,False
BOWRx Ltd,False
Box Smart Cubed,False
Boyce Ceramics,False
Boz Tibbi Malzeme Sanayi Ve Ticaret,False
BPR Medical Ltd.,False
BPR Swiss GmbH,False
"BQ PLUS MEDICAL CO.,LTD",False
"BR PHARM CO.,LTD",False
Bracco Injeneering S.A,False
Bracenfix Ltd,False
Bracknell V.E. Limited,False
C & L E Attenborough Ltd,False
QIAGEN Manchester Ltd.,False
"Boston Brace International, Inc., DBA Boston Orthotics & Prosthetics",False
"Boston Medical Products, Inc.",True
OPED GmbH,True
Open Bionics Ltd,True
Open Medical Ltd,False
OpenPredictor Holdings Limited,False
"Operating Theatre Medical (Hubei) Co., Ltd.",False
Operational Surgical,True
Operon S.A.,False
"Ophiomics - Investigação e Desenvolvimento em Biotecnologia, S.A. (Ophiomics)",False
Ophtec BV,True
OPHTECS CORPORATION,False
Ophthalmic Experts Limited,False
OPHTHALMIC RESEARCH AND DEVELOPMENT LIMITED,False
Ophthalmo Pro GmbH,True
Shaw Eyecare Limited,False
Bradshaw Medical Inc. (dba Intech),False
Braebon Medical Corporation,True
Braemar Manufacturing LLC,False
BRAHMS GmbH,False
Brain Science Tools B.V.,False
Brain Stimulation AB,True
Brain+ A/S,False
Braun & Company Limited,False
Bray Group Ltd,False
Breas Medical AB,True
Breas Medical Limited,False
C A Samuel Dental Prosthetics,False
Bradburn Dental Solutions Ltd,False
Braderm SRL,False
BrainCool AB,True
Opitek International,True
Pfaff medical GmbH,False
"Breg, Inc",False
"Breg, Inc",False
Breitfeld & Schliekert GmbH,True
Bremadent Premier (Bristol) LTD,False
Brendan Brookshaw Prosthetics Technician,False
Brera Medical Technologies S.R.L,False
brian Bigmore,False
Brian Clark Opticians,False
Brian Michie Opticians,False
Bridea Medical bv,False
Bridge Dental Care,False
Bridge Dental Laboratory Ltd,False
Bridge Street Optometrists Ltd,False
Bridge-Rite Ceramics,False
BridgeMaster medical Limited,True
Bridgwater Dental Laboratory,False
Bright Optics,False
Bright Technologies Ltd,False
Brighter Futures Together CIC,False
Brighton Dental Clinic Ltd T/A Digital Dental Labs,False
Brighton Dental Lab,False
Brightwake Limited Trading as Advancis Medical,False
Brignall Opticians Ltd.,False
Brintal Limited,False
British Society for Paediatric Endocrinology and Diabetes,False
BRITTEN DENTURES LTD,False
BRM Extremities srl,False
Broadgate Dental Laboratory Ltd,False
C A W Dental Ceramics,False
bredent medical GmbH & Co. KG,True
Breeze Dental Laboratory,False
OPPO Medical Inc.,True
OPRO International Ltd,True
OPRO LTD,False
Brooklands Dental Laboratory,False
"BrosMed Medical Co., Ltd",True
Brownbills,False
Brownmed Inc.,False
Bruin Biometrics LLC,False
Bruker Daltonics GmbH & Co. KG,False
BRUMABA GmbH & Co. KG,True
Bryant Medical Ltd (t/a Bryant Dental),False
Brymill Cryogenic Systems,False
BSN medical GmbH,True
BSN medical GmbH,True
BSN Medical Inc.,True
BSN Medical Pty Ltd,False
BSN Medical S.A.S,False
BSN-Jobst GmbH,True
Bsure Medical BV,False
"BTE Technologies Inc, 7455-L",False
BTL Industries Limited,False
BTT Health GmbH,True
Bubble FLO Ltd,True
Buchanan Orthotics Ltd,False
Buckle and McGrath Ltd T/A Buckle Advanced Dental Care,False
C and S Dental Laboratory,False
Skegness Dental Laboratory,False
Brockley House Orthodontics,False
"Broncus Medical, Inc.",False
BRUNSWICK DENTAL LABORATORY,False
"Opsens, Inc.",False
PFD NI LTD T/as Portstewart Family Dental Practice,False
Buizer Family Eyecare Ltd,False
Buraq Surgical Corporation,True
Burlington Dental Laboratory,False
Burmeier GmbH & Co. KG,True
Burnham Dental Practice,False
Burnshield (Pty) Ltd,True
Burton McCall Ltd,False
Burton Medical LLC,False
Burton Medical LLC,False
Burton Upon Trent VE Limited,False
bury denture clinic,False
Bury St Edmunds VE Ltd,False
BUSCH & CO. GmbH & Co. KG,False
"Butterfly Network, Inc.",True
Buxton biomedical Inc,False
Buxton V E Limited,False
Buydefinition Limited,False
"BV MEDICAL TECHNOLOGIES, SL",False
BWF Dental Laboratory,False
BXTAccelyon Ltd,False
"BYD Precision Manufacture Co., Ltd.",False
"BYD Precision Manufacture Co., Ltd.",False
Byrnes Dental Laboratory Ltd,False
BYTECH  DENTAL,False
C & H Dental Lab,False
C & J Dental Technologists Ltd,False
Budleigh Salterton Dental Practice and Implant Centre,False
BÜHLMANN Laboratories AG,True
OPT SurgiSystems S.r.l.,False
Optalmed LLC,False
OPTEC USA Inc,False
Optellum Ltd,True
C the Signs Limited,False
C. E. Buggins & Co Ltd,False
C.I.O.M. SRL,False
"C.L. STURKEY, INC.",False
C.O.C. Farmaceutici S.r.l.,True
C&C Dental Laboratory,False
C&S Footwear Adaptions Ltd,False
C&S Seating Ltd,False
"C2N Diagnostics, LLC",False
Cablon Medical B.V.,False
Cactus Dental Technology Limited,False
Cadby Dental,False
Cadcamics Limited,False
CADskills BV,True
"Cadwell Industries, Inc.",True
Caemora LTD,False
Caesarea Medical Electronics Ltd.,True
CAHOUET,False
CAIR LGL,True
CAIRE Diagnostics Inc.,False
C Parkman Dental Technology,False
C R Williams Opticians Ltd,False
C-Pro Direct Ltd,False
C. P. P Denture Studio,False
CA-MI S.R.L.,True
"OPTI Medical Systems, Inc.",False
Optical Care Centre Ltd t/a Crystal Eye Centre,False
Caledonian Ceramics Dental Laboratory,False
Caleres Europe Ltd,False
"CalibreScientific US, Inc.",False
Callegari Srl,False
Calleo Ltd,False
CALPRO AS,True
Caltag Medsystems Ltd,False
"CALZAMEDI, S.L.",True
Calze G.T. S.r.l.,True
Calzificio Pinelli Srl,False
Camark SA,False
Camascope Limited,False
"Cambodian Textiles Worldwide Phnom Penh Works Co.,Ltd.",False
Camborne Denture Clinic,False
Cambridge Adaptive Testing,False
Cambridge Clinical Laboratories Ltd,False
Cambridge Cognition Ltd,False
cambridge dental ceramics ltd,False
Cambridge Digital Health,False
Cambridge Life Sciences Ltd,False
Cambridge Medical Innovation Ltd,False
Cambridge Novolab Limited,False
CamDiab Ltd,True
Cameron Graham Ltd,False
Cameron Optometry Limited,False
CAMHS Digital Lab,False
Camntech Ltd,False
CairnSurgical Inc,False
Calcivis Limited,False
Optical Farm HK Limited,False
Camurus AB,True
Candela Corporation,False
Candid Care Co.,False
Candulor AG,False
Canè S.p.A.,True
CANNORDIC A/S,False
Canon Inc.,False
Canon Medical Diagnostics Corporation,False
Canon Medical Informatics A/S,False
Canon Medical Informatics Inc.,False
Canon Medical Systems Corporation,False
Canonbury Products Ltd,False
Canpol sp z.o.o,False
Cantel (UK) Ltd,False
Cantel Medical (Italy) S.r.l.,True
Canterbury Scientific Limited,True
Canterbury Scientific Ltd,True
Canton Dental Laboratory,False
Canton Optics Ltd,False
Cantor Barnard Ltd,False
Canyon Medical Inc,True
Capatex Care Ltd,False
Capatex Medical (A Division of Capatex Ltd ),False
"Capenergy Medical, S.L.",True
Dental Art Ceramics,False
Campbell Labs Ltd,False
Camstent Limited,False
Optical Outlook Limited,False
Caprice Atelier LTD,False
"CapsoVision, Inc.",True
"Caption Health, Inc.",False
Carbasse Implant & Dental Centre,False
Carbofix Orthopeadics Ltd,False
Carbon Medical Technologies Inc,False
Carden Place Dental Practice Ltd,False
Cardia Innovation AB,True
Cardia International A.S.,False
"Cardiac Assist, Inc.",False
Cardiac Dimensions Inc.,False
"Cardiac Pacemakers, Inc., a subsidiary of Boston Scientific Corporation",True
CardiacSense Ltd,True
Cardiff And Vale UHB Dental Laboratories,False
Cardiff and Vale University Health Board,False
Cardiff and Vale University Health Board Rehabilitation Engineering Unit,False
Cardiff and Vale University Hospital Llandough,False
Cardiff and Vale University Hospital of Wales,False
Cardiff Orthodontic Laboratory,False
Cardinal Health,False
"Cardinal Health 200, LLC also trading as Cardinal Health",False
CARDIO CALM SRL,False
Cardio-Phoenix Inc.,False
CardioDynamics B.V.,True
Optical World (Southall) Ltd,False
"Caplugs, Inc.",True
Capri Healthcare,False
Optical3 Ltd,False
OPTICO LTD,False
"CardioRenal Systems, Inc",False
CardioTek B.V.,False
"Cardiovascular Systems, Inc.",False
Cardisio GmbH,False
"Cardiva Medical, Inc",False
Care & Independence Ltd,True
Care Corner Limited,False
Care Essentials Pty Ltd,True
Care Lamps Ltd,True
Care Platforms Pty Ltd T/A Careleda,False
Care Surgical Limited,False
CareCo (UK) Limited,False
CareDx AB,True
CareDx Pty Ltd,False
Careflex,False
CareFusion,False
"CAREGEN CO.,LTD.",False
Careglove Global SDN BHD,True
Caregroup Sight Solution Private Limited,False
Caregroup Sight Solution Private Limited,False
"CareHealth America Corporation dba Express Diagnostics Int'l, Inc.",False
CareLoop Health Ltd,False
"CareMax (Anhui) Co., Ltd.",True
OptiGene Limited,False
Cardionovum GmbH,True
CardioPrecision Ltd,False
Optikon 2000 S.p.A. società unipersonale,False
Optima (Faversham) Limited,False
"Caremed Supply, Inc",False
Careology Health Limited,False
Carestream Dental LLC,True
"Carestream Health, Inc.",False
Carew Dental Limited,False
Carilex Medical Inc.,False
"Caris MPI, Inc. D/B/A Caris Life Sciences",False
Caristo Diagnostics Limited,True
Carl J.Humphries Dental Ceramics Ltd,False
Carl Kearney Dental,False
Carl Reiner GmbH,False
Carl Zeiss Ltd,True
Carl Zeiss Meditec AG,True
"Carl Zeiss Meditec, Inc.",False
Carl Zeiss Microscopy GmbH,True
"Carl Zeiss Suzhou Co., Ltd.",True
Carl Zeiss Vision GmbH,True
Carl Zeiss Vision International GmbH,True
Carl Zeiss Vision UK Ltd,False
"Carlton & Stanley (Shevington), Carlton & Stanley (Bridgfords, Leigh)",False
CarlyLab,False
CARMAT SA,False
Carmelton (Jiangmen) Healthcare Limited,True
Cavex Holland BV,True
Caremed Alrick Healthcare T/A Caremed Healthcare,False
Caremed Alrick UK Ltd,False
Optima Exeter Ltd T/A Bennett & Rogers Opticians,False
Optima Medical Swiss AG,False
OPTIMA MOLLITER SRL,False
OPTİMAL SAĞLIK ÜRÜNLERİ SAN VE DIŞ TİC LTD.ŞTİ,False
Carterhouse Dental Laboratory,False
"Cascade Designs, Inc.",False
CASCINATION AG,True
"Case Medical, Inc.",False
Casis International,True
CASMED INTERNATIONAL LTD,False
Cassini Technologies B.V.,False
Casterbridge Solutions Ltd T/A Casterbridge Dental Studio,False
Castilian Street Dental Practice.,False
Castle Crown & Bridge,False
Castle Dene Dental Laboratory,False
Castle Dental Laboratory Ltd,False
Castle Dental Studio Limited,False
castle dental technicians ltd,False
Castledale Ceramics Ltd,False
"CAT Resources, LLC",False
Catachem Inc,False
Cathay Manufacturing Corp,True
Catheter Precision Inc.,False
CathWorks Ltd,False
Cavendish Imaging Limited,False
Cavendish Implants Ltd,False
Evergreen Dentistry,False
CarpoNovum AB,False
Carson Optical,False
Carter Bailey Opticians Ltd,False
OptimallyMe Limited,False
"Optiman Group, Inc",False
Optimas Medikal Ürünler Sanayi Ticaret Ltd. Sti.,False
Optimed Medizinische Instrumente GmbH,True
Optimi Health Limited,False
Optimise Health Limited,False
Optimized Body & Mind,False
Optimized Ortho Pty Ltd,True
Optimum Coatings Ltd,False
Optimum Medical Solutions Limited,True
Optimus Dental,False
Optique Vision (Lincoln),False
Optium Medikal Ltd. Şti,False
Optivision Opticians Ltd,False
Opto Health Ltd,False
Cayenne Medical,True
CB & N LTD,False
CB Dental Materials GmbH,False
CB Dental Reg. GmbH,False
CBC Dental Lab,False
CBI Dental Studio,False
CC Wellness LLC,False
CCD Laboratoire,False
CCDL Limited,False
CCIR ASIA PACIFIC LIMITED,True
CCM Laboratories Ltd,False
CD Diagnostics,False
CD Medical Ltd,False
CEGLA Medizintechnik GmbH,True
Ceiba Healthcare Ltd.,False
CB Healthcare Consulting GmbH,True
Optomed OYJ,False
CellPath Ltd,False
Cells4Life  Group LLP,False
Cellview Imaging Inc.,True
CEMAG CARE,True
Cemar Electro Inc,False
Cendres+Métaux SA,True
CenterPoint Systems LLC,True
Centervue SpA,False
Centinel Spine LLC,True
Centogene GmbH,True
Central  Crown and Bridge,False
Central Decontamination Unit - Clyde Sector,False
Central Dental (Kempston) Laboratory Ltd,False
Central Manchester Healthcare NHS Trust,False
Central Medical Supplies Ltd,False
Central Medicare Sdn. Bhd.,False
Central Orthodontics Limited,False
Central Orthodontics Stirling,False
Central Prosthetics( M.A.Fletcher),False
Centre of Dental Excellence LTD,False
Centre of Eyecare excellence with Plymouth University,False
Centrix Inc.,False
Centrostyle SPA,False
Centurion Medical Products LP.,False
CEODEUX SA,False
Cephas Medical Pvt Ltd,False
Cell Projects Ltd,False
CellaVision AB,True
Optomistry Limited,False
Optonet Ltd,False
Optopol Technology,False
Optos Plc,False
"Optovue, Inc.",True
Ceramiart Dental Laboratories Ltd.(MJ.Roetjens.MD),False
Ceramic Art Dentallabor UG,False
Ceramic Techniques Limited,False
Ceramident Technics,False
CeramOptec GmbH,True
CeramTec Schweiz GmbH,False
Ceramtech Limited,False
CERAPEDICS INC,False
cerascreen GmbH,True
Cerca Biotech GmbH,True
Cercare Medical A/S,True
"Cerenovus, Inc.",True
"Cerenovus, Inc.",True
CERKAMED - (Przedsiybiorstwo Produkcyjno-Handlowe CERKAMED Wojciech Pawlowski),False
Cerner Corporation,False
Ceroplast Ltd,False
"Cerus Endovascular, Ltd.",True
Cestradent,False
Cetro Medical AB,False
CEX INTERNACIONAL S.A.,False
Cepheid Inc,True
CERAMDENT,False
CERICHEM BIOPHARM SRL,False
CGS Dental Laboratory,False
CH Dental Prosthetics,False
"CHA Meditech Co., Ltd.",True
"Chabner XRT, LLC",False
Chalice Medical Ltd,True
"Chamfond Biotech Co., Ltd",False
Champ Mobility,False
Champion Manufacturing Inc.,False
Champions Implants,False
Chaneco Ltd,False
"Changchun LYZ Technology Co., Ltd.",False
"Changde Gelan Medical Device Co., Ltd.",True
"Changde Yicheng Medical Instrument Co., LTD",True
Change Healthcare Canada Company,True
"Changsha Anxiang Medical Technology Co., LTD",False
"Changsha Renji Medical Equipment Co., Ltd.",False
Changsha Sinocare Inc.,True
Changshu Kangbao Medical Appliance Factory,True
"Changshu Pingfang Wheelchair Co., Ltd",False
Changshu Shangchi Dental Materials Co. Ltd,False
Changshu Taining Medical Equipment Co. Ltd,False
Knight Dental Design LTD,False
CG Dental Laboratory,False
CG Med SAS,False
Knight Scientific Limited,False
OPTUM HEALTH SOLUTIONS (UK) LIMITED,False
Ora Medical Inc.,False
"Changzhou Endoclean Medical Device Co.,Ltd",False
"Changzhou Haiers Medical Devices Co., Ltd",True
"Changzhou Health Microport Medical Device Co., Ltd.",False
"Changzhou Hongtai Paper Film Co., Ltd",False
"Changzhou Hualian Health Dressing Co., Ltd.",True
"Changzhou Hupan Medical Co., Ltd",True
"Changzhou Intl. Trade & Enterprises Cooperative Co., Ltd.",False
"Changzhou Major Medical Products Co., LTD",False
"Changzhou Maokang Medical Products Co., Ltd.",False
"Changzhou Medical Appliances General Factory Co.,Ltd",False
"Changzhou Shengkang Medical Instrument Co.,Ltd",False
"Changzhou Sifary Medical Technology Co., Ltd.,",False
"Changzhou Tongda Medical Appliance Co., Ltd.",False
"Changzhou Waston Medical Appliance Co., Ltd.",True
"Changzhou WeiPu Medical Devices Co.,Ltd.",False
"Changzhou Wujin Jinxingda Medical Appliance Co., Ltd.",False
"Changzhou Yuekang Medical Appliance Co., Ltd.",False
CHISWICK V.E. LIMITED,False
Oracle Dental Cermaics,False
ChangZhou BoMedent Medical Technology Co Ltd,False
"Changzhou DSB Medical Co.,Ltd.",False
Oral Arts Laboratory Ltd,False
Oral Care Innovations ltd (Abergele),False
"CHANVOL MEDICAL TECHNOLOGY CO., LTD",False
CHAPEL  DENTAL  LABORATORY.,False
Chapman Dental Solutions,False
CHARCO NEUROTECH LTD,False
"CHARDER ELECTRONIC CO., LTD.",False
Charles Clifford Dental Hospital NHS,False
Charles Lea Opticians Ltd,False
Charlotte J Bishop,False
CHARMANT FRANCE,True
CHARMANT INC,False
Charnwood Chrome,False
"Charter Medical, LLC",False
Cheadle Hulme Dental & Cosmetics,False
Check Point R&D Ltd,False
Check4Cancer,False
"Checkpoint Surgical, Inc.",True
Cheers Health Care Limited,False
Cheetah-Medical (Israel) Ltd trading as Baxter Tel Aviv,False
Chefaro Ireland DAC,False
CHEIRÓN a.s.,True
Chelmer Surgical Supply Ltd.,False
"Chemence Medical, Inc.",False
Chemichl AG,True
"CHEMILENS (JIAXING) CO,. LTD",False
CHEMILENS VIETNAM JOINT STOCK COMPANY,False
Oral Ceramics,False
"Channel Medsystems, Inc.",False
Chanter Biomed Limited,False
Oral Creations Dental Laboratory LTD,False
ORAL DESIGN HARLEY STREET,False
Oral Facial Laboratory.,False
Oral Health Solutions Ltd,False
Oral smile dental laboratory,False
Oraldent Limited,False
Orametrix Inc (Texas),False
Orantech Inc.,True
"OraSure Technologies, Inc.",False
Orbit Health GmbH,True
"OrbusNeich Medical (Shenzhen) Co. Ltd,",False
OrbusNeich Medical B.V.,False
Orby Dental Laboratory,False
OrCam GmbH,True
OrCam Technologies LTD,True
"Chengdu Daxan Innovative Medical Tech Co., Ltd.",False
"Chengdu Xinjin Shifeng Medical Appratures & Instrument Co., Ltd.",False
Chilli Dental Laboratory,False
Chiltern Invadex (UK) Limited,False
Chin Kou Medical Instrument Co. Ltd,False
"China HuaMei Medical Instrument Co., Limited",False
Chinesport spa,True
Chingford Dental Laboratory,False
"CHIRANA T.Injecta, a. s.",False
Chiron Digital Health Ltd,False
Chiswick Denture Clinic,False
Chemo Mouthpiece LLC,False
Chemotechnique MBDiagnostics AB,False
Chemviron Carbon Ltd,True
Orchard Dental Laboratory,False
Orfit Industries,True
ChM sp. z o.o.,False
Choice Med,False
Choice One Medical Inc.,False
"Chongqing iSIA BIO-Technology Co., Ltd.",False
"Chongqing KangHuaRuiMing Science Technology Co., Ltd.",True
"Chongqing Keysmile Biological Technology Co., Ltd",True
"Chongqing PSK-Health Sci-Tech Development Co., Ltd.",True
Chongqing Qing Er Technology Company Limited,True
"Chongqing Shiyuanqing Technology Co., Ltd",False
Chongqing Shun Meiji Medical Equipment Inc Co Ltd,False
"Chongqing Sunkingdom Medical Instrument Co.,Ltd.",False
"Chongqing Xishan Science & Technology Co., Ltd.",False
"CHONGQING YEASN SCIENCE-TECHNOLOGY CO.,LTD.",False
Chordate Medical AB,True
Chris Boyde,False
Chris Cowell Castings,False
Chris Frizzell Dentures Ltd,False
Chris Howe Ceramics Ltd,False
Chris Plant Dental Lab,False
Chris Woods Eyecare,False
Coast Dental Health & Beauty Ltd,False
Total Rehab,False
chitotech company,False
Chiyewon Co. LTD.,False
"Organ Recovery Systems, Inc.",False
Organon LLC,True
CHROMagar,False
Chrome Cast (UK) Ltd,False
Chrome Design Limited,False
Chrome Hearts LLC,False
Chrome innovation limited,False
Chrome Surgical Ltd,False
Chrono-log Corporation,True
Chronomics Limited,False
Chronos Imaging LLC,True
Chunc Limited,False
Church and Dwight Co Inc,False
Church House Dental Practice Ltd,False
Church Street Dental Practice,False
Church View Dental Practice Ltd,False
CIGA Healthcare Ltd,True
CIM med GmbH,True
"CIMA TECHNOLOGY, INC",False
CIMON MEDICAL AS,False
Cimpax ApS,False
Cinch Laboratories,False
Cinchortho Ltd,False
CINOGY System GmbH,True
Cipher Surgical Limited,False
CIR Medical SAS,False
"CIRCA Scientific, Inc.",False
ClariPi Inc,True
Christine David Opticians Limited,False
Christoph Miethke GmbH & Co. KG,False
OrganOx Ltd,True
ORGENTEC Diagnostika GmbH,True
Circle Specialty Inc.,False
Circus Dental Ltd,False
Cirdan,False
CIS Oncology Ltd,False
Cisa Production S.r.l.,True
Cisbio Bioassays,True
"Cision Vision, Inc.",False
CITEST DIAGNOSTICS INC,True
Citieffe S.r.l.,True
"Citizen Systems Japan Co., Ltd.",False
CitizenAID Ltd,False
"Citotest Labware Manufacturing Co., Ltd.",False
Citra Labs,False
City Ceramics Dental lab Edinburgh Ltd,False
City Ceramics Dental Laboratory Limited,False
City Dental Laboratory Ltd,False
City Dental Laboratory.,False
CIVCO Medical Instruments Co. dba CIVCO and CIVCO Medical Solutions,False
CIZETA Medicali S.p.A,False
CK-Dental Ind. Co. Ltd,False
CL VISION LIMITED,False
CLAI LTD,False
Claire O'Brien,False
Clare Rankin CDT,False
Pfizer Inc,False
Circius Pharma AB,True
Circle Cardiovascular Imaging Inc,True
"ORICH Medical Equipment (Tianjin) Co., Ltd.",True
Skidmore Medical Limited,False
CLARTEIS SAS,False
Class Medical Ltd.,True
CLASSYS Inc.,True
Claudio Segreti,False
CleanCert Hygiene Ltd,False
Cleanhearing GmbH,False
CLEANIS,False
"Clear Guide Medical, Inc.",False
ClearCorrect,False
ClearCut Medical Ltd,False
ClearPoint Neuro Inc.,False
CLEARSIGHT   OPTICIANS.,False
Clearstream Technologies Ltd.,True
Clearwax Ltd,True
CLEMENT CLARKE INTERNATIONAL LTD,True
Clent Life Science,False
CLERAD,False
Clever Culture Systems AG,False
"Click Medical, LLC",False
Clifford Benjamin Ltd,False
Clifton Dental Care Ltd,False
Clinical Computing UK Limited,False
Clinical Denture Centre Ltd,False
Clinical Design Technologies Ltd,True
Clinical Engineering,False
Clark Dental Studio Ltd,False
ClaroNav Inc.,True
Oridion Medical 1987 Ltd.,True
Rayner Intraocular Lenses Limited,True
"CLINIPRO, S.L.",True
Cliniqa Corporation,True
Clinisupplies GB Limited,False
Clinisupplies Limited,False
Clinogen Medical Limited,False
Clinova Limited,False
clive paton,False
Clonallon Laboratories Ltd,True
Clonit Srl,False
Closed Loop Medicine Ltd,False
Cloves Dental Care Ltd,False
CLS Surgical Ltd,False
Clubfoot Solutions Inc.,False
Clyde Dental Practice Ltd,False
CM Technologies lnc.,False
CMB Dental Laboratory Ltd,False
CMC Consumer Medical Care GmbH,True
CMED Aesthetics SRL,False
CMR Surgical Limited,True
CMS DENTAL A/S,False
"CMUK Visual Safety Ltd, also trading as Koolpak Ltd",False
CNSystems Medizintechnik GmbH,True
co leicester ltd,False
Co-Innovation Biotech Co. Ltd.,False
"CoaguSense, Inc.",False
Coakley Opticians Ltd,False
"Coapt, LLC",True
Clinical IT Ltd,False
Clinimed Limited,False
Cochlear Bone Anchored Solutions AB,True
Cochlear Boulder LLC,False
Cochlear Europe Ltd,False
Cochlear Ltd,True
CODAN ARGUS AG,False
CODAN Medizinische Geräte GmbH,True
CODAN pvb Critical Care GmbH,False
"Codonics, Inc.",False
"Cofoe Medical Technology Co., Ltd",False
"Cogentix Medical,Inc.",False
Cognetivity Ltd.,False
Cognitive IVF a.s.,False
Cognito Health,True
"Cognivue, Inc.",False
COHEREX MEDICAL,True
CoLab Dental Technologies,False
Coldplasmatech GmbH,True
Cole Martin Tregaskis Ltd,False
Colgate-Palmolive Manufacturing (Poland) sp. z o.o.,True
Colin Orsbourn,False
Colin Picken Eyecare Limited,False
"Collagen Matrix, Inc.",False
Colligan Dental Laboratory,False
Collins & Kimpton Ltd,False
Knights Prosthetics,False
"Cobes Industries(Hefei) Co.,Ltd.",False
COBI REHAB A/S,True
Knit-Rite LLC,False
Oriental International Supplies Limited,True
Coltene Whaledent Inc.,False
Coltène/Whaledent AG,True
Coltène/Whaledent GmbH + Co. KG,True
COLUMBO LIMITED,False
Com-Bridge International Co Ltd,False
Com-Da Healthcare Co Ltd,False
"Comar, LLC",False
Combat Medical Ltd,False
Combe Incorporated,True
COMBE INTERNATIONAL LIMITED,False
Combe Road Dental Laboratory,False
Combinostics Oy,False
"Combo (Zhongshan) Medical Equipment Co., Ltd.",False
Comecer Netherlands B.V.,True
Comed (Pvt) Ltd,True
Comed Ltd,False
Comerge AG,False
Cometa srl,False
Comfort Rubber Gloves Industries Sdn. Bhd.,True
Comfortex Limited,False
"Comfy Health Group Co., Ltd.",False
Commic International Ltd,True
Common Sense Dental Products,False
Commonwealth Diagnostics International Inc.,False
Coloplast AS,False
Coloplast Corp,True
OriGen Biomedical Inc.,False
Origin Healthcare Services Ltd,False
"Community Products, LLC dba Rifton Equipment",False
CoMoveIT NV,False
Companion Medical Inc,False
Companion Spine France S.a.s.,False
Compedica Limited,False
Complete Crown & Bridge,False
Complete Dental Solutions Ltd  T/A Premplus Dental Labs,False
Complete Denture Care Ltd,False
Complete Eyecare Ltd,False
Compressana GmbH,False
Compression Works Inc,False
COMPTOIR HOSPITALIER ORTHOPEDIQUE ET CIRURGICAL,False
Compumedics Germany GmbH,True
Compumedics Limited,False
"Computer Sports Medicine, Inc.     CSMi",False
Comvita UK Limited,False
Concept Health Technologies Limited,False
Concept Medical B.V.,True
Concepta Diagnostics,True
Concord Neonatal BV,False
Condor MedTec GmbH,False
CONFI-DENT UK LTD,False
Confidence Plus Ltd,False
Confident Laboratories Ltd,False
Confident Labs LTD,False
Origin Packaging Limited,False
Community Dermatology Limited,False
Community Medical Products,False
Origin Sciences Limited,False
ORIGIO A/S,True
Congenica Ltd,False
ConMed Corporation,True
CONNECT MEDICAL SYSTEMS LTD,False
Connexicon Medical Ltd,True
"Conod Medical Co., Limited",False
Conquering Horizons Limited,False
Conroy Medical AB,True
Consolor Ltd,False
Contacare Ophthalmics and Diagnostics,False
"CONTEC MEDICAL SYSTEMS CO., LTD",True
Contemporary Orthodontics,False
contextflow GmbH,False
Continuum Health Limited,False
CONTREL EUROPE N.V,False
Control Bionics Inc.,False
Contura International A/S,True
ConvaTec Limited,True
Conway Optometry Ltd,False
Conway Phillips (Warrington) Ltd,False
Conwell Medical Co Ltd,False
Cook Biotech Incorporated,True
Cook Incorporated,True
Cook Ireland Ltd,True
Cook Vandergrift Inc.,False
Cookgas LLC,False
Confidents Dental Laboratory,False
"ConforMIS, Inc.",False
Orion Corporation,False
Orion Sutures (India) Private Limited,True
"CooperSurgical, Inc.",True
CooperVision Manufacturing Limited,False
Copan Italia S.p.A.,True
Copan WASP S.r.l.,False
Copenhagen Imaging Aps,True
Coral Clinical Systems - A Division of Tulip Diagnostics (P) Ltd.,False
Corbin Clinical Resources,False
Corcym Canada Corp.,False
Corcym Inc.,False
Corcym S.r.l.,True
Cordiana Medical Informatics AG,False
Cordis Cashel,True
Cordis Corporation,False
Cordis US Corp.,True
Core Access Surgical Technologies Inc,False
Core Mobility Solutions Inc,False
Core Protection Systems Limited,False
Core Scientific Creations Ltd,True
"Core Technology Co., Ltd.",True
"Core Technology Co., Ltd.",True
"Coreline Soft Co., Ltd",True
Dan Medica South Ltd,False
Cooper & Barr Ltd,False
Cooper & Thompson,False
Oriplast Gmbh,True
Orkla Care AB,False
Orkla Wound Care AB,True
Orkney Dental Lab,False
"Corista, LLC",False
Corman S.p.A,False
Cormed Ltd,False
"CorneaGen, LLC",False
Corona Studio LTD,False
Coroventis Research AB,True
CorporateHealth International UK Ltd,True
Corsano Health B.V.,False
Corscience GmbH & Co. KG,True
Corsham Dental Ceramics,False
Cortech Holdings Ltd trading as Komodo Healthcare Ltd,False
"CorTechs Labs, Inc",False
Cortex Technology,False
Cortrium ApS,False
"Corvia Medical, Inc.",False
Coselgi A/S,True
Cosi Care Ltd,False
Cosinuss GmbH,True
"COSMED USA, Inc.",False
Cosmetic Dental Clinic - Durham,False
Cosmetic Design Ltd,False
Corin Limited,True
Corindus,True
Coris Bioconcept Srl,False
Cosmetic Ceramics Ltd,False
Orliman,False
Ormco Cooperation,False
Costspex Ltd,False
Coswell S.p.a,False
Coti Vision Ltd,False
Cotronic Technology Ltd.,True
COTSWOLD  DENTAL  LABORATORY.,False
Cotswold Eye Care Centre Ltd,False
Countess of Chester Hospital NHS Foundation Trust,False
COUNTY DENTAL,False
County Sales Ltd,False
Courtrai Dental and implant practice,False
COUSIN BIOTECH S.A.S,False
Cover SRL,False
Covidien llc,False
Covidien llc,False
Covidien llc,False
Covision Medical Technologies Ltd.,False
COVVI Ltd,True
Cowellmedi,False
"Coyote O&P, Inc.",False
Cranberry International Sdn Bhd,False
Cranford Opticians Limited,False
Creagh Medical Ltd.,True
"Create Biotech Co., Ltd.",False
"Create Medic Co., Ltd.",False
Createch Medical,False
Skill-Tech Dental Studio,False
Cosmodent AB,False
Costco Wholesale UK Ltd,False
Ormco Cooperation,False
Ormed GmbH,True
Creative Dental Design,False
Creative Dental Laboratory Ltd,False
Creative Dental Studio,False
Creative Implant Solutions,False
Creative Smile Dental Laboratory Ltd,False
Credence Dental Care Ltd T/A Brunel Dental Practice,False
Credenhill Ltd,False
credentis ag,False
Credo Diagnostics Biomedical Pte. Ltd. Taiwan branch,True
Credo Therapies Ltd,False
Creo digital lab,False
Creo Medical GmbH,True
Creo Medical Ltd,True
Creo Medical S.L.U.,False
Creo Medical UK Limited,False
Crescent Dental Laboratory Ltd,False
Crescent House Ceramics,False
Crescent Pharma Ltd,False
Crest Medical Ltd,True
Crewe Denture Laboratory,False
Crewe VE Ltd,False
Crickdental Ltd,False
Cristalens Industrie,True
Cristaline Aligners GmbH,True
CROMA PHARMA GmbH,False
Cromer Dental Lab Limited,False
Cross Innovations LLC,False
Cross Innovations LLC,False
Creative Chrome,False
"Creative Dental Concepts, LLC",False
ORMESA s.r.l,False
ORMISTON-ADAMS LTD T/A Hampshire Dental Laboratory,False
Crown Aesthetics,False
Crown Care Dental Laboratory,False
Crown Ceramics Dental Laboratory,False
Crown Dental Burs Ltd,False
Crown Eyecare Ltd,False
Crownform Eurodental,False
Crowstone Dental Centre Ltd T/A Inspire Dental Southend,False
Croydon Health Services NHS Trust,False
Croydon Orthodontics Limited,False
Crucible Medtech Ltd,False
Cryo Bio System,False
Cryo Products B.V.,False
Cryoalfa Europe GmbH,True
"CryoConcepts, LP",True
CryoIQ global,False
Cryolab Limited,False
CRYOPAL,False
Cryotherm GmbH & Co. KG,True
Crystal cl vision ltd,False
Crystalvue Medical Corporation,True
CSA Medical Inc.,False
CSD Labs GmbH,False
"CTK Biotech, Inc.",False
CTL Medical (UK) Limited,False
"CU Medical Systems, Inc.",True
Crossbank Dental Care Ltd,False
Crown & Bridge Studio Ltd,False
ORN (INT) LIMITED,False
orochemie GmbH + Co KG,False
Orofacial Restorations,False
Cumbrian Ceramics Crown & Bridge Dental Labs,False
Cumulus Neuroscience Ltd,False
Cupid Limited,True
Curamedical BV,False
Curan Medical BV,True
Curapel (Scotland) Ltd,False
Curas Sdn. Bhd.,True
Curatex GmbH,True
"Curbell Medical Products, Inc.",False
Cured Click Ltd,False
Curesponse Ltd,False
Curesponse UK Ltd,False
Curetis GmbH,True
Curonix LLC,True
Current Health Ltd,False
CurveBeam AI UK Ltd,False
Curzon Dental Limited,False
Cush Health Limited,False
Customed,False
Customized Covers Limited,False
"Cutera, Inc.",True
Cutting Edge Ceramics,False
Cutting Edge SAS,True
Cutting Edge Surgical Instruments Ltd,False
CUI International Ltd,False
Cumbria Smile clinic,False
curasan AG,True
Orrodent,False
Orteq Sports Medicine Limited,True
"CVRx, Inc.",False
Cwm Taf Morgannwg University Health Board,False
Cwm Taf Morgannwg University Health Board,False
Cwm Taf Morgannwg University Health Board,False
Cwmbran Dental Spa,False
CX Engineering sp. z o.o.,False
Cyberdyne Inc.,True
CyberLiver Limited,False
Cyborg Foot Orthoses,False
Cyclomedica Australia Pty Ltd,True
Cydar Ltd,True
Cylite Pty Ltd.,False
Cynosure LLC,True
Cypress Adaptive LLC,False
Cyted Ltd,False
CyteTech Ltd,False
Cytocell Ltd,False
"CYTOGNOS, S. L.",False
"Cytophil, Inc.",True
CytoSorbents Inc.,True
D B Brocklesby,False
D J Ceramics,False
D L Prosthetics,False
D M Dental,False
D Monitoring UK Limited,False
D P Dental Laboratory,False
Danial Hayton Ltd,False
UOHVO Limited,False
Cuxson Gerrard & Co. Ltd.,True
CV Medica SL,False
Ortho Cape SAS,False
Ortho Caps GmbH,False
D. J. Osborne,False
D. P.  BIRD.  DENTAL LABORATORY.,False
D. S. Prosthetics Ltd,False
D.& M. Champion.Dental Laboratory.,False
D.A. Surgical,False
D.A.N.D. Metal Industries North Ltd,False
D.B.M. S.r.l.,False
D.F. Lawrence.,False
D.Fenstec s.r.l.,False
D.MOSS CROWN&BRIDGE Ltd,False
D.O.R.C Dutch Ophthalmic Research Centre (International) B.V.,False
D.W. Young. Dental Laboratory.,False
DA Seaman Ltd,False
DA VINCI DUBAI LTD,False
Da Vinci Lab Limited,False
Dacey Ltd,False
"Daedalus Wings, Inc  - Trading as Rio Mobility",False
"DAESUNG MAREF CO.,LTD.",True
Dahlhausen (GB) Ltd,True
Dainippon Seiki Co Ltd,False
daisygrip GmbH,True
"Dakewe (Shenzhen) Medical Equipment Co., Ltd.",False
Dale Medical Products,False
"Dalim Tissen Co., Ltd.",True
DAMAE Medical S.A.S.,False
D-tek s.a,False
D. E. Hokanson Inc,False
Ortho Europe,False
Ortho Group Ltd,False
DANMEDICAL LTD,False
Dansac A/S,True
DANTECH DIGITAL DENTAL SOLUTIONS PRIVATE LIMITED,False
Danumed Medizintechnik GmbH,True
Danville Materials,False
Danyang Chanxin Glasses Cases Factory,False
"Danyang Feng Chao Glasses Co., Ltd.",False
"Danyang Huajun Optical Glasses Co., Ltd.",False
"Danyang Huayi Medical Supply & Equipment Co., Ltd.",False
"Danyang Meijin Optical Glasses Co., Ltd.",False
Danyang Sunmed Healthcare Corporation,True
Daray Limited,False
DARCO (Europe) GmbH,True
DARCO INTERNATIONAL LTD,False
Darge Dental Design,False
Darling Eyecare Ltd,False
Dartford & Gravesham NHS Trust.,False
Daryou Instrument Ltd.,False
DAS  srl,False
"DAS Medical International, SRL",True
Dassiet Oy,True
De Soutter Medical,True
Ortho Hemel Ltd,False
DANIELS MEDIZINTECHNIK GmbH&Co.KG,True
DANLAB,False
Ortho Laboratory,False
"Ortho Organizers, Inc.",True
Datascope Corp.,True
Datex-Ohmeda Inc,True
"Datex-Ohmeda, Inc.",False
Datum Dental Ltd.,True
Daves Dental Laboratory,False
David Austin Orthodontics,False
David Carpenter Ocularist,False
David Gould Opticians Ltd,False
David Hillel Optical Limited,False
David John Emery RDT,False
David Kear Opticians,False
David McWilliams Ltd t/a D&D McWilliams Opticians,False
David Proffitt Dental Laboratory,False
David Thompson Dental Lab Ltd,False
Davis Schottlander & Davis Ltd,False
"Davol, Inc., Subsidiary of C.R. Bard, Inc.",False
DAWI DENTAL LABORATORY LTD,False
Day Lewis Opticians,False
Daysoft Limited,False
Daytot,True
Dazzle Dental Laboratory Ltd,False
DB Orthodontics Ltd,True
dBMEDx Inc.,False
DCL Hearing Ltd,False
DCS Prosthetics - Daniel Smith,False
DCSTAR INC,False
DD Products & Services Ltd,False
De Gotzen S.R.L. a socio unico,False
Data Southern Enterprises Ltd t/a DS Medical,False
Datar Cancer Genetics UK Private Limited,False
Ortho Solutions UK Ltd,True
Ortho Technology Inc.,False
Ortho-Care (UK) Ltd,True
Decon Wheel AB,False
Decontamination Services Department - AGH Solutions Ltd,False
Decree Thermo Ltd,False
Dedalus UK Bidco Limited,False
DEDIENNE SANTE,False
Deepcove Limited,False
DeepPSY AG,False
DeepX Health Limited,False
"Defibtech, LLC",False
Definition Health,False
Degania Silicone Ltd,True
Degradable Solutions AG,False
DeguDent GmbH,False
DEHAS Medical Systems GmbH,False
Deintyddfa Glan Dwr,False
DEKA M.E.L.A. Srl,False
DEKO MedTech Oy,True
Delabie UK,False
Delcath Systems Inc,True
Delfi Medical Innovations Inc,True
Delfin Technologies Ltd,False
Delmont Imaging,True
DENTAL BEAUTY BEDFONT LTD,False
Ortho-Clinical Diagnostics,False
Deben Diagnostics Ltd,False
Debra Woodall T/A Derek Thornton Dental Laboratory,False
Dechoker LLC,True
"Ortho-Clinical Diagnostics, Inc.",False
"Ortho-Clinical Diagnostics, Inc.",False
Delta Molding LLC,False
Delta Surgical Limited,True
Deltalab S.L.,False
DeltaMed GmbH,True
Deltex Medical Limited,False
Dem Dx Limited,False
DEMAND Design & Manufacture For Disability,False
Demophorius Limited,False
"Den-Mat Holdings, LLC",False
Den-Tech,False
Den-Teq Dental Laboratory,False
DENCERAM  DENTAL  LABORATORIES  LTD.,False
Dencraft (Leicester) Ltd,False
Dencraft Dental Laboratories Ltd,False
Dencraft South Yorkshire Ltd,False
Dendron Brands Limited,False
Denfotex Research Ltd,False
Deniz Biyokimya Urunleri Dis Ticaret A.S.,False
Denka UK Ltd,False
DeNovo Healthcare Ltd,False
Densitas Inc.,True
Dent4You AG,True
Dent4You AG,True
Dent4you GmbH,True
Dent8 Dental Laboratory Ltd,False
DENTACO GmbH & Co. KG,False
"Delsys, Inc",False
Delta Med SpA,True
Ortho-Space Ltd,True
Orthobones,False
Skillbond Direct Ltd,False
Dental Beauty Forest Hill Limited,False
Dental Beauty Northfields Limited,False
Dental Beauty Romford Limited,False
DENTAL BEAUTY SOUTHGATE LTD,False
DENTAL BEAUTY ST ALBANS LTD,False
DENTAL CERAMIC DESIGN LTD,False
Dental Design Laboratory Ltd,False
Dental Design Ltd,False
Dental Design Studio,False
Dental Direkt GmbH,False
DENTAL ELEGANCE DENTAL PRACTICE Ltd,False
Dental Excellence,False
Dental Excellence Laboratory Services Ltd,False
Dental Excellence Labs,False
DENTAL FILM S.R.L.,True
Dental Fx Studios,False
Dental World Cornwall Ltd,False
Dentalab Ltd,False
DentalBees LINPETRA LIMITED,False
DentalEye,False
Dentalhitec,True
DENTALIA Kft.,False
Dentalia Ltd,False
"Dentall Co., Ltd.",True
Dentalserve.net Ltd t/a CosTech Dental Laboratory,False
dentalXrai GmbH,True
Dentaprime UK Plc,False
Dentaria,False
Devonshire House Denture Solutions Ltd T/A Devonshire House Dental Laboratory,False
Dental Beauty Croydon Limited,False
Dental Beauty Feltham LTD,False
Dentcare Dental Lab UK LTD,False
"Dentco Dental Laboratory,",False
DENTEC  (C&C)   DENTAL LABORATORY.,False
DENTECH CORPORATION,False
Dentech Laboratories Ltd,False
Dentechnica Ltd.,False
Dentek Oral Care Limited,False
Dentika Solutions,False
Dentil ltd T/A Nextdental.com,False
"DENTIS CO., LTD.",True
Dentissimo Dental Laboratory,False
Dentistry For All,False
Dentistry on the Square,False
"Dentium Co., Ltd",True
Dentmate Technology Co Ltd,True
Dentogenics,False
dentognostisc GmbH,False
DENTON INSTRUMENTS,False
dentona AG,True
"DENTONICS, INC.",False
Dentoworld Ltd,False
DENTS/Dental Excellence (Technologies) Ltd.,False
Dentsply De Trey GmbH (Germany),False
Dentsply IH AB (Sweden),False
Dentsply Implants Manufacturing GmbH (Germany),False
Dentsply Implants NV (Belgium),False
Labco Limited,False
Dentaurum GmbH & Co. KG,True
"DENTCA, Inc.",False
Labcold Ltd,False
LABEX TRADE LTD,False
Orthobroker bv,False
Pfizer Manufacturing Belgium NV,True
Dentsply Tulsa Dental Specialties,False
Denturamics,False
Denture Design,False
Denture Design,False
Denture Haus LTD,False
Denture on the move,False
Denture~Lux,False
Denturecare Uk Ltd,False
Dentures 4 U Limited,False
Dentures Direct,False
Dentures Direct Ltd,False
DentureTech Laboratory Limited,False
Denturist Studio Ltd,False
Deontics Ltd,False
Department of Maxillofacial Surgery & Orthodontics,False
Deppeler SA,True
Depuy (Ireland),False
DePuy International Ltd,False
Depuy Ireland UC,True
"Depuy Mitek, Inc.",False
"Depuy Orthopaedics, Inc.",False
Depuy Spine Inc.,False
Derma Sciences Canada Inc,False
"Derma Sciences, Inc.",False
Derma UK Ltd,False
Dermaco Ltd,True
Dermadry Laboratories,True
Dermal Laboratories Ltd,False
"Dentsply LLC, trading as: Dentsply Professional, Dentsply Rinn, Dentsply Sirona, Sultan Healthcare",False
Dentsply Sirona Orthodontics Inc. (Florida),False
Dermatuff Ltd,False
"DERMICA LABORATOIRES EUROPE, S.L.",True
"DermLite, LLC",False
Dermosciences France,True
"DeRoyal Industries, Inc",True
Derungs Licht AG,True
DESARROLLO E INVESTIGACIÓN MÉDICA ARAGONESA S.L. (DIMA S.L.),False
Design & Smile Ltd,False
Design Abled Ltd,False
Design Ceramics Limited,False
Design Eyewear Group LIMITED,True
Design prosthetics Ltd,False
Design Veronique,False
Designability Charity Ltd,False
"Designs for Vision, Inc.",True
DETAX GmbH,True
DEVICES & TECHNOLOGIES TORINO S.r.l.,False
Devicor Medical Products Inc,False
DeVilbiss Healthcare LLC.,True
Devintec Sagl,True
Devirex AG,False
Devon Dental Laboratories Ltd,False
Devon Disability Collective Ltd,False
Devonshire House Dental Laboratory,False
Mologic Ltd,False
DermaSensor Inc.,True
Dermatonics Ltd,True
Moltoplast GmbH,False
Molzym GmbH and Co. KG,False
Orthocell Limited,True
Deymed Diagnostic s.r.o.,True
"Dezhou Purism Medical Technology Co., Ltd",True
"DFI Co.,Ltd.",True
DFS-DIAMON GmbH,True
"DGH Technology, Inc.",True
DGNCT LLC,False
DGS Diagnostics A/S,True
DHC Innovations Ltd,False
"DHEF, INC.",False
Dia.Metra S.r.l,False
DIA.PRO Diagnostic Bioprobes S.r.l.,True
Diaco Biofarmaceutici S.R.L.,False
DIACO BIOFARMACEUTICI SRL,True
Diacor Inc,False
DiaDent Group International,True
Diagam SA,False
Diagante,False
DIAGAST,True
Diagenode S.A.,False
DiagnOptics Technologies B.V.,True
"Diagnostic Automation / Cortez Diagnostics, Inc.",False
Diagnostic Green GmbH,True
Devyser AB,True
"DexCom, Inc.",False
Orthocraft Ltd,False
Orthodental Ltd.,False
Diagnostic Reagents Ltd,False
Diagnostica Stago,True
"Diagnostics Biochem Canada, Inc.",False
Diagnostics for the Real World Ltd,False
Diagnosys LLC,True
Diagnotix B.V.,True
"DIAGONAL MEDICAL ESTHETIC, S.L.",False
DIALAB GmbH,False
DiaMed GmbH,True
Diamedica (UK) Ltd,False
DiaMex GmbH,False
Diamond Ceramics Ltd,False
Diamond Dentures Ltd,False
Diana Medical Factory Co. Ltd,False
diane washington,False
Dianosic,False
Diapath SpA,False
Diapharm Ltd,False
Diapro Tıbbi Ürünler Sanayi ve Ticaret A.Ş.,False
Diasoft B.V.,True
DiaSorin  Italia S.p.A.,False
DiaSorin  Italia S.p.A. UK Branch,False
DiaSorin  Molecular LLC,False
DIAsource ImmunoAssays SA,False
Orthodontic Excellence Limited,False
"Diagnostic Hybrids, Inc.",False
Diagnostic Imaging Ltd,False
Orthodontic Health Limited,False
OrthoDx Holding Ltd,False
Orthofix Ltd.,False
Orthofix S.r.l.,False
ORTHOMERICA PRODUCTS INC,True
Orthomobility Ltd,False
DICOM Grid Inc. d/b/a Ambra Health,False
DIDACTIC S.A.S.,False
Diesse Diagnostica Senese Spa,False
Dietary Assessment Ltd,False
Dieter Marquardt Medizintechnik GmbH,True
DIETZ GmbH,False
Diffuplast S.r.l.,False
Digiray Corp.,False
Digital Anatomics S.L.,False
Digital Dental Laboratory Ltd,False
DIGITAL DENTOLOGY LABORATORY LIMITED,False
Digital Lithos,False
DIGITAL PROSTHETICS LTD,False
Digital Rehabilitation Ltd,False
Digital Smile Centre Ltd,False
Digiterm Kft.,False
Digitimer Ltd,False
Diatech Pharmacogenetics S.r.l,False
Diatron MI Plc.,False
"Diazyme Laboratories, Inc.",False
Dibble Optical Supplies Ltd,False
DIERS International GmbH,True
Digistain Ltd,False
OrthoNu LLC,False
"Orthopediatrics Canada ULC, d.b.a. Pega Medical Inc.",False
OrthoPediatrics Corp.,True
Orthosanit Diffusion S.r.l.,False
Orthoserve Limited,False
Orthoservice AG,True
Direct Endodontics,False
Direct Healthcare Group Limited,False
DIRECT MANUFACTURING LTD,False
Direct Trade Limited,False
Directa AB,True
Dirinco B.V.,True
DIROS TECHNOLOGY INC,False
DISA Medinotec (Pty) Ltd,False
Discovery Dental Laboratory,False
Disera Tıbbi Malzeme Lojistik Sanayi ve Ticaret A.S,False
Disior Oy,False
"DISOP, S.A",False
Dispo Medical B.V.,True
Dispofarma İlaç Sanayi ve Ticaret Ltd. Şti.,False
Dispomedical UK LTD,False
Dimar S.P.A,False
Dimensions Dental Laboratory LTD,False
"Diopsys, Inc.",False
Diopter Eye Clinic Ltd,False
DIPRO MEDICAL DEVICES S.r.l.,False
Direct Denture Care Centre UK Ltd,False
Orthotech (Dental Appliances) Ltd,False
Orthotechs Limited,False
Orthotin LLC,True
Ortivus MobiMed AB,True
Ortus Solutions Limited,False
Orvance LLC,False
Orviol Ltd,False
Orwood Mobility Manufacturing,False
"OSANG Healthcare Co., Ltd.",True
OSARTIS GmbH,True
"OSATU, S.coop. (Bexen cardio)",False
OSCAR BOSCAROL SRL,False
Oscilla A/S,False
Oscor Inc.,False
Smyle Dental Laboratory,False
Dispotech SRL,True
Distinctly Dental,False
Distrilens,True
DMD,False
DMD COMPUTERS SRL,False
DMD Dental Ltd t/a Lab 94,False
DMF Labs Limited,False
DMG Chemisch Pharmazeutische Fabrik GmbH,False
DMG Digital Enterprises SE,False
DMP Dental Industry S.A.,False
DMS,False
"DMS CO., LTD.",True
DMS-service LLC,False
Duckworth & Kent Ltd,False
"OSI Optoelectronics, Inc.",False
OSKA Care Limited,False
OSM Dental Laboratory,False
OSMANOV SERVICES LTD,False
Osmond Drake Optical Limited,False
Ossenberg GmbH,True
Osseointegration International B.V,False
Dominion Biologicals Limited,True
Don & Low Ltd,False
DONARD  DENTAL  LABORATORY.,False
Doncaster & Bassetlaw NHS Foundation Trust,False
Doncaster Denture Repairs,False
Dongbang Co. Ltd,False
"DongBang Medical Co., Ltd.",True
"Dongguan Belcare Medical Technology Co., Ltd.",True
"Dongguan HEMS Electronic Technology Co., Ltd.",False
Dongguan Jiuhui Industrial Limited,False
"Dongguan Kaiser Technology Co, Ltd.,",False
"Dongguan Kaiser Technology Co.,Ltd",False
Rayner Pharmaceuticals Limited,False
DNA Genotek Inc.,True
DNA Workplace Limited,False
DNH Lab,False
Doccla,False
DOCME TECHNOLOGIES LTD,False
Docobo Ltd,False
Dodrotu Limited,False
DOLA ORTHOTICS UK LTD,False
Dolphin Computer Access Ltd,False
"Domico Med-device, LLC",False
Osseointegration International Pty Ltd,True
Osseointegration International Pty Ltd,True
OSSIS Corporation,True
Dongguan RUIMI Gifts Co.,False
"Dongguan Senmed Medical Instrument Co., Ltd.",True
"Dongguan Senmed Medical Instrument Co., Ltd.",True
"Dongguan SIMZO Electronic Technology Co., Ltd.",True
"Dongguan Tondaus Meditech Co.,Ltd",False
"Dongguan Yitong Textile Co., Ltd",False
DongGuanShiQianXiangDianZiKeJiYouXianGongSi,False
"DONGTAI CITY HUAYI GLOVES CO., LTD.",False
Donovan denture repairs laboratory,False
DORMOLE LIMITED,False
"Dornier MedTech America, Inc.",True
Dorset County Hospital NHS Foundation Trust,False
Dorset Denture Clinic,False
Dorset Orthopaedic Company Ltd,False
DOS Medical B.V.,True
DoseMe Pty. Ltd,False
Dosisoft SA,False
Dosium Holdings Limited,False
East Essex Dental Laboratory Ltd,False
"Dongguan Quanding Medical Supplies Co., Ltd.",False
Dongguan QueenMed Equipment Mfg Co Ltd,True
Dornier MedTech GmbH,True
Osstell AB,False
"Osstem Implant Co., Ltd",True
Ossur hf.,False
Ossur UK Ltd,False
"Osteogenics Biomedical, Inc.",True
Osteolabs UK Ltd,False
Osteomed LLC,True
"Osteonic Co., Ltd",False
Osteopore International Pte Ltd,True
Osteoporosis Research Limited,False
OsteoSys,False
Osteotec Ltd,False
"Draeger Medical Systems, Inc",False
Draeger Medical UK Ltd,False
Draeger Safety AG & Co,False
Drage & Tozer Opticians,False
Ostique Limited,False
Dove Eyecare,False
Dover Dentures Ltd,False
Dr Albani Limited,False
Dr ATF Smith,False
Dr Francis Scriven Limited,False
Dr Georg Friedrich Henning Chemische Fabrik Walldorf GmbH,False
Dr Hoenle,False
Dr James R McCoy,False
Dr Korman Laboratories Ltd,False
Dr Loukas Implant and Ceramics Dental Laboratory,False
Dr. Schumacher GmbH,False
DOUGLAS CAMPBELL RDT,False
"Draeger Medical Systems, Inc",False
pfm medical cpp SA,False
DREAM Dental Lab Ltd,False
"DreamCon Co., Ltd.",True
Dreamskin Health Ltd,False
Drendel + Zweiling DIAMANT GmbH,True
Dreve Dentamid GmbH,False
Dreve Otoplastik GmbH,True
Drew Brady & Co. Ltd,False
DRG Instruments GmbH,True
DRG Laboratory,False
DRGEM Corporation,True
Drive DeVilbiss Healthcare France,True
Drive DeVilbiss Healthcare Ltd.,True
Drive Medical GmbH & Co. KG,True
"Drucker Diagnostics, LLC",False
Drummond Scientific Company,False
Drylock Technologies s.r.o.,True
DS Dental supply GmbH,True
DS Studios Ltd,False
DSD Dental Laboratory Ltd,False
"DSD Planning Center, SL",False
"DSM Biomedical, Inc. d.b.a. DSM Biomedical",False
"DT MedTech, LLC",True
DTD (SCOTLAND) LTD,False
DTR Medical Ltd,True
DTS TRADING INC LIMITED,False
Dragerwerk AG&Co. KGaA,False
Dragonmobility Ltd,False
pfm medical gmbh,True
Dufner Instrumente GmbH,True
Dunbar orthodontic laboratory,False
DUNDEE DENTAL LABORATORY.,False
Dunedin Dental Laboratory,False
Dupaco Inc.,False
Dupal Medical Ltd,False
DuPhaMed BV,False
Duradent Ltd,False
DURAMED LTD,False
DURR DENTAL SE,False
Durrani & Co.,True
Durtech Systems Corp.,False
Durviz S.L.,False
Duzey Medikal Cihazlar Sanayi Ticaret Limited Sirketi,False
DVW Dental,False
DW Lingual Systems GmbH,False
DWA GmbH & Co. KG,False
DWK Life Sciences Limited,False
DWS Srl,False
Dwyfor Dental Laboratory,False
DX Products Ltd,False
Dx365 GmBH,True
Dxcover Limited,True
DXS International plc,False
DY11 limited,False
Dyaco International Inc.,True
Dye and Golze Dental Laboratory Limited,False
Duerr Dental Faro Sterilization srl,False
Duffield Dental Practice Limited,False
Ostoform Limited,True
Oswestry Dental Laboratory Ltd,False
Osypka AG,False
Dynamic Diagnostics Ltd,False
Dynamic Health Systems Services Ltd,False
Dynamic Metrics Limited,False
"Dynamiker Biotechnology (Tianjin) Co., Ltd.",False
Dynasthetics,False
Dynasty Denture Solutions,False
Dynex Technologies,True
"Dynex Technologies, spol. s.r.o.",False
E & G Ortho Ltd,False
E & O Laboratories Ltd,False
E-Line Orthodontics,False
"E-Z-EM INCORPORATED, a.d.b.a BRACCO DIAGNOSTICS INCORPORATED",False
E. Hahnenkratt GmbH,True
E.JANACH S.R.L,False
E.M.S. Electro Medical Systems S.A.,False
E&E MEDICAL SUPPLIES LTD.,False
E&K BATH LTD,False
Eagle labs LLC,False
Eakin Surgical Ltd,False
Ear Buddies Ltd,False
eargym Ltd,False
EarWays Medical Ltd.,True
East & North Herts NHS Trust,False
East & North Herts NHS Trust,False
Dynamic Code AB,True
DYNAMIC DENTAL LABORATORY LIMITED,False
"e-life International Co., Ltd.",True
Osypka Medical GmbH,True
East Midlands Pharma Ltd (EMP Ltd),False
East Park Dental Practice Limited,False
East Quay Vision Ltd,False
Eastbourne Gentle Dental,False
"Eastern Business Forms, LLC",False
EASTERN DENTAL LABORATORY,False
Eastern Owl LTD,False
Eastgate Dental Laboratory,False
Eastwood Dental Services Limited,False
Easy Care Solutions UK Ltd,False
Easy Dental,False
Easy Living Retail Newcastle Ltd.,False
"Easymed Co., Ltd",False
Easymed Instruments SE Asia Sdn. Bhd,False
EB eyecare ta The Eyesmith,False
Eberle GmbH & Co. KG,True
EBERS MEDICAL TECHNOLOGY SL,False
EC Certification Service GmbH,True
ECA Medical Instruments,True
"ECAREYOU INNOVATION S.L.,",False
Echo Dental Solutions,False
Echo Orthopaedics Limited,False
Echo-Son S.A,False
Echolight S.P.A,False
"EchoNous, Inc.",False
Echor Ltd.,False
EDR Digital Ltd,False
"East Lancashire Hospitals NHS Trust, Hospital Sterilisation And Disinfection Unit (HSDU)",False
East Midlands Orthodontic Laboratory Limited,False
Ote Pharma Sol BV,False
Oticon A/S,True
Eclipse Dental Laboratory Ltd,False
"Eclipse Medical Co., Ltd.",False
Eco Medi Glove SDN. BHD.,False
"ECO Medical Technology (Nanjing) Co., Ltd.",True
Eco PL Ltd,False
Ecobee Sdn. Bhd.,True
Ecolab Deutschland GmbH,True
Ecolab Ltd,False
Economic Holland,False
eConsult Health Ltd,False
eContinence AB,True
"ECOWORKS KOREA THYSOL HITECH CO., LTD",False
ECR Healthcare Ltd T/A Northwest Orthodontics,False
Ectosense nv,True
ED Dental Laboratory,False
"Edan Instruments, Inc.",False
EDAP TMS France,True
edelweiss dentistry products GmbH,True
Edelweiss DR AG,False
Edenta Establissement,False
Edge Hill Ceramics,False
Edgware Dental Laboratories Ltd,False
Edinburgh Dental Specialists Implant Lab,False
Edison Digital Dental Laboratory,False
Eckert & Ziegler BEBIG GmbH,False
Ecleris Global Llc.,False
Oticon Limited,False
Oticon Medical (Neurelec),False
eemagine Medical Imaging Solutions GmbH,False
EETH LTD t/a EETH DENTAL,False
EEZZEE LTD,False
EFA - Engineering for All Ltd,False
EFF DENTAL COMPONENTES LTDA,False
Effectum Medical AG,False
Egan Dental Laboratory,False
EGE dent,False
EGO EYEWEAR,False
Ego Pharmaceuticals (UK) Ltd,False
Egton Medical Information Systems Ltd,False
Egypt for Medical Clothes - MEDIC,False
EGZOTech Sp.zo.o.,False
"EIKEN CHEMICAL Co., Ltd",True
Eilertsen Dental Care Ltd,False
Einco Biomaterial LTD.,False
Einstoffen GmBH,False
Eisenbacher Dentalwaren ED GmbH,True
EIT EMERGING IMPLANT TECHNOLOGIES GMBH,False
Eitan Medical Ltd,False
EIZO Corporation,True
EIZO GmbH,True
Ekamed GmbH & Co.KG,False
eKare Inc.,True
Edwards Lifesciences LLC,True
Edwards Lifesciences Ltd,True
Oticon Medical AB,True
Otiom A/S,True
EKOM spol. s r.o.,True
EKOS Corporation,False
Ekuberg Pharma s.u.r.l.,False
EL.EN. S.P.A.,False
Elaitra,False
ELAROS 24/7 LIMITED,False
ELASTOMADE ACCESSORIES SDN. BHD.,False
ELASTOMADE ACCESSORIES SDN. BHD.,False
ELBUR SP. Z O.O. SP.K.,False
Elcam Medical ACAL,True
ELCON Medical Instruments GmbH,True
ELDO s.r.l.,True
Electric Mobility Euro Ltd,False
Electro Bismed Instruments,False
ELECTRO RANGE MANUFACTURING COMPANY,False
Electro Spyres Medical (Pty) Ltd,False
"ElectroCore, Inc.",True
"Electromedical Products International, Inc.",False
"Electronic Silk Road (Shenzhen) Tech Co., Ltd",False
Electrosurgery Supplies Limited,False
Elegant Dent Ltd,False
Elekta Ltd,True
Elekta Solutions AB,True
EKF-diagnostic GmbH,True
Eko.ai Pte. Ltd,False
OTN Implants B.V.,True
OTN Innovations B.V.,False
Oto Health Ltd,False
OTODYNAMICS Ltd,True
ELESTA S.p.A.,False
Elevate Dental Designs Limited,False
"Elidah, Inc.",False
Eline S.r.l.,False
ELIS UK LTD,False
Elite Chrome Dental Laboratory,False
Elite Dental Ceramics,False
Elite Dental Restorations Ltd,False
Elite Dental Studios,False
ELITE ORTHODONTICS (TELFORD) LIMITED,False
ELITech Group Inc.,False
ELITechGroup S.p.A,False
Elixir Medical Corporation,False
"ELLA-CS, s.r.o.",False
Ellerker Eyewear Limited,False
Ellex Medical Pty Ltd,False
Elliott & Heath Ltd,False
"Elliquence, LLC.",True
Ellivron Optical Limited,False
Elm Drive Denture Care,False
ELMAC ELETTRONICA SRL,False
Elmed Elektronik ve Medikal Sanayi ve Ticaret A.S.,False
EMRTS Cymru,False
Element Digital Solutions,False
Elemental Healthcare Ltd,False
Elm Tree Denture Clinic LTD,False
Otosan SRL,True
Otsuka America Pharmaceutical Inc.,False
em-tec GmbH,True
Embers the Dragon Ltd,False
Emblation Ltd,False
Embo Fluessigkeiten A.G.,False
Embody Orthopaedic Limited,False
"Embolx, Inc.",True
Emboss Medical Limited,False
Embracing Nature Ltd,False
Embreis AB,True
EMBRİO MEDİKAL SAN. TİC. LTD. ŞTİ.,False
EmCyte Corporation,False
EMD Technologies Incorporated,True
EMED SP. Z O. O. SP. K.,True
EMED Technologies,False
Emerald Dental Laboratory Ltd,False
Emergency Evacuation Equipment & Training (3ET) Limited,False
Emergent Protective Products USA Inc.,False
EmergoPharm Spółka z ograniczona odpowiedzialnością Sp. K.,False
"EMI Factory CO., LTD.",False
Emma Stone Optical Ltd,False
Emmat Medical Ltd,False
EMOS Technology GmbH,False
Empatica S.r.L.,True
EMPORIUM EYEWEAR LIMITED,False
Empress Dental Laboratory,False
Elvin Incisal Dental Laboratory,False
EM-MED Sp. z o.o. sp. k.,False
Otsuka Pharmaceutical Europe Ltd.,False
Otto Bock Healthcare LP,True
Otto Bock Healthcare PLC,False
Otto Bock Healthcare Products GmbH,True
Otto Bock Mobility Solutions GmbH,True
Otto Leibinger GmbH,True
Otto Ruettgers GmbH & Co. KG,False
Ottobock SE & Co. KGaA,True
OTU Medical Inc.,True
OÜ Antegenes,False
Oui Labs Inc,True
Oura Health Oy,True
Outside In (Cambridge) Ltd,False
Endotronix Inc.,True
Endovision,False
ENDRA Life Sciences Inc,False
Endodoctor GmbH,False
Endologix LLC,True
Endologix LLC,True
Endomagnetics Ltd,True
Endoperfection Ltd,False
endoscope-i Ltd,False
Endospan Ltd,True
Endostart S.r.l.,True
Endostream Medical Ltd.,False
ENDOSYS HEALTHCARE INDIA PVT. LTD.,True
EMS Physio Ltd,False
Enable Access,False
Endotron B.V.,False
OutsideClinic,False
Precision for Medicine,True
Energy For Health Ltd,False
Enfield VE Ltd,False
Eng3 Corporation,True
Engreco Healthcare,False
enicor GmbH,True
"ENJOYCARE TECHNOLOGY (ZHEJIANG) CO., LTD",False
Enlighten Smiles Limited,False
"Enlitic, Inc",True
Enniscrone Dental Laboratory Ltd,False
Ennogen Healthcare International Limited,False
Ennogen Healthcare Ltd,True
ENRAF-NONIUS B.V.,True
ENRAF-NONIUS B.V.,True
Ensmile PvT Ltd,False
"Entegrion, Inc.",True
"Entellus Medical, Inc",False
Enteral Access Technologies Ltd,False
Entermed,False
Enterra Medical,False
"Enthermics Medical Systems, Inc.",False
Entia Ltd,False
Entod Pharmaceuticals Ltd,False
ENTOD RESEARCH CELL UK LTD,True
Episurf Operations AB,False
Energist Limited,False
Energizer Trading Limited,False
Ovation Medical,False
Ovelle Ltd,True
EnvisionTEC GmbH,False
Enztec Limited,True
Enzymatica AB,False
EOCA MD Pty Limited,True
"EOFlow Co.,Ltd.",False
Eolas Medical,False
Eon Dental Jordan (Free Zones),False
EON Meditech Private Limited,False
EOS imaging,True
EOVE S.A,False
EP Solutions SA,True
EPED INC.,False
EPflex Feinwerktechnik GmbH,True
Epic Systems Corporation,False
"EPIEN Medical, Inc.",False
EpiGuard AS,True
"Epimed International, Inc.",True
Epipole Limited,False
EPISCAN S.R.L.,True
Episurf Operations AB,False
Episurf Operations AB,False
Essex Dental Laboratory,False
Vernacare,False
"ENVELOPE HEALTH BIOTECHNOLOGY CO., LTD.",True
Envision Scientific Pvt. Ltd.,True
"Overjet, Inc.",False
Oviva AG,False
EPOS srl.,False
Eppendorf SE,True
Eppendorf UK Ltd,False
Equashield Medical Ltd,True
"Equinox Biotech Co., Ltd.",True
Era Endoscopy Srl,False
ERASER MEDİKAL TIBBİ CİHAZLAR SAĞLIK ÜRÜNLERİ PAZARLAMA SANAYİ VE TİCARET LİMİTED ŞİRKETİ,False
Erba Lachema s.r.o.,True
Erbe Elektromedizin GmbH,True
Erbe Vision GmbH,False
eResearchTechnology GmbH,True
Ergo-Tec GmbH,False
"ERGOACTIVES, LLC",True
ergoline GmbH,True
Ergon Medical LTD,False
ERGON SUTRAMED SRL,True
Ergosana GmbH,True
Ergotrics NV,False
ERIMED INTERNATIONAL AB,True
Erkodent Erich Kopp GmbH,True
Ermis MedTech GmbH,False
Esaote S.p.A.,True
Exeter Eyewear Ltd,False
EPK Dentech,False
Epocal Inc.,True
OWANDY Radiology,False
Owen Mumford Limited,True
eSight Corporation,False
Esoform S.r.l. Laboratorio Chimico,False
Eson Comfort,False
Espansione Marketing S.p.A.,False
Especialidades Medicas Myr S.L.,False
ESSEBI MEDICAL SRL TOTIM,False
Essential Healthcare SOLUTIONS (uk) Ltd,False
Essential Medical,False
Essential Pharmaceuticals Limited,False
Essential-Healthcare Ltd,False
Essity Hygiene and Health AB,True
Estar Technologies Ltd,True
Etac Supply Centre AB,False
"ETest (Nantong) Medical Electronic Technology CO., Ltd",False
Etex Corporation,False
ETHICON ENDO-SURGERY LLC,False
ETHICON INC,False
ETHICON LLC,False
ETHICON LLC,False
ETHICON SARL,False
"ETHICON, INC.",True
EVER Neuro Pharma GmbH,False
Eschmann Technologies Ltd,False
ESCO Medical Technologies,False
Owkin France,True
"Owlet Baby Care, Inc.",True
Estetica Dental Lab Ltd,False
Esteve Pharmaceuticals Ltd,True
Esthetic Dental Lab,False
Estodent Dental Laboratory,False
Estor S.p.A.,False
Etabl LIEVENS-LANCKMAN BV,False
Etablissements OURY-GUYE et Fils,True
Etac AS,False
"Ethox Medical, LLC",False
Etiometry Inc.,True
Etnia Barcelona,False
Eto Garments Aps,True
Etol Eberhard Tripp GmbH,True
Etymotic Design Inc. (operating as Audioscan),False
EUCARE PHARMACEUTICALS PVT. LTD,False
eucatech AG,True
Euclid Vision Corporation,False
Eufoton S.r.l.,False
"Huayuan Medical Technology(Shangqiu) Co., Ltd.",False
"Hubei Junyan Medical Science & Technology Co., Ltd.",False
"Hubei Kangning Protective Products Co., Ltd",True
"Hubei MEIBAO Biotechnology Co., Ltd",False
Essilor Ltd,True
ESTAR MEDICAL UK LIMITED,False
Owlstone Medical Ltd,False
EUMEDICA SRL,True
Eunicare Instruments,False
EUNICARE Limited,False
Eunsung Global Corp.,True
Eureka Inventions Ltd,False
Eureka Physiocare Ltd,False
EUREKA S.R.L. LAB DIVISION,False
Euro Energy Resources Limited,False
Euro Vital Pharma GmbH,True
EUROBIO SCIENTIFIC,True
Eurobio Scientific GmbH,True
Eurobio Scientific UK Ltd,False
Eurocare Impex Services Ltd,False
Euroclone S.p.A.,False
Eurocor Tech GmbH,True
Eurofarm SPA,False
Eurogine SL,False
Eurogreen International Inc.,True
EUROIMMUN Medizinische Labordiagnostika AG,True
EUROLEATHERS 2000 Ltd,False
EUROLyser Diagnostica GmbH,False
EUROMI SA,False
EURONDA S.P.A.,True
European Dental Laboratory,False
Ever Pharma UK Ltd,False
Vernacare Limited,False
Euin Steele & Partners Optical Limited,False
Eumar Technology Ltd,False
Oxehealth,True
Oxford Brain Diagnostics Ltd,False
Europlaz Technologies Ltd,True
EUROPROSAN S.P.A.,False
Europtical LTD,False
EURORAD,False
Euroresearch,False
EUROS SAS,False
Eurosets S.r.l.,True
Eurosilicone SAS,True
EUROSIREL S.p.A.,False
EUROSPINE SARL,False
Eurospital S.p.A.,False
Eurotape B.V.,False
EuroTec B.V.,True
Euroteknika,True
Eurotrol B.V.,True
eV3,False
Evac + Chair International Ltd,False
Evans Instrument Ltd,False
EVANS RICHARDSON LIMITED,False
Evasc Medical Systems Corp.,False
EVE Ernst Vetter GmbH,False
Even Realities Ltd.,False
Eventum Orthopaedics Ltd,False
Oxford Care LTD,False
European Pharma Group B.V.,False
Europharma Concepts Ltd,True
Oxford Heartbeat Ltd,False
Oxford Immune Algorithmics Limited,False
Evira A.B.,False
Evodental Implant Centre,False
Evolan Pharma AB,True
Evolution Dental Studio,False
Evolutis SAS,False
Evolve Denture Studio,False
evonos GmbH & Co. KG,True
Evoque Dental Lab Ltd,False
Exabone GmbH,True
Exact Diagnostics LLC,True
Exact Imaging Inc.,True
Exactech Inc.,False
ExamenLab Ltd,True
ExamVision ApS,False
"EXBIO Praha, a.s.",True
Excel Dental Ceramics,False
Excel Dental Laboratory,False
Excel Mobility Manufacturing Corporation Ltd.,False
"EXCELDENT Dental Technology Development Co., Ltd.",False
Excellence dental,False
Excelsior Medical LLC,False
Exco InTouch Limited (Now Part of Clario),False
Exelint International Co.,False
Exergen Corporation,False
Evident Corporation,False
Evident Dental Co. Limited,False
Oxford Immunotec Ltd,False
Oxford University Hospitals NHS Foundation Trust,False
Exoatlet Global,False
exocad GmbH,True
EXONEURAL NETWORK AB,True
ExpHand Prosthetics Ltd,False
Expressions Dental Studio,False
eXroid Technology Ltd,False
eXRt Intelligent Healthcare,False
ExSeed Health ApS,True
Exstent Limited,False
Exsurgo Limited,False
ExtroStyle srl,False
exyo design ltd,False
Eye 2 Eye Vision Ltd,False
Eye Care Centre (Spalding) Limited,False
Eye Clinic Opticians,False
Eye Connexion,False
Eye Folk Opticians,False
Eye See You Ltd,False
Eye Technology Ltd,False
Eye to the Future Ltd,False
Eye vision ltd,False
EyeCare Merry Hill,False
Eyecare Mobile Opticians Ltd,False
EyeFree Assisting Communication Ltd,False
Eyeland Ltd,False
EyeNext S.r.i,False
"Eyenuk, Inc.",True
Eyeol UK Ltd,True
EXINI Diagnostics AB,True
Exmoor Plastics Ltd.,False
Oxford University Hospitals NHS Foundation Trust,False
Oxford University Hospitals NHS Trust,False
Eyes Right Opticians,False
Eyescope Ltd,False
EyeSense Eyecare Ltd,False
Eyesight Electronics ltd,False
Eyesite Opticians,False
Eyesite Practices Limited,False
Eyespace Eyewear Ltd,True
Eyetech (Street) Limited,False
Eyetech CLM Ltd,False
"EyeTech Digital Systems, Inc.",False
EyeV Ltd,False
EYEVAN Inc.,False
Eyewear by ROI,False
Eyewear Creations Ltd,False
Eyeworks Redhill Ltd,False
EyeYon Medical Ltd,False
EYO MATRIX SYSTEMS LTD,False
Eyoto Group Ltd,False
"EZ-Care Solution Solution Co., LTD",False
EziDrops Ltd,True
"Ezisurg Medical Co., Ltd",False
EziVein Ltd.,False
EzyAs,False
EzyGain S.A.S,False
F Care Systems NV,False
F R Galantai Manufacturing Company Limited,True
F.E. CARDOZO LIMITED,False
Oxford VR,False
Eyerising International Pty Ltd,True
Eyes London Barking ltd T/A Aves opticians,False
Oxitone Medical Ltd,False
Oxoid Deutschland GmbH,True
Oxoid Limited,False
Oxylitre Holdings Limited,False
Oxynov Inc.,True
"Facet Technologies, LLC",True
Facial Form,False
Factor 50 Ltd,False
Fagron UK Ltd,False
FaHRAS Ltd,False
Fairfax Medical Products Ltd,False
Fairtility Ltd,True
Falcon Medical Italia S.r.l,False
Falcon Medical Polska Sp Z.o.o,False
Falcon Surgical Co. (Pvt) Ltd.,False
Falkirk Courtyard Dental,False
Falkirk VE Ltd,False
Fame Devices Corporation (Pvt.) Ltd,False
Family Dental Care,False
Fannin (UK) Ltd,False
Fannin (UK) Ltd (Espiner),False
Fannin Ltd,False
"Fapomed - Dispositivos Medicos, S.A.,",False
"Farapulse, Inc.",False
Finesse Dental Laboratory Ltd,False
F.M. S.p.A.,False
fabio giuliani,False
FÁBRICA DE ARTEFATOS METALÚRGICOS ITA LTDA.,False
"Fabrication Enterprises, Inc.",False
Fairmont Medical Products Pty Ltd,True
Farmaban S.A.,True
Farmaka srl,True
FARMASOL TIBBİ ÜRÜNLER SAN. VE TİC. A.Ş.,True
Farmigea S.p.A.,False
FARO S.p.A.,False
Fasaj Group Limited,False
Fasciotens GmbH,True
"Faspro Systems Co., Ltd.",False
Fast MDx Ltd,False
Fast Track Diagnostics Luxembourg SARL,False
FASTMEDITALIA S.R.L,False
Fatcube AI Limited,False
FaTech Diagnostics Europa B.V.,False
Faversham Optical Ltd,False
"Faxitron Bioptics, LLC (A Hologic Company)",False
Fazzini s.r.l,False
FB Dermatology,False
FE-Group S.r.l,False
FE-GROUP S.R.L.,False
"Feather Safety Razor Co,. Ltd.",False
Feather Safety Razor Co. Ltd,False
febromed GmbH & Co.KG,False
Feebris Ltd,True
Feedback Medical Limited,False
Mom Incubators Ltd,True
Farla Medical Healthcare Ltd,False
Farma Derma s.r.l,False
OxyPrem AG,True
"Oxytek Medical Technology Co., Ltd.",False
FEG Textiltechnik Forschungs- und Entwicklungsgesellschaft mbH,True
FEHLING INSTRUMENTS GmbH & Co. KG,True
FELIXDENTLTD,False
Femasys Inc.,True
Femcare Ltd,False
femtos GmbH,True
Fen House Dental Practice,False
"Fengh Medical Co., Ltd.",True
"Fengh Medical Co., Ltd.",True
Fenland dental laboratory ltd,False
Fennica Dental Laboratory LTD,False
FENTEX medical GmbH,True
FEops NV,True
Ferguson Family Eye Care Limited,False
Ferndale Pharmaceuticals Ltd,False
Ferno (UK) Limited,False
Ferno Canada,True
Ferno Italia S.R.L,False
Ferno Slovakia s.r.o,False
Ferno Washington Inc,False
"Ferrer Internacional, S.A.",True
Ferrers Dental Technology Ltd.,False
Finesse Tech Laboratory Limited,False
"FEEL TECH Co., Ltd.",False
FeelTect Ltd,True
FertiPro nv,False
Fesia Technology S.L.,False
FGX Europe Ltd,False
"FHC, Inc",False
Fiab SpA,False
Fiagon GmbH,True
Fiberoptics Technology Inc,True
FIBRALIGN CORP.,True
Fibronostics US Inc.,False
Fident Implant Laboratory Ltd,False
Fidia Farmaceutici S.p.A.,True
Filippini & Gray,False
Fillauer Europe AB,True
FIM Medical,False
FIMA Global Brands Ltd,True
FIMI S.r.l.,False
FIN-CERAMICA FAENZA S.p.A.,False
Final Dental Lab Ltd,False
Finapres Medical Systems BV,False
FINDEX Inc,False
Fine Art Ceramics Ltd,False
fine art dental studio ltd,False
"Finemedix Co., Ltd.",True
"Finess Healthcare Group Co.,Ltd",True
New Smile Lab ltd,False
Ferris Mfg. Corp.,True
FERROSAN MEDICAL DEVICES A/S,True
Oy Finnsusp Ab,True
FIRALIS SA,True
Firefly Global,False
Firefly Orthoses (N.I.) Limited,False
Firgrove  Dental Laboratory,False
"First Care Products, Ltd.",False
First Contact Opticians Ltd,False
First Databank UK Ltd,False
First Impressions,False
First Impressions Denture Centre Limited,False
First Scientific Dental GmbH,True
First Scientific Dental GmbH,True
First Scientific Dental Materials GmbH,False
FIRSTAR  HEALTHCARE COMPANY LIMITED (GUANGZHOU),False
Fisher & Paykel Healthcare Ltd,True
Fisher Diagnostics Inc.,False
Fitbit LLC,False
Fitech UK Ltd,False
Fittydent International,False
Fittydent International GmBH,False
Five Lives SAS,False
Fixnip Ltd.,True
Fixus BV,True
Fizimed SAS,False
FKG Dentaire SA,False
Freedom Cheadle Hulme Limited,False
Finn Dental Specialists,False
FIOR & GENTZ Gesellschaft für Entwicklung und Vertrieb von orthopädietechnischen Systemen GmbH,False
Oy Reagena Ltd,False
Oysta (Clena Ltd),False
Fleetwood Dental Laboratory,False
Fleischhacker UK LLP,False
Fleming Ind Inc dba Iron Duck,False
Fleming Medical,True
Flen Health NV,False
Fleur Laboratory Ltd,False
Flexicare Medical Ltd,True
Flexident Limited,False
FlexMedics Inc.,True
Flo Back Ltd,False
Floe Oral Care Limited,False
Flok Health Ltd,True
Flora Orthodontics,False
Florio GmbH,True
Florri--Feme Pharmaceuticals Ltd.,False
Flow Neuroscience AB,True
flow-meter™ SpA,False
FLUOPTICS SAS,True
Fluoron GmbH,True
Focal Heathcare Inc,False
"Focalyx Technologies, LLC",False
Focus full arch ltd,False
Focus Surgery Inc.,False
"Fogg System Company, Inc.",False
Freedom One Life,False
Flamor Srl,False
"Flat Medical Co., Ltd",False
Oystershell NV,True
Ozdent Pty Ltd,True
Ørgreen Optics A/S,True
P & A Dental Lab,False
P & A Morgan Optical Ltd,False
Fontus Health Ltd,True
Foot Science International Limited,False
Foothealth UK Ltd,False
Footlabs Ltd,False
ForaCare Suisse AG,True
"Foremount Enterprise., Co. Ltd.",False
"Foreseeson Custom Displays, Inc.",False
Foreseeson UK Ltd,False
"Foresight Imaging, LLC.",False
"FORESIGHT TECHNOLOGY CO., LTD.",True
FormAL Group Ltd,False
Formatk Systems Ltd,True
Formby Dental Laboratory Ltd,False
Formlabs Ohio Inc.,True
formulae software,False
FORTUNE COMPANY LIMITED C/O UCHEE GROUP LIMITED,False
Fortune Medical Instrument Corp.,True
Forum Engineering Technologies (96) Ltd,True
Forus Health Pvt. Ltd.,True
Forward Science LLC,False
Freenome Ltd,False
Folkestone Denture Clinic,False
FOMED INDUSTRIES INC.,True
Forth Valley Acute Hospital Trust,False
P & J Hinkins Dental Laboratory,False
P & P Dental Laboratory Ltd,False
"Foshan Biosun Medical Technology Co., Ltd.",False
"Foshan Chuangxin Medical Apparatus Co., Ltd",False
"Foshan Cicada Dental Instrument Co., Ltd.",False
"Foshan Cradle Medical Equipment Technology Co.,Ltd",True
"Foshan HCT Medical Equipment, Ltd.",False
"Foshan Highway Medical Equipment Co., Ltd",False
"Foshan Huafukang Medical Technology Co., Ltd.",False
"FOSHAN KAIYANG MEDICAL EQUIPMENT CO., LTD.",True
"Foshan Mason Tech Co.,Ltd.",False
"Foshan Nanhai Anjian Medical Equipment Parts Co.,Ltd",False
"Foshan Nanhai ZIANN Medical Apparatus Co., Ltd.",True
"Foshan Roson Medical Intruments Co., Ltd",False
"Foshan Shunkangda Medical Tech Co.,Ltd",False
"Foshan SOCO Precision Instrument Co., Ltd.",False
"FOSHAN SUNCARE MEDICAL PRODUCTS CO., LTD",False
Foshan United Medical Technologies Ltd,True
Fresco International 2005,False
P & T Dental Laboratory,False
"Fosh Akos Medical Instrument Co., Ltd",False
"Foshan Achieve Medical Technology Co., Ltd",False
Richard Gidden Oral Design - London(Uk) Ltd,False
"P and G Engineering, Inc.",False
FotoFinder Systems GmbH,True
Fotona d.o.o.,False
Foundation Consumer Brands LLC,True
"Foundation Medicine, Inc.",False
Foundry Dental Laboratory,False
Fountain Digital Labs Limited,False
Fountain Head Marketing Inc Dba Romet Electronic Larynx,False
Four D Rubber Co Ltd,False
Fourier Intelligence,False
Foursquire ltd,False
Foxham Dental Studio,False
FRA PRODUCTION SPA,True
"Fractyl Health, Inc.",False
Framed eyewear limited,False
France Chirurgie Instrumentation SAS,True
France Developpement Electronique,False
France Reval,True
Francemed,True
Francesca Lewis Opticians Ltd,False
Francis Lavigne Developpement,True
Frank Dental GmbH,False
FRANKLAB SAS,False
FRANTRONICS LTD,False
Franz Kalff GmbH,True
P F Humphreys dental laboratories ltd,False
"Foshan Zubon Technology CO., Ltd.",False
Fosters Dental Ceramics,False
P K McMullen Opticians,False
P S Dhillon,False
Freshvision Optical Ltd T/A Cloughs Opticians,False
"Freudenberg Medical, LLC",False
Frey Spolka Jawna,False
FREZYDERM INDUSTRIAL AND COMMERCIAL COMPANY OF COSMETICS MEDICINES NUTRITION SOCIETE ANONYME,False
"Fridababy, LLC",False
Friends Impex,False
Frimley Health NHS Foundation Trust (Frimley Park Hospital),False
Frimley Health NHS Foundation Trust (Wexham Park),False
Froggy & CO,False
FROME DENTAL LABORATORY.,False
Front Line Medical Technologies Inc.,True
Frontier NX Limited,False
Frontier Therapeutics Limited,True
FROXIMUN AG,True
FSM DENTAL MEDIKAL MAK.SAN.TIC.LTD.STI.,False
FTM AMBALAJ MEDİKAL İTH. İHR. SAN. VE TİC. LTD. ŞTİ.,False
Fuhrmann GmbH,True
Fuji Dynamics Ltd,False
Fujian Bestway Medical Polymer Corporation,True
"FUJIAN CHUNHUI MEDICAL SUPPLY CO.,LTD.",False
"Fujian Dashan Paper Co., Ltd.",False
Full Support Healthcare,False
P W Coole & Son Ltd Trading as Surgical Holdings,False
Fresenius Medical Care AG,True
Fresenius Medical Care UK Limited,False
P W D L Limited,False
FUJIFILM Corporation,False
FUJIFILM Corporation,False
Fujifilm Healthcare Americas Corporation,True
"Fujifilm Irvine Scientific, Inc",True
FUJIFILM Italia S.p.A,False
FUJIFILM Medwork GmbH,True
FUJIFILM Medwork GmbH,True
FUJIFILM Medwork GmbH,True
FUJIFILM Sonosite Inc,False
Fujifilm Sonosite Inc,False
FUJIFILM Sonosite Inc,False
FUJIFILM Wako Chemicals Europe GmbH,True
FUJIFILM Wako Chemicals Europe GmbH,True
FUJIFILM Wako Pure Chemical Corporation,False
FUJIFILM Wako Pure Chemical Corporation,False
FUJIFILM Wako Pure Chemical Corporation,False
FUJIFLM Sonosite Inc,False
"Fujirebio Diagnostics, Inc.",True
Fujirebio Europe N.V.,True
Fujirebio Inc.,False
"Fukuda Denshi Co., Ltd.",False
FUKUDA DENSHI UK LTD,False
Full Arch Technologies Limited,False
P W Optics Ltd,False
FUJIFILM Corporation,False
FUJIFILM Corporation,False
P. Simpkin Dental Laboratories,False
P.& A. Mauch,False
P.G.F. Industry Solutions GmbH,True
Furine ApS,True
Furness Dental Laboratory Limited,False
Furniss Dental Laboratory.,False
Furze Dental Laboratory Ltd,False
Fusion Dental Ceramics Ltd,False
Fusion Digital Denture Lab (Scotland) Ltd,False
FUSMobile Israel Ltd.,False
Futura Medical Developments Limited,False
FUTURA SURGICARE PVT LTD,True
Future Diagnostics Solutions B.V.,False
Future Fertility,True
Future Health Technologies Limited,False
FX SOLUTIONS,False
Fylde Visioncare t/a G R Hardwick Optometrists,False
Fyne Dynamics Ltd,False
Fysicon B.V.,True
FYTO BIOTECH LTD,False
"FzioMed, Inc.",False
G & G Biotechnology Ltd,False
G C Dental Crafts,False
G M Dental Laboratory,False
G M Dental Laboratory UK Ltd,False
G S Halligan (Dental Laboratory) Ltd,False
"FULLSTAR NON-WOVEN PRODUCTS CO., LTD",False
"Fung Lead Medical & Sports Co., Ltd.",True
FUSION Ceramics Ltd,False
Fusion Dental Laboratory Ltd,False
P.J.Dahlhausen & Co. GmbH,True
G. T. Harvey & Partners Ltd,False
G.M. CERAMICS.,False
g.tec medical engineering GmbH,True
G&N Dental Laboratory Ltd,False
G21 Srl,False
GA Health Company Limited,True
Gaam Medical Ltd,False
Gaeta Dental Laboratory Limited,False
Gainsborough Healthcare Group Ltd,False
gaitQ Limited,False
Gaitworx Ltd,False
GaleMed (Xiamen) Co Ltd,False
GaleMed Corporation,True
Gales Dental Laboratory,False
Galgo Medical S.L.,False
Galil Medical Ltd,False
Galt Medical Corp.,True
"Galvanize  Therapeutics, Inc",False
GalvoSurge Dental AG,True
GAMA Healthcare Ltd,False
"Gambro Dasco S.p.A, trading as Baxter Medolla",False
"Gambro Dialysatoren GmbH, trading as Baxter Hechingen",False
Gambro Industries trading as Baxter Meyzieu,False
Gambro Lundia AB trading as Baxter Lund,False
Gambro Renal Products S.A. de C.V. trading as Baxter Tijuana,False
Genomics LTD,False
G W Ceramics Dental Laboratory,False
G. Pohl-Boskamp GmbH & Co. KG,False
P.L. Superior Dental Materials GmbH,False
P.M. Dental Ceramics.,False
Ganesh Limited,False
Gannow Dental Laboratory Ltd,False
Ganshorn Medizin Electronic GMBH,True
Gap Research Co Ltd,False
Gardhen Bilance SRL,False
Gardiner & Coates.,False
GARMENTEC GROUP LTD,False
"Garmin International, Inc.",True
Garrison Dental Solutions LLC,True
Garstang Dental Referral Practice,False
Garware Fulflex India Private Limited,True
Gas Control Equipment LTD,False
Gastrex Sarl,False
Gatema Medical s.ro.,False
GATT Technologies B.V.,True
"GAUKE Healthcare Co., Ltd.",True
"Gauthier Biomedical, Inc.",True
Gavin Caves Orthodontics,False
GBUK  Group Ltd,False
GC Europe N.V,False
GC Orthodontics Europe GmbH,False
GC Tech Europe GmbH,False
GC UNITED KINGDOM LIMITED,False
GCE s.r.o.,False
"Getein Biotech, Inc.",False
Gamida Tech S.A.R.L.,False
GANA R&D Co. Ltd.,False
P&C Dental Laboratory Limited,False
GE Healthcare (Tianjin) Company Limited,False
GE Healthcare Austria GmbH & Co OG,True
GE HealthCare Coils,False
GE Healthcare Finland Oy,True
GE Healthcare GmbH,True
GE Healthcare IITS USA Corp also doing business as GE Healthcare,False
GE Healthcare Japan Corporation,False
"GE Hualun Medical Systems Co., Ltd.",False
"GE Medical Systems (China) Co., Ltd.",False
"GE Medical Systems Information Technologies, Inc",False
"GE Medical Systems Information Technologies, Inc.",False
"GE Medical Systems Israel, Functional Imaging",False
GE Medical Systems S.C.S,False
GE Medical Systems SCS,True
GE Medical Systems Ultrasound & Primary Care Diagnostics LLC,False
"GE Medical Systems Ultrasound and Primary Care Diagnostics, LLC",True
"GE Medical Systems Ultrasound and Primary Care Diagnostics, LLC",True
"GE Medical Systems, LLC",True
"GE Medical Systems, LLC",True
"GE Medical Systems, LLC",True
P&G DENTAL LABORATORY,False
GE BE PRIVATE LIMITED,False
"GE Hangwei Medical Systems Co., Ltd.",True
P&G HEALTH FRANCE SAS,False
P&S HEALTHCARE LTD,False
GE Vingmed Ultrasound AS,True
GE.& AJ. GIBBS DENTAL LABORATORY.,False
Gebauer Medizintechnik GMBH,True
Gebr. Brasseler GmbH & Co. KG,True
Geister Medizintechnik GmbH,True
Geistlich Pharma AG,True
Gel Ovations Europe Limited,False
Gelflex,True
GELITA MEDICAL GmbH,True
GelPacks Direct Ltd,False
Gem Imports Ltd,True
GEM S.r.l,False
Gemma Medical Services GmbH,False
Gemtier Medical (Shanghai) Inc.,False
Gene by Gene Ltd,False
Genea Biomedx Pty Ltd,False
Genedrive Diagnostics Ltd.,False
GeneFirst Limited,False
GeneMe,False
genEplanet d.o.o.,False
GeneProof a.s.,True
"General Life Biotechnology Co., Ltd.",False
Glass and Glass,False
GE Parallel Design,False
"GE Ultrasound Korea, Ltd",False
P+F Products and Features GmbH,True
P3 Medical Ltd,False
GeneReach Biotechnology Corp.,True
"Genesee BioMedical, Inc",False
Genesis Dental Ceramics Ltd,False
Genesis Dental Laboratory Ltd,False
Genetic Analysis AS,True
Genetic Signatures Ltd,True
"Genetron (Wuxi) Biotech Co., Ltd.",False
Geneva Marketing (1998) Ltd,False
"Genia Medical, Inc.",False
Genimpex srl,False
GENINCODE SLU,False
GenMark Diagnostics,True
Genmed Enterprises International Ltd,False
Genmed Enterprises LTD,False
Genmed Enterprises Ltd,False
Genmed Enterprises UK LTD,False
Genny Factory SA,False
"Genobio Pharmaceutical Co., Ltd",True
Genomadix Inc,False
Genome Diagnostics B.V.,True
Genome Research Limited,False
"Genomic Health, Inc.",False
General Scientific Corporation,False
General Topics Srl,True
P3 Phoenix Pipeline Products Limited,False
PA Vision Ltd,False
PAAR LONDON LIMITED,False
Pabari Dental Clinics limited,False
Pacey MedTech Ltd,False
"Pacific Hospital Supply Co., Ltd.",False
"Pacira Pharmaceuticals, Inc.",False
Pacor Dental Ceramics t/a The Glass House Dental Ceramics.,False
"PACSHealth, Ltd.",False
"Paige.AI, Inc.",False
George Szekely  Dental Laboratory LTD,False
Georgina O'Callaghan,False
PainChek Ltd,True
Paintcraft Limited T/AS Hospital Aids,False
Genoss Co. Ltd.,False
Genostis AG,False
Gensmile Dental Care LTD,False
GenSure Biotech Inc.,True
Genta Environmental Ltd t/a Genta Medical,False
Gentherm Medical LLC,True
Gentian AS,True
Gentle Dental Implant and Cosmetic Centre,False
"Gentuity, LLC",True
GenX MediCare Ltd,False
Genzyme Corporation,False
George House Dental Laboratory,False
"Genray Hangzhou Life Techology Co., Ltd",False
"George King Bio-Medical, Inc.",False
GetSet Surgical SA,False
Geuder AG,True
GF Health Products Inc.,False
GfM mbH,True
GGDENTAL LIMITED,False
Ghimas S.p.A,False
Ghost Dental Laboratory,False
GI Cognition Ltd,False
GI Supply,False
Gianbi Limited,False
Gibson's Dental Laboratory Limited,False
Gilbert Opticians,False
Gillingham Dental Laboratory.,False
Gima Spa,True
Gimmi GmbH,False
Gipsy Lane Advanced Dental Care,False
GISKIT MD B.V.,False
Givas S.r.l,False
Given Imaging Inc.,True
GJM Implant Services Ltd,False
GKC Manufacturing Pty. Ltd,True
Glance Optical Pty Ltd,False
Glasgow Dental Hospital and School,False
Glasgow Denture Studio Ltd,False
Glasgow Fort V.E. Limited,False
Glasgow Orthodontics,False
NGPOD Global Limited,True
"GeTrust (Xiamen) Medical Technology Co., Ltd.",False
Getsch & Hiller Medizintechnik GmbH,False
NGS HEALTH AND MIND S.L.,True
PAJUNK GmbH Medizintechnologie,True
Pak Dentures LTD,False
Richard Mullins Dental Laboratory Ltd,False
Gleamer,True
Glebe Dental Laboratory,False
Global Biomedica s.r.o.,True
Global Health and Safety,False
Global Health Technology AS,True
Global Hearing Solutions Ltd,False
Global Instrumentation LLC,False
Global Manufacturing Technology Pty Ltd,True
Global Medikit Limited,True
Global Ortho Solutions Sp. z.o.o.,False
Global Scientific,False
Global Smiles Limited,False
Global Surgical Corporation,True
"Globalcare Medical Technology Co., Ltd",False
Globis Trading,False
Globus (Shetland) Ltd,False
"Globus Medical, Inc.",True
GLOMARKET BV,False
Glooko Inc.,False
GLOS MEC Ltd,False
Gloucester Managed Service,False
Gloucester VE Ltd,False
GlucoRx Technologies Ltd,False
Glaxo Operations UK Limited,False
GlaxoSmithKline Trading Services Limited,True
GLIMMER (PVT) LIMITED,False
PakuMed Medical Products gmbh,True
PAL International Ltd,False
GM Instruments Ltd,False
"GMDASZ Manufacturing Co., Ltd.",True
GMMI Sdn Bhd,False
GMMI SDN. BHD.,False
GMV srl,False
GN Hearing A/S,True
GN MED s.r.l.,True
GN Resound A/S,False
Go Dent Laboratory LTD,False
Go Digital-Dental Laboratories Ltd,False
Go Medical Industries Pty Ltd,True
Go Tooth Dental Laboratory LTD,False
Godalming V.E. Limited,False
Gofarm Sp.z o.o. sp.k.,False
Gola Creations Ltd,False
Gold Standard Diagnostics,False
Gold Standard Diagnostics Frankfurt GmbH,True
Goldsite Diagnostics Inc.,True
Goldtech Dental Laboratory Ltd,False
Goldthorn Dental Laboratory,False
Gomina AG,True
Gompels HealthCare Ltd,False
Good Boost Wellbeing Limited,False
Good Medica Sp. z o.o,False
Hartsbourne Ceramic Laboratory Ltd,False
Glycorex Transplantation AB,True
GM Den Lab LLP,False
Palette Life Sciences,True
Palette Life Sciences,True
Goodnight Cramp,False
Goodpoint Chemicals OU,False
GOODWOOD MEDICAL CARE LTD,True
GOQii UK Limited,False
Gordon Ellis & Co.,True
Gordon Watters Dental Laboratory,False
Gorilla Glue Europe Ltd,True
Gosal Orthodontics Ltd,False
GOTOP Medical Inc.,False
Gower Health & Fitness Solutions Limited,False
Gower Opticians,False
GP Automate,False
GP Medical Devices A/S,True
GP Triage Ltd,False
GPC Dental Laboratory,False
GPQ s.r.l.,False
Gr8full Ltd,False
"Grace Medical, Inc",False
Gradientech AB,False
Graham Coe Ltd T/A Graham Coe Opticians,False
Graham Gardner Orthodontics,False
Graham Makey Dental Laboratory (Gmdl,False
Grahams Natural Alternatives Pty Ltd,True
"GRAIL, Inc",False
"Grand Work Plastic Products Co., Ltd.",True
GRANDVISION TECH CENTRE UK LIMITED,False
Grant Wilson Laboratory Ltd,False
Good-Lookers (London) Limited,False
"Goodman Co., Ltd.",False
Pall Medical A Division of Pall International Sarl,False
Graphy Inc,True
Grason Stadler Inc,False
"Great Group Medical Co., Ltd.",True
Great Lakes Dental Technologies,True
Great Lakes NeuroTechnologies Inc,True
Great Western Hospitals NHS Foundation Trust,False
Greatbatch Ltd. d/b/a Greatbatch Medical,False
Greater Curve,False
Greater Glasgow & Clyde NHS,False
Green Cross Medico Ltd,False
Green Power Trading UK LTD,False
Green Smile Lab Limited,False
GreenBone Ortho S.p.A,False
Greencosko Co.Ltd,False
Greens Dental Laboratory Ltd.,False
Greenway Dental Laboratory,False
Greg Labs LTD,False
Greiner Bio-One GmbH,True
Greiner Bio-One GMBH (Germany),False
Greiner GmbH,True
Grena (Qingdao) Medical Devices Ltd.,True
Grena Biomed Limited,True
Grena Limited,False
GRETEN Prismaflex GMBH,True
Gretna Dental Practice,False
Graphenano Dental SL,False
Graphene Dental,False
Pallant Orthodontics Ltd,False
Palliare Ltd,True
GRIT Mouthguards,False
Grosvenor Orthodontics (Chester) Limited,False
Grouleff Medical ApS,True
Group AKM PTY LTD,True
Groupe Lépine,True
Groupe SEBBIN SAS,False
Grove Lane Dental Surgery,False
Grundium Oy,True
Gruppo Europeo di Ortodonzia S.R.L.,True
Gruppo Farmaimpresa S.r.l,False
Gryphon Dental Laboratory Ltd,False
Gryphus Diagnostics LLC,False
GS Elektromedizinische Geräte G. Stemple GmbH,True
GS Shergill Dental Laboratory,False
GSPK Circuits Ltd trading as GSPK Design,False
GT Eyecare,False
GTS UK Healthcare,False
"Guanchi Technology (Hebei) Co., Ltd.",False
"Guangdong Baihe Medical Technology Co., Ltd",True
"Guangdong Biolight Meditech Co., Ltd.",True
"Guangdong Ecan Medical Co., Ltd",False
"GUANGDONG GYMDA MEDICAL TECHNOLOGY CO., LTD",True
Guilin Kevin Peter Technology Co Ltd,False
Griff IVD Ltd,False
Griffiths and Nielsen Ltd,True
Palmedic BV,False
Palmero Healthcare LLC,False
"Guangdong Meicen Medical Equipment Co., Ltd",True
"Guangdong Prestige Technology Co., Ltd.",True
Guangdong Runpon Bioscience Inc.,True
"Guangdong Transtek Medical Electronics Co., Ltd.",True
"Guangdong Wesail Biotech Co., Ltd.",True
"GUANGDONG YIKANG MEDICAL CO., LTD.",False
"Guangdong Yuehua Medical Instrument Factory Co., Ltd.",True
"Guangdong Zhanyuan Smart Science and Technology Co., Ltd.",False
"Guangzhou Benray Medical Equipment Co., Ltd",False
Guangzhou Clean Medical Products Manufacturing Corp.,True
"Guangzhou Decheng Biotechnology Co., Ltd.",True
"Guangzhou Fame Medical Co., Ltd",True
"Guangzhou Fengdan Medical Equipment Co., Ltd.",True
"Guangzhou iCare Medical Technology Co., Ltd.",True
"Guangzhou Improve Medical Instruments Co., Ltd.",False
Guangzhou JMS Electronic,False
"Guangzhou KoFa Biotechnology Co., Ltd.",True
"Guangdong Kindly Medical Device Group Co., Ltd.",False
"GUANGDONG KINGFA SCI.&TECH. CO., LTD.",False
"Palmero Healthcare, LLC",True
PaloDEx Group Oy,True
"Guangzhou Nuoning Medical Supplies Co., Ltd",True
"Guangzhou Pluslife Biotech Co., Ltd.",True
"Guangzhou Qianbao (China) Garment Co., Ltd",False
"Guangzhou Raydose Medical Technology Co., Ltd.",True
"Guangzhou Red Pine Medical Instrument Co., Ltd.",False
"Guangzhou Sanyan Technology Co., Ltd.",False
"Guangzhou Shijing Medical Software Co., Ltd.",True
"Guangzhou Sonostar Technologies Co., Ltd.",True
"Guangzhou Sunray Medical Apparatus Co., Ltd.",True
"Guangzhou T.K Medical Instrument Co., Ltd",True
Guangzhou Vesber Biotechnology Co Ltd.,False
"Guangzhou Wondfo Biotech Co., Ltd.",True
Guangzhou Xinbo Electronic Co Ltd,False
Guardant Health Inc,False
Guidance Dental Lab,False
Guided Technology Limited T/A Go2Guide,False
Guider Dental Manufacturing Solutions LTD,False
"Guilin HBM Health Protections, Inc.",False
pfm medical hico gmbh,True
"Guangzhou Maystone Optical Instruments Co., Ltd",False
"Guangzhou New design Biotechnology Co., Ltd.",True
Paltop Advanced Dental Solutions Inc.,True
PAM Health Limited,False
Pam Mobility SRL,False
Panaa LTD,False
"Guilin Zhonghui Technology Co., Ltd.",True
Guisborough Dental Laboratory,False
Gulf Fiberoptic,False
Guna S.p.a.,False
Guy's & St. Thomas' Hospital NHS Foundation Trust,False
Guymark UK Ltd,False
GV Health Ltd,False
GVS Filter Technology UK Limited,False
GVS Haemotronic S.p.A.,False
GVS S.p.A,False
GX Corporation Sdn Bhd (Specialty Plant),False
GymnaUniphy N.V.,True
Gynemed GmbH & Co. KG,True
Gynesonics Inc.,False
"Gyrus ACMI, Inc.",True
"Gyrus ACMI, Inc.",True
H and L Denture Studio,False
H Dickinson & Co Ltd,False
H G Dental Laboratory,False
H J Creative,False
H R Optics Ltd,False
"Guilin Royalyze Medical Instrument Co., Ltd.",True
Guilin Woodpecker Medical Instrument Co Ltd,False
Günter Bissinger Medizintechnik GmbH,True
Panaceo International GmbH,False
Panadent Limited,True
H.S. HOSPITAL SERVICE S.P.A.,True
h/p/cosmos sports and medical gmbh,False
H&A Mui Enterprises Inc (Mui Scientific),False
H&abyz,True
H&H Padiham Ltd,False
"H&O Equipments NV/SA, also trading as 'Clinic6'",False
H&S Prosthetics Kidderminster limited,False
H2 Resq,False
H2W Ltd,False
H4 Medical Ltd,False
HAAG STREIT AG,False
HAAG STREIT UK LTD,False
Haddenham Healthcare Ltd,True
Haddon Williams Ltd t/a Diamond Dental,False
"Hadeco, Inc.",True
HADI DENT INSTRUMENTS CO,True
Haelvoet NV,True
Haematex Research Pty Ltd,False
Haemoband Surgical Ltd,False
Haemoconcepts Ltd,False
Haemonetics Corporation,True
Haemonetics S.A.,True
Hartington Pharma Ltd,False
H. + H. Maslanka Chirurgische Instrumente GmbH,True
H.P. Braem AG,False
Panakeia Technologies Limited,False
Panaxia Ltd,True
Panthera AB,True
Hague Optical Ltd,False
"Haian Medigauze Co., Ltd.",False
"HaiChang Contact Lens Co., Ltd",True
"HAIMEN SHENGBANG LABORATORY EQUIPMENT CO., LTD",True
Hain Lifescience GmbH,True
Hainan VTI Clinical Immunology Lab Ltd.,False
Hairstetics Ltd.,True
"Haiyan Kangyuan Medical Instrument Co., Ltd.",False
Haleon CH SARL,False
HALF MOON DENTAL CENTRE,False
Hall Dental Studio,True
Halo Dental Laboratory Ltd,False
Halo Dental Studio Ltd,False
Halosense Inc,True
Halotech DNA S.L.,False
HÄLSA Pharma GmbH,True
Hamamatsu Photonics K.K.,False
Hamdan Dental Laboratory,False
Hamilton Bonaduz AG,True
Hamilton Company,False
Hamilton Medical UK Ltd,False
Hagan-Brown Dental Clinical and Laboratories,False
Hager & Werken GmbH & Co. KG,False
Halifax VE Ltd,False
Panthera Dental Inc.,True
Paolo Gobbi Frattini srl,False
Par Scientific ApS,False
Handi-Move NV,False
"Hangzhou AGS MedTech Co., Ltd.",False
"Hangzhou AI-MU Meditec Co., Ltd.",False
"HANGZHOU ALLSHENG INSTRUMENTS CO., LTD.",False
Hangzhou Alltest Biotech Co Ltd,False
"HANGZHOU AOSI HEALTHCARE CO.,LTD.",True
"Hangzhou Barty Medical Equipment Co., Ltd.",True
"Hangzhou Bestli Biotech Co.,Ltd.",False
"Hangzhou Bever Medical Devices Co., Ltd.",False
"Hangzhou Bigfish Bio-tech Co., Ltd.",False
"Hangzhou Bioer Technology Co., Ltd.",False
"Hangzhou Biotest Biotech Co., Ltd",False
"Hangzhou Boer Medical Instrument Co., Ltd.",False
"Hangzhou Bosure Biotech Co., Ltd.",True
"Hangzhou COCO Healthcare Products Co.,Ltd",False
"Hangzhou DTC Medical Apparatus Co., Ltd.",False
Hangzhou FORMED Medical Devices Co. Ltd,False
"Hangzhou Funworld Biotech. Co., Ltd",False
Hammarplast Medical AB,True
Hampton Village Denture Studio Ltd TA Stephan Avetoom,False
Paradigm Spine GmbH,False
"Paragon 28, Inc.",False
Paragon Medical Inc.,True
"Hangzhou Jimushi Meditech CO., LTD.",True
"Hangzhou Jinlin Medical Appliances Co., Ltd.",False
"Hangzhou Jujiu Science & Biotechnology Co., Ltd",False
"Hangzhou Kangji Medical Instrument Co., Ltd.",False
"Hangzhou Kelingrui E-commerce Co., Ltd",False
"Hangzhou Laihe Biotech Co., Ltd.",True
Hangzhou Leinzett Medical Technology Co. Ltd.,False
"Hangzhou Lifereal Biotechnology Co., Ltd.",False
"Hangzhou Lysun Biotechnology Co., Ltd.",False
"Hangzhou Meisu Trading Co., Ltd",False
"Hangzhou Memnun Technology Co., Ltd.",False
"Hangzhou Mindray Medical Technology Co., Ltd.",True
Hangzhou Qiandao Medical Equipment Ltd,False
Hangzhou Rejoin Mastin Medical Device Company Limited,False
"Hangzhou Shanyou Medical Equipment Co., Ltd.",True
"Hangzhou SHINING3D Dental Technology Co., Ltd.",True
"Hangzhou Guoyuan Yanglao Technology Co., Ltd",True
Hangzhou Hua'an Medical & Health Instruments Co. Ltd,False
Paragon Vision Sciences Inc.,False
"Paragonix Technologies, Inc.",False
"Hangzhou Techderm Biological Products CO., Ltd.",False
"Hangzhou Tingoton Technology Co.,Ltd",True
"Hangzhou Tonglu Yida Medical Appliance and Equipment Co., Ltd.",False
"Hangzhou Tongzhou Biotechnology Co., Ltd.",True
"Hangzhou Universal Electronic Co., Ltd.",False
"Hangzhou Xuzhishi Technology Co., Ltd",False
"Hangzhou Yanyang Biotech Co., Ltd",False
"Hangzhou Yoniner Pharmaceutical Co., Ltd",True
"Hangzhou Zheda Dixun Biological Gene Engineering Co.,Ltd.",True
HANHAM DENTAL LABORATORY.,False
Hannah Life Technologies Pte Ltd,False
Hans Dinslage GmbH,True
Hans Hepp GmbH & Co. KG,True
"HANS Korea Co., Ltd.",False
Hans Rudolph Inc,False
HansBiomed Corp.,False
"Hanscent （Ningbo） Co., Ltd.",False
Hanson Instrument Ltd,False
Hartington Pharmaceutical SLU,False
"Hangzhou Singclean Medical Products Co., Ltd.",True
"Hangzhou Tappa Medical Technology Co., Ltd.",False
Parallel Design SAS,True
Paramount Medical Solutions Ltd,True
Happerberger Otopront,False
Happitech B.V.,False
Happy Bits Group Ltd,False
Happydent Limited,False
HARALD NORDIN SA,False
Harborne VE Limited,False
Harcourt House Dental Studios Limited,False
Hardik International Private Limited,True
Hardik International Private Limited,True
Harefield Opticians Ltd,False
Harewood Dental Lab,False
Harley Street Dental Laboratory,False
HarleyDoc,False
Harlil LTD,False
Harlow VE Ltd,False
Harol S.r.l.,False
Harpenden Orthodontics,False
HARPS Investment Asia Pte. Ltd.,True
Harris Dental Laboratory,False
Harrison Denture Clinic Ltd,False
Harrogate Healthcare Facilities Management,False
Harsoria Healthcare Pvt. Ltd.,True
Hart Biologicals Ltd.,False
Hart Optical Limited trading as Thomas & Saunders Optometrists,False
Hartalega NGC Sdn. Bhd.,False
"Hantech Medical Device Co., Ltd.",True
"HANWOOLTPC CO., LTD.",True
Paramount Surgimed Ltd,True
Harvest Sources International Ltd,False
Harvey Optical Services,False
Harwood Dental Care,False
Hasa Optix,True
Haselmeier GmbH,True
Hasharon Dental Center Ltd.,False
Haslemere Dental Centre,False
Hasomed GmbH,False
HASS Corp.,True
Hassocks Eyecare Centre Limited,False
Hatch End Eyecare,False
Hathershaw Opticians,False
Hawkes & Wainer Ltd,False
Hawkins Dental and Implant Clinic,False
Haxby Opticians Limited,False
Hayes Denture Centre,False
Hayfeguard Limited,False
HayMax Limited,False
Hazlot Holdings Limited,False
"HCMed Innovations Co., Ltd.",False
HD Clinical Ltd,False
HDM DENTAL LABORATORY LTD,False
Headovations Ltd.,False
Healcerion Co Limited,False
Healgen Scientific Limited,True
"Health Beacons, Inc. (A Hologic Company)",False
Health Care Logistics,False
Health Care Outcomes Performance Company (HOPCo),False
Harvard Dental International GmbH,True
Harvest Healthcare Ltd,False
Paratian Co Ltd T/A Stockbridge Dental Practice,False
PARAVAN GmbH,True
Health Touch Ltd,False
Health Wizard Ltd,False
Healthcall Solutions Ltd,False
HealthCare Anywhere Ltd,False
Healthcare Business Solutions UK,False
Healthcare Digital Twin Limited,False
Healthcare Partners Ltd,False
Healthcare Products Inc,False
HealthHero Solutions Limited,False
HealthHQ Group Limited,False
HEALTHIUM MEDTECH  LIMITED,True
HEALTHIUM MEDTECH LIMITED,True
HEALTHNITURE S.r.l. a socio unico,False
HEALTHPOINT LTD,False
Healthshare Limited,False
Healthstats International Pte Ltd,True
Healthtech-1,False
HEALTHY MIND,True
Healthy Step (Sensograph) Ltd,False
Healthy.io Ltd,True
Hearing Diagnostics Limited,False
Heartfelt Technologies Ltd,False
heartfish GmbH,False
"HeartFlow, Inc.",False
"HeartHero, Inc.",True
Health Line International Corporation,True
HEALTH SOURCE MEDICAL EQUIPMENT (GUANGDONG) LTD.,False
Parburch Medical Developments Ltd,False
"Parcus Medical, LLC",False
Heath Denture Care,False
Heather Bailey Optometrists Ltd,False
Heaton Mersey Orthodontic Centre,False
HEBDEN BRIDGE DENTAL CARE LTD,False
"HEBEI DANSONG IMPORT & EXPORT TRADE CO., LTD",False
"Hebei Healthplus Medical Device Co., Ltd.",False
"Hebei Pulling Technology Co., Ltd",False
"Hebei Yuanrun Medical Devices Co., LTD.",False
Hedia ApS,True
Hefei C&P Nonwoven Products Co Ltd,False
Hefei Meyer Optoelectronic Technology Inc.,True
Hegewald Medizinprodukte GmbH,False
Heidelberg Engineering GmbH,True
Heidi Health Ltd,False
HEINE Optotechnik GmbH & Co. KG,True
Heinemann HNO Medizintechnik GmbH,True
Heinlein Plastik-Technik GmbH,True
Heinz Kurz GmbH,True
Heinz Meise GmbH Medizintechnik,False
Helapet Limited,True
Helena Biosciences Europe,False
HELENA LABORATORIES,False
Helica Instruments Ltd,False
Hine Dental Laboratory Ltd,False
HeartWare Inc.,False
hearX SA (Pty) Ltd,True
PARI GmbH,False
PARI Medical Ltd,False
Helmer Scientific DBA Helmer Inc.,False
Helmut Zepf Medizintechnik GmbH,True
HELSINN Healthcare SA,False
Helston Optical Ltd,False
Hemanext Inc.,True
Hemcheck Sweden AB,False
Hemel Hempstead V E Limited,False
HemoCue AB,False
HEMODIA SAS,True
HemoSonics LLC,False
Hemostasis LLC,True
Hemostat medical GmbH,False
Hemoteq AG,False
"Henan Geesion Medical Device Co., Ltd",False
"Henan JoinKona Medical Products Co., Ltd.",False
"Henan Medical Technology Co.,Ltd",False
"Henan Shuguang HZK Biological Technology Co.,Ltd",False
"Henan Tuoren Medical Device Co., Ltd",True
"Henan Zhende Medical Products Co., Ltd.",False
HENDERSON  DENTAL  CERAMICS.,False
Hendrickse DH Ltd,False
Hespeler Orthodontics Limited,True
Hellesdon Dental Care,False
HELLMUT RUCK GmbH,True
PARI Pharma GmbH,True
Park Circus Ceramics Limited,False
Henry Leonard Optometrist,False
Henry Schein Inc,False
Heraeus Medical Components-Contract Medical International GmbH,False
"Heraeus Medical Components, LLC",False
Heraeus Medical GmbH,True
Herb-Pharma Corporation s.r.o.,True
HERCARE Sweden AB,False
Herco Wassertechnik GmbH,False
HERDEGEN (SAS),False
Hereford Ceramics,False
Hereford VE Limited,False
Hermann Bock Gmbh,True
Hermann Meditech,False
Hermann Medizintechnik GmbH,True
HERMES HEALTHCARE LIMITED,False
Hermes Medical Solutions AB,True
HERNIK GmbH,True
Hero Healthcare Limited,False
Herrmann Apparatebau Gmbh,True
"Hersill, S.L.",True
Hertility Health Limited,True
Herts Orthodontics,False
Hospicon Products Limited,False
Park Road Dental Care,False
"Hengchang (Dongying) Medical Technology Co., Ltd.",False
"Henke-Sass, Wolf GmbH",True
Park Street Dental and Implant Clinic,False
Park View Family Dental,False
Parkdale Dental & Implant Clinic,False
Parkell Inc,False
Parker Eyecare Ltd T/A Parker Optometrists,False
Parker Hannifin Corporation Precision Fluidics Division,False
"Parker Hannifin Corporation, Precision Fluidics Division",False
"Parker Laboratories, Inc.",True
pfm medical mepro gmbh,True
Hi-Tech Medics Private Limited,True
HIACCUR LAB LTD,False
Hickman Dental Lab,False
Hidalgo Ltd,False
Hidemar Mobilario Clinico SA,False
Hidramed Solutions Ltd,True
High Technology Products SLU,True
Highcliffe Dental Care,False
HigoSense Sp. z o.o.,False
HILBRO GOODS WHOLESALERS L.L.C,False
Hexacath,True
Hexagon International (GB) Ltd,False
Heyer Aerotech GmbH,True
Heyer Medical AG,True
HG Innovations Ltd.,True
"Hi-Fortune Health Products Co., Ltd.",False
HI-TECH DENTAL LABORATORY,False
Hidrofer SA,False
High Street Dental Care,False
Parker-Hannifin s.r.o.,False
Parkside Denture Studio Ltd,False
PARMR LTD,True
Parnell Plus Ltd,False
Parodent Dental Laboratory Ltd,False
paromed OrthoCAM GmbH,False
Parry Clulow Ltd,False
Parsek d.o.o.,False
Parson Associates Ltd,False
Partners for Endoscopy Limited,False
PASANTE HEALTHCARE LIMITED,False
PASRUR SURGICAL,False
Holly Health,False
Holmusk Europe Ltd,False
HoloCare AS,True
Hologic Ltd.,True
"Hologic, Inc.",False
"Hologic, Inc.",False
Passion Dental Design Studio,False
Passion For Life Healthcare (UK) Limited,False
"HIOSSEN, Inc.",False
Hira Dental Laboratory,False
Hisense Ltd.,False
Hivox Biotek Inc.,False
HKG gallery,False
HN Optical Ltd,False
Hoil Dental Laboratory Ltd,False
Hoil Dental Manufacture Solutions Ltd,False
Hoist Medical Ltd,True
Holland & James,False
Holland Opticians Ltd,False
Hollister Incorporated,False
"Passy-Muir, Inc.",True
Patchs Health Ltd,False
HOMANN-MEDICAL GmbH u. Co. KG,False
"Homecare Enterprise Co., Ltd.",True
Homewoundcare Ltd,False
Honeywell Healthcare Solutions GmbH,False
Honeywell Safety Products,False
HongKong Marvel Limited.,False
Hongsun (Nantong) Co. Ltd,False
"HONSUN（NANTONG）CO., Ltd.",False
Hony Medical Co. Ltd,False
Hoogland Spine Products GmbH,True
Hook dental practice ltd,False
Hope Valley Opticians Ltd,False
"Hope Vision Co.,Ltd.",False
"Hopf, Ringleb & Co. GmbH & CIE",False
Hopper,True
Horbury Dental Laboratories Ltd,False
HORIBA ABX SAS,True
HORIBA Instruments Incorporated,False
Horizon dental laboratory limited,False
Horizon Strategic Partners Ltd,False
Hornchurch VE Limited,False
Horsford Dental Practice,False
Horsham VE Ltd,False
Horus Pharma,False
Holthaus Medical GmbH & Co. KG,True
Holton Dental Centre,False
PATH MEDICAL GMBH,True
"PathAI, Inc.",False
Hounslow VE Ltd,False
Hove Dental Studio ltd,False
Howard Wright Limited,True
HowLite Dental Laboratory LTD,False
Howmedica Osteonics Corp.,False
Howoco Ltd,False
Hoya Corporation,False
Hoya Holdings N.V. / Hoya Vision Care,False
"Hoya Lamphun Ltd, Hoya Eye care Thailand",False
Hoya Lens UK Ltd,False
HOYA Medical Singapore Pte Ltd,False
Hoya Technosurgical Corporation,False
HPF S.R.L.,False
HQ Dental Laboratory Ltd.,False
"HR Pharmaceuticals, Inc",False
HRS Dental Care Limited,False
HS DOMS GmbH,True
HSDU Royal Infirmary Edinburgh,False
"HSDU, George Eliot Hospital NHS Trust",False
"HSDU, Milton Keynes University Hospital NHS Foundation Trust",False
"Hsiner Co., Ltd.",True
"HT CO., LTD.",True
HTL-Strefa S.A.,True
HTZ Ltd,False
"Hu-Friedy Manufacturing Co., LLC",True
PATHELEN GB LTD,False
Hospital Direct (Marketing) Ltd,False
Hospital Metalcraft Ltd,False
PathoNostics B.V.,True
"PathRight Medical, Inc.",False
"Huangshan Jinfu Medical Equipment Co., Ltd",True
"Huawei Device Co., Ltd.",True
Huayi Isotopes Co.,True
"Hubei Qianjiang Kingphar Medical Material CO., Ltd",False
"Hubei V-Medical Products Co., Ltd.",False
"Hubei Wanli Protective Products Co., Ltd.",False
"Hubei Weikang Protective Products Co., Ltd",False
Hubert De Backer n.v.,False
Hucknall Dental Laboratory Ltd,False
Huger Medical Instrument Co Ltd,False
Hugh Steeper Ltd,False
Hughes and Farrugia,False
Hughes Dental Laboratory Ltd,False
Huidu Shanghai Medical Sciences Ltd.,False
"Huiying Medical Technology (Beijing) Co., Ltd.",False
"Huizhou Carefit Medical Electronic Co., Ltd.",False
"Huizhou Foryou Medical Devices Co., Ltd.",False
Huizhou Gold Rose Technology Co. Ltd,False
"Huizhou Kaiyi Technology Co.,Ltd",False
HYPHEN BioMed,False
"HuaiYin Medical Instruments Co., Ltd.",True
Huanghua Promisee Dental Co Ltd,False
Patiali Limited,False
Patient Lifting Solutions,False
HUMA THERAPEUTICS LIMITED,False
Human Brain Wave srl,False
Human Care HC AB,True
HUMAN Gesellschaft fur Biochemica und Diagnostica mbH,False
Human med GmbH,False
Human Protection B.V.,False
Human Protection BV,True
Humankind Ventures Ltd,False
HumanOptics Holding AG,True
Humant Group Limited,False
HumanTech Spine GmbH,False
Humeca BV,False
"Hunan Accurate Bio-Medical Technology Co., Ltd",False
"Hunan Beyond Medical Technology Co., Ltd",True
"Hunan Eexilnherent Pharmaceutical Co., Ltd.",False
HUNAN EHOME HEALTH TECHNOLOGY COMPANY LIMITED,False
Hunan Endoso Life Technology Co. Ltd.,False
Hunan Jingyi Medical Technology Co. Ltd,False
"Hunan Reborn Medical Science and Technology Development Co., Ltd",False
Hyperice Inc,False
Patient Watch Ltd,False
"Huizhou Yixiang Medical Equipment Co., Ltd.",True
Hull University Teaching Hospital,False
patientMpower Ltd.,False
Patientrack Holdings Limited,False
Hunkar Medikal,False
Hunt Developments (UK) Ltd,False
Hunter Scientific Ltd,False
Huntingdon Dental Laboratory Limited,False
Huntingdon V.E. Limited,False
"Hurev Co., Ltd.",True
Hurricane Medical,False
Hurst Dental Laboratory,False
Huvitz Co Ltd,False
"Huvitz Co., Ltd.",True
Huynh Dental Laboratory,False
Hyaltech Ltd,True
HYCOR Biomedical Inc.,False
Hydrafacial LLC (previously Edge Systems LLC - Name change not a change in legal entity),False
Hydrosun Medizintechnik GmbH,True
"Hygea Medical Technology Co., Ltd.",True
HYGITECH,True
Hyland Software Canada ULC,False
Hyper Photonics S.r..I.,False
HyperBranch Medical Technology Inc.,False
"Hyperfine, Inc.",True
Hypervision Surgical Ltd,False
Patron Bohemia a.s.,False
"Hunan Vathin Medical Instrument Co., Ltd.",True
"Hunan VentMed Medical Technology Co., Ltd.",False
Patterson Restorative Solutions,False
Paul B Dental Studio,False
Paul Calder Dental Limited,False
Paul Hartmann AG,True
Hywel Dda University Health Board - Glangwili General Hospital,False
Hywel Dda University Health Board - Prince Philip Hospital,False
Hywel Dda University Health Board - Withybush General Hospital,False
I see 3 Limited,False
i Smile Dental Lab,False
I W Dental Laboratory Ltd,False
I Wear Opticians,False
I-MED PHARMA Inc.,True
i-Optix,False
"i-SENS, Inc.",True
i-SEP,False
I-Smart Developments Limited,False
I-TEC Independent Technicians Limited,False
I-Tech Industries S.r.l,False
I.P.S. INTERNATIONAL PRODUCTS e SERVICES Srl,True
I.R.A. Istituto Ricerche Applicate S.p.A.,True
I.S.E. S.r.l.,False
I.T.S. GmbH,False
"I.V. House, Inc.",False
i+Med S. Coop,False
I2M Labs,False
i5 Analytics Limited,False
i5HealthAI,False
HyStool Ltd,False
Hywel Dda University Health Board - Bronglais General hospital,False
I.A.C.E.R. S.r.l,False
PAUL MARIENFELD GMBH & CO KG,False
Paul Murray PLC,False
IAS Academy and Labs Ltd,False
IB Medical AB,False
IBA Dosimetry GmbH,True
"Iberhospitex, S.A.",True
IBEX Innovations Ltd,False
Ibex Medical Analytics Ltd,True
"IBEX Medical Systems Co., Ltd.",False
IBL International GmbH,False
IBSA Farmaceutici Italia Srl,False
"IC Biomedical, LLC",True
IC! Berlin  GmbH,True
"iCAD, Inc.",False
Icare Finland Oy,False
Icarus Medical LLC,False
ICB Medical Distributors PTY LTD,False
Icentia Inc.,True
Icometrix BV,False
ICSION Medical Pty Ltd,False
ICT  HealthCare Technology Solutions B.V.,False
ICU Medical Inc,False
ICU Medical Inc,False
ICU UK Medical Ltd,False
IDCP B.V.,False
Ian Taylor Creating Smiles,False
Ian Underwood Ltd,False
ICSTHub,False
Paul Verity Opticians,False
PAVIA FARMACEUTICI S.R.L,False
IdealMed Limited,False
iDentical Dental Laboratories LTD,False
Identiti UK Lab Ltd,False
IDMED,True
iDoc24 AB,False
Idoman Teoranta,True
Idoven,False
IDS LTD.,False
IEM GmbH,True
Ieso Digital Health Limited,False
IF Cardboard Creations Ltd,False
"iFIT Prosthetics, LLC",False
IGEA S.p.A.,False
Igloo Survival Limited,False
iHealthScreen Inc,False
IHSS Limited,False
"Ikegami Tsushinki Co., Ltd.",False
"CompAI Healthcare (Suzhou) Co., LTD",False
"Edan Instruments, Inc.",False
151 Products Limited,False
1st SurgiConcept,True
3D MATRIX EUROPE SAS,False
G-Flex Europe SPRL,False
"3T Medical System, Inc.",False
A & B Cann Dentures Direct Ltd,False
"IDEAL MEDICAL INDUSTRIES CO.,LTD",True
Ideal Profile Ltd,False
Pavis SPA,False
Paxman Coolers Ltd,False
A&E Medical Corporation,False
"Abbott Diagnostics Korea, Inc.",False
Abbott Medical,True
"Abiores Technology (Beijing) Co., Ltd.",False
Aboca S.p.A. Società Agricola,False
"ABON Biopharm (Hangzhou) Co., Ltd.",False
Accuvein Inc.,True
"Acro Diagnostics Co., Ltd.",False
Acrostak AG,False
Acteon Manufacturing,True
Active Health Tech Ltd,False
"Active Life Scientific, Inc.",True
Adcal Dental Laboratory Ltd,False
ADRIA.MED. SRL,False
Advanced Bio-Technologies Inc.,False
Advanced Dental Laboratory,False
Advanced Practical Diagnostics BV,False
"Aezian Co., Ltd",True
Affinity Biologicals Inc.,True
AI LABS GROUP SL,False
Aidacare Healthcare Equipment,False
PB Chrome Casts,False
A&D Instruments Ltd,False
PB Swiss Tools AG,True
PBB Devices Ltd,False
PBC Dental Laboratory Ltd,False
Akzenta International SA,False
"Albino Dias de Andrade, S.A.",False
AlgOss Biotechnologies GmbH,False
ALLISONE TECHNOLOGIES SAS,False
Allmed Medical GmbH,False
"ALLMED Medical Products Co., Ltd.",False
Alloyed Limited,False
Allspecs Ltd,False
AlPreTec SrL,False
ALPRO MEDICAL GMBH,True
American Eagle Instruments Inc,False
AMK Medical Equipment Co Ltd,False
Anatolia Tanı ve Biyoteknoloji Ürünleri Ar-Ge San. ve Tic. AŞ,False
Andocor NV,True
Andromedical S.L.,False
Angiomed GmbH&Co. Medizintechnik KG,False
"Anhui Greenland Biotech Co.,Ltd",True
"Anhui Tianrun Medical Packaging Materials Co., Ltd.",True
"Anika Therapeutics, Inc",False
Anthony Coe Ltd Dental Laboratory,False
Anton Hipp,False
PCCA Limited,False
Akas Technologies,False
PCG Dental Design,False
Aptissen SA,False
Arden Medical Ltd,True
Ardo medical AG,False
Arrow International LLC,False
Arti Medikal Tibbi Malzemeler Ihr.Ith.San ve Tic.Ltd.Sti.,False
AS Medizintechnik GmbH,True
"Asahi Kasei Transfusion Technology Co., Ltd.",False
Ashford Orthodontics Ltd,False
ASP International GmbH,True
ASTAR SPÓŁKA Z OGRANICZONĄ ODPOWIEDZIALNOŚCIĄ,True
Atom Medical Corporation,False
Augusta Medical Systems,False
AusDiagnostics Pty Ltd,True
AventaMed DAC,True
"Axonics, Inc.",True
"Azure Biosystems, Inc",False
B.N.O.S. Meditech Ltd.,True
BA DENTAL Ithalat Ihracat Sanayi ve Dis Ticaret LTD. STI.,False
Balmonds Skincare Ltd,False
Balt Extrusion SAS,True
Barraclough and Stiles Limited,False
Barron Precision Instruments LLC,True
"BCM Co., Ltd.",True
PD NEUROTECHNOLOGY LIMITED,False
Aptis Medical LLC,False
PDG Product Design Group Inc.,True
PDI Ltd,False
BEGO Implant Systems GmbH & Co. KG,True
"Beijing ADSS Development Co., Ltd.",True
"Beijing Kinghawk Pharmaceutical Co., Ltd.",False
"Beijing Konted Medical Technology Co.,Ltd",True
"Beijing Wanliandaxinke Instruments Co., Ltd.",True
Bemis Manufacturing Company,True
"BERPU Medical Technology Co., Ltd",True
"BESTDENT FOSHAN MEDICAL EQUIPMENT CO., LTD",False
Betterguards Technology GmbH,True
Beurer GmbH,True
Bien-Air Dental SA,False
Bio-Rad,True
"Bio-Rad Laboratories, Inc., Clinical Immunology Division (CID)",False
"BIOCERAMED - Cerâmicos para Aplicações Médicas, S.A.",False
Biocool AB,True
"BioDetect (Xiamen) Biotechnology Co., Ltd.",False
"Biologicals Quality Control B. V,",False
Biomate Medical Devices Technology Co. Ltd.,True
Granton Medical Ltd,True
Becton Dickinson India Pvt. Ltd.,False
"PDT, Inc",False
Peacocks Medical Group Limited,False
"BioRegen Biomedical (Changzhou) Co., Ltd.",False
Bioskin LLC.,True
Biotech Dental Smilers SAS,False
Bitmos GmbH,True
Black Tie Medical Inc. DBA Tulip Medical Products,False
"Bliss Health Products Co., Ltd.",True
Blue Spark Technologies,False
Boehringer Ingelheim Pharma GmbH & Co. KG,False
Bomtech Electronics Co. Ltd,False
BOSS Instruments Ltd,False
"Boston Scientific Cardiac Diagnostics Technologies, Inc.",False
"Bradacare (XiaMen) Health Technology Co.,LTD",True
Bredamed BV,False
bredent GmbH & Co.KG,False
Brivant Limited T/A Lake Region Medical,False
Brock University,False
Bucher Leichtbau AG,False
Buddy Healthcare Oy Ltd,False
Bürki inno med AG,True
C J Packford (Optician) Limited,False
PolarSeal Tapes and Conversions Ltd,False
Biopsybell S.R.L,False
Peak Medical Limited,False
Pearl Dental Ceramics Ltd,False
Caire Inc.,True
"Caliber Imaging and Diagnostics, Inc.",False
Camp Scandinavia AB,True
Cancer Diagnostics INC,False
"CapitalBio Technology (Chengdu) Co., Ltd.",False
CARDIOFOCUS INC,True
Care Diagnostica Produktions- und Vertriebsgesellschaft m.b.H.,False
"CareMax Co., Ltd.",False
Carnamedica Sp z o o,False
"Cascade Dafo, Inc",True
CAVEX Holland BV,True
CDM Center of Excellence Ltd.,True
CDM Center of Excellence Ltd.,True
CDU,False
Cecil Amey Opticians,False
CEDAR DENTAL LABORATORIES LTD,False
Cedarlane Corporation,True
Cedars-Sinai Medical Center,False
Cedic srl,True
Ceek Women's Health,False
CEFALY Technology,True
"C.R. Bard, Inc.",False
C.S.O srl,False
"Pearl Diagnostics, Inc.",False
Pearl Technology AG,False
Celf Creative Limited,False
Cell Marque Corporation,True
Cepheid AB,True
Ceramic Designs Laboratory LLP,False
Ceramic Studios Premier LTD,False
Ceramisys Ltd,False
"Changshu Wilson Medical Devices Co., Ltd.",False
"Changzhou Tongchuang Medical Instrument Technology Co., Ltd.",True
"Changzhou Zhengyuan Medical Technology Co.,Ltd.",False
"Chembio Diagnostic Systems, Inc",False
Chemische Fabrik Dr. Weigert GmbH & Co. KG,True
Chengdu Cryo-Push Medical Technology Co Ltd,False
"Chengdu IXING Biotechnology Co., Ltd.",False
"Chengdu Mechan Electronic Technology Co., Ltd.",True
"Chengdu Mediate Technology Co., Ltd",True
"Chengdu Xinjin Shifeng Medical Apparatus & Instrument Co., Ltd.",False
Cherry Dental Design Ltd,False
Cheshire Denture Clinic,False
"Chesterfield Dental Laboratories,",False
Chesterfield Royal Hospital,False
CHETAN MEDITECH PVT LTD,False
Chiaro Technology Ltd,True
Amity Limited,False
Cegedim Rx Ltd,False
Pearl White Dental Laboratory,False
"Pearl, Inc.",False
"Chongqing Jinshan Science& Technology (Group) Co., Ltd.",False
"Christie Medical Holdings, Inc",True
Chromsystems Instruments and Chemicals GmbH,False
Circassia AB,False
Clarius Mobile Health Corp,True
"Clinical Innovations, LLC.",True
Clinomic Medical GmbH,True
Coates and Grute Optometrists Ltd,False
"College Park Industries, Inc.",True
Collison Retail Limited,False
Colonic Machines LLP,False
Communication and Power Industries Canada,False
Confident Orthodontics Ltd,False
Conlett Technology Inc,False
Cookson Precious Metals Ltd,False
Cooper Lyne Optics (Higham) Ltd t/a Higham Eye Care,False
"CorDx, Inc.",True
CoreMedTech ApS,True
"CORITON INSTRUMENT CO., LTD.",True
Cosmo Technologies Ltd,True
Cotronic Technology Ltd,True
Creation Laboratory Ltd,False
Pearldent Dental Practice,False
CHITOGEL LIMITED,True
PEARLYGLOW INNOVATIONS LTD,False
Pearmine Health Ltd,False
Crosstex International Inc.,False
Crown 24 UK Ltd,False
"Cubelabs, Inc.",False
Cuviva AB,False
"Cytek Biosciences, Inc.",False
D-SAM International,True
"Daiya Industry Co., Ltd.",False
Daniel Winston Limited,False
"Dansu-China Health Care Co., Ltd.",False
Data Innovations LLC,False
Datt Mediproducts PVT. LTD.,False
DEAS Srl,False
Deben Diagnostics Ltd,False
Deloris Private Limited,False
dent a pharm Produktionsgesellschaft mbH,False
Dental Beauty Bow Ltd,False
Dental Beauty Bromley Limited,False
Dental Manufacturing S.p.A,True
Dentatus AB,True
"Dentsply LLC, trading as DENTSPLY Caulk",False
DERM TECH France,True
Dermaroller GmbH,True
"Peek Health, S.A.",False
Cross Vetpharm Group UK Ltd (T/A Bimeda),False
Peek Vision Limited,False
PEEL AND GUDGIN LTD,False
DiaSys Diagnostic Systems GmbH,True
Dilon Technologies,False
Direct Healthcare Group Sverige AB,True
Disposable Cubicle Curtains Ltd T/A Hygenica,False
Distributed Medical AB,True
DIXI Medical,True
DMV Corporation,True
Dongguan Aidisy Machinery & Electronic Equipment Co. Ltd,False
"Dongguan Lingxin Technology Co., Ltd.",False
"DongGuan LinSky Medical Device Technology Co., Ltd.",False
"Double Care Medical Technology Co., Ltd",False
Dr Rez dental,False
Dr. Arabin GmbH & Co. KG,False
Dr. August Wolff GmbH  & Co. KG,False
Dr. Fenyves und Gut Deutschland GmbH,True
DR. FRANZ KÖHLER CHEMIE GMBH,True
Dr. Frigz International (PVT) Ltd.,True
Dr. Gerhard Mann chem.-pharm. Fabrik GmbH,True
Dr. Jean Bausch GmbH & Co. KG,True
Dr. Kleine Pharma GmbH,False
Dr. Langer Medical GmbH,True
Pegasus Med Ltd,False
"Diagnostic Grifols, S.A.",True
Pegavision Corporation,True
Peili Vision Oy,True
"Dymedix Diagnostics, Inc",False
"e-LinkCare Meditech Co., Ltd.",False
East Lancashire Hospitals NHS Trust,False
East Sussex Healthcare NHS Trust,False
Echosens,True
Eckart Klobe,False
Edward and Mark Coppen T/A St Oswald's Dental,False
"Egg Medical, Incorporated",False
EKDANT LIMITED T/A NEW OCTAVIA DENTAL SURGERY,False
"Eko Health, Inc.",False
Elektronika i Elektromedycyna M.Lewandowski Sp.J.,True
Eli Lilly and Company_ Pharmaceutical Delivery Systems,False
Eltech srl,False
EMS Handels Gessellschaft m.b.H.,False
Enable Aid Limited,False
Enable Design Ltd,False
ENABLE INNOVATIONS s.r.l.,False
EnamelX,False
Encore Medical L.P.,False
Endeavour Predict Ltd,False
Endo Tools Therapeutics S.A.,False
ENDO-FLEX GmbH,True
Endocarts International Limited,False
"EndoClot Plus Co., Ltd.",False
Duearity AB,False
Pelican Healthcare Ltd,True
Pelvipro,False
"EndyMed Medical Ltd.,",False
"eNeura, Inc",True
ENTPROMED SAĞLIK ÜRÜNLERİ SAN. VE TİC. A.Ş.,True
"Epic International (Thailand) Co., Ltd.",True
EPIX Therapeutics Inc.,False
Epsilon,False
Eschenbach Optik GmbH,False
Essilor International,True
Establishment Labs S.A.,False
ESTS (GB) Ltd,False
Etac Immedia A/S,True
European Orthopaedic Centre,False
EVER CROWN TRADING (HK) LIMITED,False
EVERSENS S.L.,False
"Everyway Medical Instruments Co., Ltd.",False
Eximo Medical Ltd.,False
Extremity Medical LLC,False
Eyeonic Pty Ltd,False
EzyAs ABC stocking applicator company,False
F.H INDUSTRIE,False
PEMAX Kunststoff GmbH,False
Endocon GmbH,True
Penarth Dental Laboratory,False
Pencoed Dental Laboratory,False
"FEEL TECH BIO Co., Ltd.",False
Ferring Pharmaceuticals A/S,True
Finetech Medical Limited,False
FIOCCHETTI SCIENTIFIC S.R.L.,False
FKG Dentaire Sàrl,False
FLAEM NUOVA S.p.A,False
Fogless International AB,True
Footmender AB,False
Fosanis GmbH,True
"Foshan Gaunying Electronics Co., Ltd.",True
"Foshan Vohom Technology Co., Ltd.",True
Fresenius Kabi AG,True
"Fudakang Industrial Co.,Ltd",False
"Fujian Kang Chen Daily Necessities Co., Ltd.",False
"Full Vision, Inc",True
"Fussen Technology Co.,Ltd.",False
G and H Wire Company,False
G SHAW AND SONS LTD,False
G-V LLC DBA ANJON,False
"Gambro UF Solutions, Inc. trading as Baxter Plymouth Research Centre",False
PendraCare International BV,False
FareTec Inc,True
Penlan Healthcare Limited,False
PENLON LIMITED,False
"GE OEC Medical Systems, Inc",True
"Genadyne Biotechnologies, Inc.",False
General Medical Merate S.p.A.,True
"GENORAY Co., Ltd.",True
Geotek Medikal ve Saglik Hiz. Tic. San. Ltd. Sti,False
Geratherm Medical AG,False
Geratherm Respiratory GmbH,True
GERGONNE INDUSTRIE,True
German Medical Technology (Beijing) Co. Ltd.,False
Germitec,False
GERMO S.p.A.,False
Gestenco International AB,True
Gethin Jones T/A Moorside Dental Practice,False
Getinge Disinfection AB.,False
Glaukos Corporation,True
Glisten Dental Technology Ltd,False
GluStitch Inc.,True
Glycar S.A,False
Good-Lite Corporation,False
GrandVision Supply Chain B.V.,True
PENTA ARZNEIMITTEL GmbH,True
GCMEDICA ENTERPRISE LTD.(WUXI),True
PentaBase A/S,True
PENTAFERTE ITALIA s.r.l.,False
"Guangdong JINME Medical Technology Co., Ltd.",True
"Guangzhou Deaou Bio-technology Co., Ltd.",False
"Guangzhou Longest Medical Technology Co., Ltd.",True
Guilin Refine Medical Instrument Co Ltd,False
"Guilin Yikeshi Medical Instrument Co., Ltd.",True
H Robotics Inc.,False
h/p/cosmos sports and medical gmbh,False
Haemopharm Biofluids S.r.l.,False
Hager & Meisinger GmbH,True
Hamilton Thorne Inc,False
Hampton Surgical Industries,False
HANGZHOU FUYANG HONGWEI METAL PRODUCT LIMITED COMPANY,True
"Hangzhou Genesis Biodetection and Biocontrol Co., Ltd.",False
"Hangzhou Headway Medical Equipment Co., Ltd.",False
"Hangzhou Hengsheng Medical Technology Co.,Ltd.",False
"HANGZHOU SHUJIE HYGIENE PRODUCTS CO., LTD",False
"Hangzhou Sino-Europe Biomedical Science Park Co., Ltd.",True
"Hanson Medical, Inc",False
ICU Medical  Australia Pty Limited,False
"GRI Medical & Electronic Technology Co., Ltd",True
Pentapharm AG,True
"PENTAX of the Americas, Inc.",False
Health Equipment Denmark Aps,False
"HEALTH PLUS (SHANGHAI) INTERNATIONAL CO., LTD.",False
HeartSine Technologies Ltd,True
"Heartway Medical Products Co., Ltd.",False
Helioscopie,True
Hemonart Medikal Sistemler San. Tic. A.Ş,False
"Hetaida Technology Co., Ltd.",False
Hinze Optoengineering GmbH & Co. KG,False
Histon Dental Clinic,False
HISURGICO,False
"Hologic, Inc.",False
Hospidex SAS,False
"Hu-Friedy Mfg. Co.,LLC",False
"Huaian Tianda Medical Instruments Co., Ltd.",True
"Huizhou Videya Technology Co., Ltd.",False
"Hunan Runmei Gene Technology Co., Ltd.",True
"Hunan Triplex Precision Medical Devices Co., Ltd.",True
HYPNO VR SAS,True
"I-Ming Sanitary Materials Co., Ltd.",False
Ian Hammerton Private Prosthetics Dental Laboratory,False
Hartwell Medical LLC,True
Pentax UK Ltd,False
"Penumbra, Inc.",False
A C Cossor & Son (Surgical) Ltd,False
Accucise Diagnostics Inc.,False
"Accutron, Inc.",False
Advanced Molecular Diagnostics LTD.,False
Advanced Ophthalmic Innovations Pte. Ltd.,True
Advanced Ophthalmic Systems Limited,False
Advanced Oral Care Ltd,False
"Advanced Sterilization Products, Inc.",True
Advanced Vascular Dynamics,False
Advanced Vehicle Concepts Limited,False
AdvancedCPR Solutions® LLC,False
AirLife Finland Oy,False
"ALCARE Co., Ltd.",False
Align Technology Inc.,True
Alimed Inc.,False
Alimetry Ltd.,True
AliveCor Inc.,False
AliveDx Suisse SA,False
All Care Dental Laboratory,False
Altomed Ltd,False
Alton (Shanghai) Medical Instruments Company Limited,False
altona Diagnostics GmbH,True
Altris Inc.,False
Amann Girrbach AG,True
Amanta Healthcare Ltd.,False
"PeopleBio, Inc.",False
Pepper medical,False
AMAZIAH LTD,False
Ambridge Ceramics,False
Ambroise Holland B.V.,True
Ambry Genetics,False
Ambu A/S,True
AMC Pharma Ltd,False
AMD Medicom Inc.,False
Amdecc Ltd,False
Amedtec Medizintechnik Aue GmbH,True
Amenity Health Inc,False
American Diagnostic Corporation,True
American Orthodontics Corp,False
American Safety Power Tool PVT Ltd,True
American Surgical Company,False
American Well Corporation Limited Ireland,False
Amery House Dental Practice,False
Ames Medical Prosthetic Soulutions SAU,False
amg International GmbH,False
AMI INC.,True
AMI Italia S.r.l,False
AMI Medical Ltd,False
Amico Mobility Solutions Corp,True
Amimon Inc.,False
amin dental,False
"AMITOFO CO., LIMITED",False
Peptonic Medical AB,False
Peptonic Medical Israel Ltd,False
Amman Pharmaceutical Industries Company,False
"Ammex-Weida (Hubei) Health and Safety Products Co., Ltd",False
AMO Groningen B.V.,False
AMO Ireland,True
"AMO Manufacturing USA, LLC.",True
AMO Uppsala AB,True
Amoena Medizin-Orthopädie-Technik GmbH,False
Appasamy Ocular Devices (P) Ltd,True
"Ataraxis Medical Supply Co., Ltd.",False
"Auckland Medical Polymer (Tianjin) Co., Ltd.",False
"Avalign Technologies, Inc.",False
Avantsonic Technology Co. Ltd,False
"AVINENT IMPLANT SYSTEM, S.L.U.",True
BDC Dental Corporation Ltd.,False
"Beijing Choice Electronic Technology Co., Ltd.",True
"Beijing OriginPoly Bio-Tec Co., Ltd.",False
"Beijing OriginPoly Bio-Tec Co., Ltd.",False
"Beijing Ruicheng Medical Supplies Co., Ltd",True
"Beijing Sappho Technology Co., Ltd.",False
"Beijing Sincoheren Science and Technology Development Co., Ltd.",True
Perceive International,False
"Beijing Smart Technology Co.,Ltd",False
"Beijing Stelle Laser Technology Co.,Ltd.",False
"Beijing Taijieweiye Technology Co., Ltd.",False
Beijing taktvoll technology co. ltd,False
Beijing Unidiag Technology Inc.,False
"Beijing Wanliandaxinke Instruments Co.,Ltd,",False
"Beijing Zhongyan Taihe Medical Instrument Co., Ltd",False
Belimed AG,False
Belkin Vision Ltd,True
Bellamy Eyecare,False
Bellamy Eyecare (Irthlingborough),False
Bellco S.r.l.,True
Belle Vue Dental Laboratory,False
BELLINGER A/S,False
Bellman & Symfon Group AB,False
Belmont Dental Lab,False
Biomet Sports Medicine,False
"Bluegrass Vascular Technologies, Inc.,",False
BRUMABA GmbH & Co.KG,False
C.B.M. s.r.l. Medical Equipment,False
Careplus (M) Sdn Bhd,True
Cattani S.p.A,False
Cavagna Group SpA,False
Diva Smile,False
Percussionaire Corporation,False
"Peregrine Surgical, LLC",False
"CG Bio CO., Ltd.",True
"Chien Ti Enterprise Co., Ltd.,",False
"Clark Laboratories, INC., dba Trinity Biotech USA",False
"Conant Optics (Jiangsu) Co., Ltd.",False
Cosmed Srl,True
"Cosmedent, Inc.",False
"Creative Biosciences (Guangzhou) Co., Ltd.",True
DEBx Medical BV,True
"Dental Engineering Laboratories, LLC Trading as `Plan B Dental`",False
Dentsply Industria e Comercio Ltda.,False
DESU MEDİKAL ÜRÜNLERİ VE TIBBİ CİHAZLAR SAN. VE TİC A.Ş,False
Devroye Instruments SRL,False
DiaSorin Inc.,False
"DiaTrust Medical Co., Ltd.",True
Dignitana AB,True
Dignity Care Network,False
Digostics Ltd,True
Dilon Medical Technologies Ltd.,False
"DINA-HITEX, spol. s r.o.",False
Ding Yuan Dental Lab Ltd,False
DIO Corporation,True
Diomed Developments Ltd,True
Perfect 32,False
Perfection Plus Ltd,True
"Diversatek Healthcare, Inc",False
Diversey Europe Operations B.V.,True
Diversey Ltd,False
Divine Dentures Limited,False
DJ Ceramics and Denture Studio,False
DJM dental laboratory ltd,False
DJO France SAS,False
"DJO, LLC",False
DLAB Scientific Company Ltd,False
DLS MEDICAL,False
DM Dental Laboratory Ltd,False
DM Orthotics ltd,False
DName-iT Holdings Limited,False
DNH Digital Guides Services Limited,False
DO-ALL Corp.,False
Do.Tobell S.r.l,False
"DOC Brands, Inc",False
Dr. Mach GmbH & Co KG,False
Dragerwerk AG & Co. KGaA,False
East End Orthodontics,False
"EndoClot Plus, Inc.",True
F.L. MEDICAL s.r.l. Unipersonale,True
FAMED Żywiec Sp. z o.o.,True
FAMICA INTERNATIONAL CO. LTD.,True
"Famidoc Technology Co., Ltd.",True
FEELLIFE HEALTH INC.,True
Performance Health Int,False
Performance Health Supply LLC,False
Pergo Medikal ve Ilac Sanayi A.S.,True
"Genetron Health (Beijing) Co., Ltd.",False
Gerium Medical Ltd.,True
Glenbio Ltd.,True
Graphic Controls Acquisition Corp d.b.a. Nissha Medical Technologies,False
"Grifols Diagnostic Solutions, Inc",False
Haleon Medical Devices,True
Hart Biologicals Ltd,False
"Heng Rong (Xiamen) Plastic Products Co., Ltd.",False
"Hengshui Gangsheng Medical Instruments Co., Ltd.",True
hill opticians limited,False
Hill-Rom S.A.S.,True
Hill-Rom Services Private Ltd.,False
"Hill-Rom, Inc.",False
Hilotherm GmbH,True
HiMedia Laboratories Private Ltd.,False
Himedico LTD,False
Hinckley V E Limited,False
Hindhead Dental Laboratory,False
HL Healthcare Ltd,True
HLW Dentalinstruments GmbH,True
HMC Premedical S.p.A,False
HMP Enterprises Inc,False
HMT Medizintechnik GmbH,True
PostopQRS Ltd,False
Perimed AB,False
Perimom Ltd,False
Abbott Laboratories Diagnostics Division,False
"Airflo (Xiamen) Medical Co., Ltd.",True
AIRS Medical Inc.,True
Airsonett UK Ltd,False
"AirStrip Technologies, Inc",True
Aiste Bliudziute,False
AIT Austrian Institute of Technology GmbH,False
AITCH DENTAL LABORATORY,False
AIVF Ltd,True
AJ IMPLANT AND PROSTHETICS DENTAL LAB LTD,False
Amar Chidipothu,False
AMBULANC (SHENZHEN) TECH. CO. LTD.,False
AMLo Biosciences Limited,False
"Aplan Well Enterprise Co., Ltd.",False
"Beijing Sincoheren Science and Technology Development Co., Ltd.",True
Bioventus LLC,False
Braingaze SL,False
Hobby Casuals Ltd,False
"Hocer (Tianjin) Medical Technologies Co., Ltd.",False
Hocoma AG,True
HONG SENG GLOVES SDN. BHD.,False
Hovertech International,True
Ideal Living LLC,False
Perinatal Institute,False
Brainlab AG,True
Brainlab Ltd.,True
Brainomix Limited,False
BrainPortfolio Inc.,False
Brainscan S.A.,False
BrainsWay Ltd,False
Bramley Dental Ceramics Limited,False
Brammar & Walker Ocularists Limited,False
BRAND GMBH + CO KG,False
Brandon Medical Company Limited,False
"Brasseler USA Medical, LLC",False
Cefla s.c.,False
Cerium Visual Technologies Ltd,False
CerTest Biotec S.L,False
"Citotest Labware Manufacturing Co., Ltd.",False
Curasept S.p.A,False
CurveBeam AI,True
Diversatek Healthcare,True
Dorset County Hospital,False
elm-plastic GmbH,False
ELOS Medtech Pinol A/S,True
Emotion fitness GmbH & Co.KG,False
Ethos Evacuation Strategies LLC.  (Ethos Preparedness -Medsled),False
Fortress Diagnostics Ltd,False
FORTUNA HEALTHCARE LIMITED,False
Forum Brands LLC,False
"Gansu Constar Technology Group Co., Ltd.",True
"Guangzhou RebornEndo Medical instrument Co,. Ltd.",False
Gunze Limited,False
Gustav Baehr GMBH,False
"HOB Biotech Group Co., Ltd.",False
"Hunan Beyond Medical Technology Co., Ltd.",True
I.C. Dental Laboratory,False
"I.C. Medical, Inc.",False
"IDION MEDICAL CO.,LTD.",False
Ikerian AG,True
"iLine Microsystems, S.L.",False
"Illumina, Inc.",True
iLsa Diagnostic,False
iLumi Sciences Inc.,False
IM Med Ltd,True
Im Vitro,False
IMACTIS® SAS,False
image dental laboratory,False
IMAGE Information Systems Europe GmbH,True
Imaginable Ltd,False
Imagine Eyes,False
"Imaging Biometrics, LLC",True
Imaxeon Pty Ltd,True
"Imbio, LLC",False
IMDS OPERATIONS B.V.,False
iMDsoft Ltd.,True
imed Medical GmbH,False
"IMEDICOM Co., Ltd.",True
IMERA.AI Limited,False
IMMCO Diagnostics,False
Immedica Pharma AB,False
"Immucor GTI Diagnostics, Inc.",True
IMMUCOR Medizinische Diagnostik GmbH,True
"Immucor, Inc.",False
Immunalysis Corporation,True
Immundiagnostik AG,False
Immunexpress Inc.,False
Immunodiagnostic Systems France,True
Immunodiagnostic Systems Limited,True
Immunodiagnostic Systems S.A.,False
ImmunoIVD AB,True
ImmunoServ Ltd,False
Immunostics Inc.,False
Immunotech S.A.S.,False
Immunotech s.r.o,False
"IMMY MDx, Ltd.",False
"IMMY, Inc.",False
"ImPACT Applications, Inc.",True
ImpediMed Limited,True
Imperial Dental Studio Ltd,False
Imperial Smiles ltd,False
Impeto Medical,True
Implanet,True
implant and ceramic centre ltd,False
Implant Design Solutions,False
"IMPLANT PROTESIS DENTAL 2004, S.L",False
Implant Restorations Ltd,False
Implant Solutions Pty Ltd. (T/A Osteon Medical),False
implantcast GmbH,True
Implantech Associates,False
Implantica CE Reflux Ltd,False
Implatek Saglik Ürünleri San. ve Tic. Ltd. Sti.,False
"ImplicitCare, LLC",False
Implicity,True
Impo International Limited,False
Impression Dental Laboratory Ltd,False
Impressions Dental Laboratories Ltd,False
Impressions Dental Laboratory Ltd,False
"IMPROVING MOBILITY DEVELOPMENT, S.L.",False
IMS Giotto S.P.A.,False
Imspex Diagnostics Ltd,False
IMULAB,False
Imusyn GmbH & Co.KG,False
Imutest Limited,False
In Retention,False
In-Align Orthodontic Ltd,False
IN’SURG,False
In2Bones SAS,True
In2Bones USA,False
Inagene Diagnostics Inc.,False
"Inami & Co., Ltd.",False
Inari Medical,False
Inavya Ventures Ltd,False
"InBody Co., Ltd.",True
Inceler medical ltd,False
INCEPTION OPTICS LTD,False
Incereb Ltd,True
İnci Dental Tıbbi Malz.San.ve Tic.Ltd.Sti.,False
Incidental Limited,False
Incipio Devices,False
Incipio Devices SA,True
"Incisive Surgical, Inc.",False
Incontinence Shop,False
"Incrediwear Holdings, Inc.",True
Incus Surgical Ltd,False
Incydental Ltd,False
Independence Products Ltd,False
INDIANA OPHTHALMICS LLP,False
"INDIBA, S.A.U.",False
Indica Labs,True
Indizen Optical Technologies S.L.U.,False
Indlovu Healthcare Limited,False
Indus Medicare Private Limited,True
Industree Group Pty Ltd,False
Industria Farmaceutica Galenica Senese S.r.l.,False
Industrial Farmaceutica Cantabria S.A.,False
Industrias Hidraulicas Pardo. S.L,False
Industrie Biomediche Insubri SA,False
INEX Innovate Pte Ltd,False
"Infermedica Sp. z o.o.,",False
"Infervision Medical Technology Co., Ltd",True
Infinite Biomedical Technologies,True
"INFINITT Healthcare Co., Ltd.",True
Infinity Dental Lab Ltd.,False
Infinity Eyecare Ltd,False
Infinity Neuro LLC,True
"Infivision Medical Imaging Technology Co., Ltd.",True
"Infivision Medical Imaging Technology Co., Ltd.",True
INFOHEALTH LTD,False
INFOMED FLUIDS S.r.l.,True
Infomed SA,True
"Infomed Software, S.L.",False
Informatica Systems Ltd,False
Infrared Laboratory Systems LLC,False
"Infraredx, Inc.",False
Infumed GmbH,False
"ING Source, LLC",True
Ingenion Medical Ltd,False
Ingleby house dental practice,False
Inhealthcare Ltd,False
inHEART,True
Inland UK Ltd,False
INMED S.A.,False
InMode Ltd,True
"InnaK Diagnostics, Inc.",False
INNATE S.r.l.,True
INNERSIGHTLABS LTD,False
"InnFocus, Inc.",True
Inno-train Diagnostik GmbH,True
Innolatex (Thailand) Limited,True
"Innolcon Medical Technology (Suzhou) Co., Ltd.",False
Innomed Inc.,False
Innominata dba GenBio,False
Innoprick S.L.,True
InnoScot Health Limited,False
INNOTERE GmbH,True
Innova Vision Inc.,False
Innovaciones Disras S.L.,False
Innovacon Inc,False
Innovant Healthcare Limited,False
Innovate Dental Laboratory Limited,False
Innovate Orthopaedics Ltd,False
Innovative BioCeramix Inc.,False
Innovative Design Orthopaedics Limited,False
Innovative Health Sciences EU Inc.,False
Innovative Health Technologies (NZ) Ltd,False
"Innovative Material and Devices, Inc.",True
Innovative Oral Care Ltd,False
Innovative Tomography Products GmbH,False
Innovative Trauma Care Inc.,False
Innovel Ltd,True
Innoventa Medica A/S,False
Innovere Medical Inc.,True
"INNOVEX MEDICAL CO., LTD.",True
Innovgas Pty Ltd,False
Innvol Medical India Limited,True
Inocer Ltd,False
"Inogen, Inc.",False
inomed Medizintechnik GmbH,True
inomed neurocare limited,False
Inotec AMD LTD,True
INOVA Diagnostics,False
"Inovo, Inc.",True
Inovytec Medical Solutions Ltd.,True
Inpeco SA,True
InQpharm Consumer Health GmbH,False
InQpharm Consumer Health Ltd.,False
Insight Lifetech Co Ltd,False
Insight Medical Products Ltd,False
Insight Opticians,False
"Insight Rx, Inc.",False
Insight Surgical,False
Insightec Ltd,False
Insignia Medical Systems Ltd,True
Insollz Ltd,False
Inspecs Ltd,True
Inspiration Healthcare Limited,False
"Inspire Medical Systems, Inc.",False
Inspired Dental Laboratory Ltd,False
InspireMD Ltd.,True
INSTITUT DE BIOTECHNOLOGIES JACQUES BOY,True
INVACARE UK OPERATIONS LIMITED,False
Institut Georges Lopez (IGL),False
Institut Straumann AG,True
"Instituto Tecnológico de Canarias, S.A.",False
Instrumentation Difra SA,False
Instrumentation Laboratory Co,False
Instrumentation Laboratory SpA,True
Insulet Corporation,True
Int2med ltd,False
Intact Vascular Inc,False
Intco Medical (HK) Co Ltd,False
"InTec Products, Inc.,",False
Integra International AS,False
Integra LifeSciences (Ireland) Ltd,True
Integra LifeSciences Corporation,True
Integra LifeSciences Corporation,True
Integra LifeSciences Production Corporation,True
Integra LifeSciences Switzerland Sarl,True
Integra MicroFrance SAS,False
Integra Neurosciences Implants (France) S.A.S,False
Integra Neurosciences Limited,False
Integra Pain Management,False
"Integral Medical Products Co., Ltd.",True
Integrated Endoscopy Inc.,False
INTEGRATED LENS TECHNOLOGY,True
IQ MEDICAL,False
Integration Diagnostics Sweden AB,False
Integrity Implants Inc.,False
Integrity Mobility Solutions Ltd.,False
Integrum AB,True
Intelerad Holdings USA Ltd,False
Intelerad Medical Systems Incorporated,True
Intelex Group (UK) Limited,False
INTELLIGENCE ARTIFICIELLE APPLICATIONS – I2A,False
Intelligent Dental Solutions Laboratory Ltd,False
Intelligent Endoscopy LLC,False
Intelligent System Co. Ltd.,False
Intelligent Ultrasound Limited,True
"Intelon Optics, Inc",False
Intensiv Medical Products IMPROMEDIFORM GmbH,True
Intensiv SA,True
"Inter-Med, Inc.",True
Interacoustics A/S,True
INTERDENT d.o.o.,False
Interlinked AB,False
Intermark Medical Innovations Ltd,False
Intermark Medical innovations Ltd,False
INTERMEDIC ARFRAN S.A.,False
INTERMEDT Medizin & Technik GmbH,False
"International Biomedical, Ltd",False
International Glazing Services Ltd,False
International Isotopes Inc.,True
"International Medical Industries, Inc.",False
International Medical Research Pty Ltd,False
Interneuron CIC,False
Interpod Pty Ltd,True
"Interrad Medical, Inc.",True
"INTERSCOPE, INC",False
Intersect ENT,False
Interster International B.V.,True
Intersurgical Ltd,True
Intersurgical SpA,True
InterSystems,False
Interton A/S,False
INTERVASCULAR SAS,True
Interweave Textiles Limited,False
Intigena GmbH & Co.KG,True
"IntoCare Medical Technology (SuZhou) Co, Ltd.",False
intra special catheters GmbH,True
Intracell Medical UK Limited,False
"Intradin (Shanghai) Machinery Co., Ltd",True
Intrasign Ltd,False
"IntroMedic Co., Ltd.",False
Intuitive Surgical Inc,False
Inuvi Diagnostics Limited,False
Invacare France Operations SAS,True
Invacare GmbH,True
Invacare Portugal,False
Invacare Rea AB,False
Invatec SpA,False
"Invenio Imaging, Inc.",False
Invent Medic Sweden AB,True
Inventis S.r.l,False
Inverness Dental Laboratory,False
"INVIA, LLC",False
Invictus Global Limited,False
INVIDIA Medical GmbH & Co. KG,True
inVita intelligence Care Solutions Limited,False
inVita intelligence Care Solutions Limited,False
Invivo Corporation,False
Invivo Corporation,False
"Invivo, a division of Philips Medical Systems",True
"Invivoscribe, Inc",False
Invotec,False
"INYECCION ARTICULOS LABORATORIO, S.L.",False
IO Mullens (Stockton) Limited,False
IO Spurretts Limited,False
IOLLA  GROUP Ltd,False
IOLUTION GmbH,False
Ion Beam Application S.A.,False
IOPI Medical LLC,False
IP3 services limited,False
iPlato Healthcare Ltd,False
iPrescribe Exercise Digital Limited,False
IProdens GmbH,False
IPS Converters ltd,False
IQ Endoscopes Limited,False
iQ HealthTech,False
IQ Messenger BV,False
IQ Products B.V.,False
IRADIMED CORPORATION,False
"iRay Technology Co., Ltd.",False
"iRhythm Technologies, Inc",False
Irida Health,False
Iridex Corporation,True
Iris eye care limited,False
IROMED GROUP S.r.l,False
iRT Systems GmbH,True
"Irufa Industrial Group CO.,LTD",False
Irvine Biomedical Inc. a St. Jude Medical Company,False
Isabel brenkley,False
Isakssons Gummifabrik AB,True
Isansys Lifecare Ltd,True
"iSchemaView, Inc.",False
ISDIN SA,False
ISFY INTERNATIONAL pvt.,False
ISFY Ltd,False
ISKO KOCH GmbH,False
Iskra Medical d.o.o.,False
Island Polymer Industries GmbH,True
Islay and Jura Dental Practice,False
Isle of Wight NHS Trust,False
"IsoAid, LLC",False
ISOL8 Healthcare Ltd,True
IsoLab Limited,False
iSTAR Medical SA,True
Istem Medikal Tıbbi Cihaz ve Sanayi Ticaret LtI,False
iSYS Medizintechnik GmbH,True
IT Dr. Gambert GmbH,False
IT-V Medizintechnik GmBH,False
It's You Babe LLC,False
ItalDent,False
Italdevice Srl,False
Italfarmacia SRL,False
Italres S.r.l,False
Itamar Medical Ltd.,True
ITD GmbH,True
ITEC MANUFACTURING LLC,False
Itecho Health Limited,False
Itémedical B.V.,False
ITH icoserve technology for healthcare GmbH,False
ITH Pharma Ltd,False
iThera Medical GmbH,True
ITL Asia Pacific Sdn. Bhd.,True
ITM S/A - Industria de Tecnologias Medicas,False
ITO co ltd,False
iTs Designs Ltd,False
"IUL, SA",False
"Ivantis, Inc.",True
IVD Research Inc.,False
Iveneer Ltd,True
IVF 2.0 Limited,True
IVF HARTMANN AG,False
IVKO GmbH,True
Ivoclar Vivadent AG,True
"Ivoclar Vivadent Inc,",False
Ivor Shaw Limited,True
Ivory Dental Care,False
Ivory Graft Ltd,False
"ivWatch, LLC",True
"Ivy Biomedical Systems, Inc",True
IWBA Ltd,False
"iWEECARE Co., Ltd.",False
IZI Medical Products,True
IZIPIZI,True
J & D TECH INC,False
J & J Instruments LLC,False
J & S Evans Denture Lab Ltd,False
J C Haynes Prosthetics,False
J D Denture Clinic & Laboratory,False
J D WATSON (LABORATORY) LTD,False
J Donno Dental Laboratory Ltd,False
J H Orsing AB,False
J J Thompson Ltd,False
j m daniels dental services,False
J P Rose Dental Laboratory,False
J P S Dental Laboratory,False
J W Tafft Orthodontics Ltd,False
J-World,False
J. MORITA MFG. CORP.,False
J. N. Eberle Federnfabrik GmbH,False
j. söllner AG,False
J.A. Hutchinson Ltd,False
J.M. Crown and Bridge,False
J.M.S Dental Laboratory,False
J.R Davies Dental Laboratory,False
J.S.Dental Ceramics,False
J.T. Hemming Dental Laboratories.,False
J&D Dental Laboratory,False
J&J CERAMICS LAB LTD,False
J&J Instruments,False
J&J Southbourne Ltd t/a Julian May Opticians,False
J&PAE Ltd,False
J&R DENTAL,False
J&S Davis Limited,False
Jablotron Alarms a.s,False
Jack Allen Contact Lenses,False
JACK BROWN LIMITED,False
Jackson & Co Eye Care (Berkhamsted) Ltd,False
Jackson & Co Eye Care (New Romney) Ltd,False
Jackson & Co Eye Care (Walters Ash) Ltd,False
Jade Euro Med,False
JADRAN-GALENSKI LABOLATORIJ dd,False
"Jafron Biomedical Co., Ltd.",True
Jai Surgicals Limited,True
JAMES ALAN HUNTER.,False
James Cook University Hospital (Audiology Department),False
James G Mathias,False
James Leckey Design Ltd,True
James Rimmer Dental Ceramics,False
Jamie Pugh Dental Healthcare Ltd,False
Jamie Ralston,False
Jamjoom Fullcare Corporation,False
"Jan Mao Industries Co., Ltd.",True
Jansen Medicars B.V.,False
KASK S.p.a.,False
Janssen Pharmaceutica NV,False
Jarden-Galenski Labolatorij d.d,False
Javelo Health,False
JB Cosmetic Dentures Ltd,False
JB Denture Clinic (Bath) Ltd,False
JB Dentures Ltd,False
JCM CHROME  COBALT  LABORATORY LTD,False
JDentalCare Srl,False
JDI Electronics Factory,True
JE-Medic i Gavle AB,False
JEB Technologies Limited,False
Jeenie Solutions Ltd,False
Jei Daniel (JD) Biotech Corp.,True
Jeisys Medical Inc,True
JeNaCell GmbH,True
JenaValve Technology Inc.,False
Jenx Limited,False
"JERRY MEDICAL INSTRUMENT (SHANGHAI) CO., LTD",True
"Jessop Precision Products, Inc, (Trading as The Suremark Company)",False
"JETEMA Co., Ltd",True
"JETEMA Co., Ltd.",True
JFA MEDICAL LTD,False
JFG CARE LIMITED,False
"Jianerkang Medical Co., Ltd.",True
"Jiangmen Dacheng Medical Equipment Co., Ltd.",True
"Jiangmen Jia Mei Medical Products Co., Ltd.",False
"Jiangsu Accuracy Biotechnology Co., Ltd.",False
"JIANGSU AOBOSI MEDICAL TECHNOLOGY CO., LTD",True
"Jiangsu Ate Medical Technology Co.,Ltd.",False
"Jiangsu Bangbang Intelligent Technology Co., Ltd.",False
Jiangsu Bioperfectus Technologies Co Ltd,False
"Jiangsu Bytech Medical Supplies Co.,Ltd.",True
"Jiangsu Caina Medical Co., Ltd.",False
"JIANGSU CHANGFENG MEDICAL INDUSTRY CO.,LTD",False
"Jiangsu Changmei Medtech Co., Ltd.",False
"Jiangsu Cureguard Glove Co., Ltd.",True
"Jiangsu East Optics Co., Ltd.",False
"Jiangsu Embrace Science & Technology Development Co., Ltd.",False
"Jiangsu Excellence Medical Supplies Co., Ltd.",False
"Jiangsu Eyoung Medical Devices Co., Ltd.",False
"Jiangsu Grit Medical Technology Co., Ltd.",False
"Jiangsu Haize Medical Scientific Development Co., Ltd.",False
"Jiangsu Hanheng Medical Technology Co., Ltd.",True
Jiangsu Hanyao Medical Devices Co Ltd,False
"Jiangsu Hitec Medical Co., Ltd",False
"Jiangsu Hope Biomedical Science & Technology Co., Ltd.",False
"Jiangsu Huayuan Medical Technology Co.,Ltd.",False
"JIANGSU HUIDA MEDICAL INSTRUMENTS CO.,LTD",False
"Jiangsu HXRT MD Co.,Ltd",False
"Jiangsu IAWA Bioscience Engineering Co., Ltd.",True
"Jiangsu IAWA Bioscience Engineering Co., Ltd.",True
"Jiangsu iiLO Biotechnology Co., Ltd.",True
JIANGSU INTCO Medical Products CO. LTD,False
"Jiangsu JianYu Health Medical Co., Ltd.",True
"Jiangsu Jichun Medical Devices Co., Ltd",False
"Jiangsu Jiele Medical Dressing Co., Ltd.",False
"Jiangsu Jiyuan Medical Technology Co., Ltd",True
"Jiangsu Kangjin Medical Instrument Co., Ltd.",True
"Jiangsu Konsung Bio-Medical Science And Technology Co., Ltd.",False
"Jiangsu Maat Optical Technology Co., Ltd.",False
"JIANGSU MEDPLUS NON-WOVEN MANUFACTURER CO.,LTD.",False
Jiangsu Meilan Medical Devices Co.， Ltd.,False
"Jiangsu Micsafe Medical Technology Co., Ltd",True
"Jiangsu Mole Bioscience Co., Ltd.",True
"Jiangsu NewValue Medical Products Co., Ltd.",True
"Jiangsu Power-endo Medical Technology Co., Ltd.",True
"Jiangsu Reak Healthy Articles Co., Ltd",True
"Jiangsu Ripe Medical Instruments Technology Co., Ltd",False
"Jiangsu Rixin Medical Equipment Co., Ltd.",False
"Jiangsu Rongye Technology Co., Ltd.",True
"Jiangxi Rainbow Medical Products CO.,LTD.",False
"Jiangsu Saikang Medical Equipment Co., Ltd",False
"Jiangsu Swirl Medical Technology Co., LTD",False
"Jiangsu TaiMedical Technology Co., LTD.",False
"Jiangsu Tuyun Medical Technology Co., Ltd.",True
"Jiangsu Vedkang Medical Science and Technology Co., Ltd.",True
"Jiangsu Wanxin Optical Co., Ltd.",False
"Jiangsu Webest Medical Product Co., Ltd",False
"Jiangsu Weikang Jiejing Medical Apparatus Co., Ltd.",True
"JIANGSU YADA TECHNOLOGY GROUP CO., LTD",True
"Jiangsu Yanfang Medical Technology Co., Ltd.",False
"Jiangsu Yishun Medical Equipment Co.,Ltd.",False
"Jiangsu Yizheng Carepro Medical Instruments Co., Ltd",True
Jiangsu Yuyue Medical Equipment & Supply Co. Ltd,False
"Jiangxi AICARE Medical Technology Co., Ltd.",False
"Jiangxi BaoErAn BioMedical Science & Technology Co., Ltd.",False
Jiangxi Hongda Medical Equipment Group Ltd,False
Jiangxi Hongda Medical Equipment Group Ltd,False
Jiangxi Hongda Medical Equipment Group Ltd,False
Jiangxi Huali Medical Instrument Co Ltd,False
"JIANGXI JAYSUN MEDCARE CO., LTD.",True
"Jiangxi Kemei Medical Apparatus & Instruments Group Co., Ltd.",True
"Jiangxi Langhe Medical Instrument Co., Ltd.",True
"Jiangxi Zhonghong Pulin Medical Products Co., Ltd.",False
Jiangxi ZhuoRuiHua Medical Instrument Co Ltd,False
"Jiangxi ZhuoRuiHua Medical Instrument Co., Ltd.",False
"Jiangyin Huashi Medical Equipment Co., Ltd.",False
"Jiangyin Nanquan Macromolecule Product Co., Ltd.",True
"Jiaxing How Sport Medical Instrument Co., Ltd.",True
"Jiaxing Keying Intelligent Technology Co., Ltd.",False
"Jiaxing Xinyi Medical Equipment Co., Ltd",True
"Jilin Leading Bio-engineering Co., Ltd.",False
"Jilin Realcon Optical Technology Co., Ltd.",False
JIM Dental Laboratory Ltd,False
JIMY BROTHERS GROUP,False
"JINAN BABIO BIOTECHNOLOGY CO., LTD.",True
"JingFang Precision Medical Device(Shenzhen) Co., Ltd",True
Jingzhou Yihai Technology Ltd,True
"JINHUA HEYUAN MAOYI CO.,LTD.",True
"Jinhua Huacheng Medical Appliance Co., Ltd",True
"Jinhua Jingdi Medical Supplies Co., Ltd",False
"JINHUA OTMAR TECHNOLOGY CO.,LTD",False
"Jining Orodeka Medical Equipment Co.,Ltd",False
"Jinyuan Medical Equipment (Tianjin) Co., Ltd",False
JJGC INDÚSTRIA E COMÉRCIO DE MATERIAIS DENTÁRIOS S.A.,False
JK-Products GmbH,False
jkg dentart studio,False
"JKH Health Co., Ltd.",False
JLC Dental Lab Inc.,False
JLM Supplies Ltd,False
JMEndodontics Ltd,False
"JMS Co., Ltd.",False
JMS Singapore Pte Ltd,True
Jodal Ltd,False
JODGO AB,False
Joe Dwyer,False
Joerns Healthcare Ltd,True
"Joerns Healthcare, Inc.",False
Johann White Dental Laboratory,False
Johari Digital Healthcare Limited,False
John F Stott Ltd,False
John Florence Limited,False
John Foster Private Prosthetics Limited,False
John GMBH,False
John Hibbert Crown & Bridge Laboratory,False
John Hubbard Dental Studios,False
John Lucas Dental Laboratory Ltd,False
John Prebble Opticians Ltd,False
Johnson & Furze Optometrists Ltd,False
Johnson & Johnson GmbH,True
JOHNSON & JOHNSON INTERNATIONAL,False
JOHNSON & JOHNSON MEDICAL GMBH,True
"Johnson & Johnson Surgical Vision, Inc.",True
"Johnson & Johnson Vision Care, Inc.",True
Johnson Analytica Ltd,False
Johnson&Johnson Surgical Vision Inc.,False
Joii UK Limited,False
joimax GmbH,True
JOINENTERPRISE CO LTD,False
Joinstar BioMedical Technology Limited,False
Joint Active Systems,False
Joint Vision Opticians LTD,False
JOINTPARTNERS LIMITED,False
Jolife AB,True
Joline GmbH & CO. KG,True
Jonathan Partridge Opticians,False
Jonathan Pattison Ceramics,False
"Jones & Newsham,",False
Jones-Barrick Opticians Limited,False
"Joonghun Pharmaceutical Co., Ltd.",True
"Jordco, Inc",True
Jordent Limited,False
Jorg & Sohn GmbH,False
Josef Ganter Feinmechanik GmbH,True
Jota AG,True
JOTEC GmbH,True
"Jousing Medical Co., Ltd.",True
JovaArt LTD,False
JOVIL ENTERPRISES LTD,False
JOWETT DENTAL Lab Ltd,False
"Joylux, Inc.",True
"JOYSBIO (Tianjin) Biotechnology Co., Ltd.",False
"JOYTECH Healthcare Co., Ltd.",True
JP DENTAL LABORATORY,False
JP Optical Limited,False
"JPI Healthcare Co., Ltd.",True
JPM Ceramics.,False
JR Engineering and Medical Technologies,False
JRBiomedical Ltd,False
JRI Orthopaedics Ltd,True
JS Optical,False
JSKBiomed Inc.,True
JSL Dental Laboratory Ltd,False
JSP Ltd,False
JT Rehab Ltd,False
"JTECH Medical Industries, Inc.",True
JTPD Limited T/A JT Denture Lab,False
Jubilant Draximage Inc.,True
Julius Zorn GmbH,False
Just Optics,False
JVCKENWOOD Corporation,False
Jyväskylän Ortotekniikka Oy,False
K and S Dental Ceramics Laboratory Ltd,False
K Line Europe GmbH,True
K McGuinness Opticians Ltd,False
K. McKeeman Ltd,False
K.T. Ceramics Dental Laboratory,False
K2 Ceramic Studio,False
K2 Medical Systems,False
"K2M Group Holdings, Inc",False
KA Imaging Inc.,False
KABE-Labortechnik GmbH,True
KAF GRUP SAĞLIK HİZMETLERİ İNŞAAT SAN. VE TİC. LTD. ŞTİ,False
"Kai Health, Inc",True
Kai Industries Co. Ltd,False
Kaident Technologies Ltd,False
Kaizen Ceramics Ltd,False
Kaizen Endüstri Sanayi ve Dis Ticaret Limited Sirketi,False
Kalisetty Dental Ltd.,False
Kalogon Inc,False
Kamedi GmbH,True
"KAMIYA BIOMEDICAL COMPANY, LLC",True
Kan-Breathe Australia,False
Kanam Latex Industries Private Limited,True
KANEKA Corporation,False
KANGFU MEDICAL EQUIPMENT FACTORY,False
"Kanghui Medical Technology (Suzhou) Co., Ltd",False
"Kangmei Tianhong Biotech (Beijing) Co., Ltd.",True
Kanmed AB,True
Kansuk Laboratuarı Sanayi ve Ticaret A.Ş,False
Kapitex Healthcare Ltd.,True
Kapsam Saglik Urunleri LTD,False
Karex Industries Sdn. Bhd.,False
Karl Hammacher GmbH,True
Karl Kaps GmbH & Co KG,False
KARL STORZ Endoscopy (UK) Ltd.,False
KARL STORZ SE & Co. KG,False
"KARMA MEDICAL PRODUCTS CO., LTD",False
Karma Mobility Ltd,False
Kartell S.p.A.,False
KASM International LLC,False
Kat's Dental Laboratory,False
Katalyst Diagnostics Ltd,False
Katalyst Surgical,False
"Katena Products, Inc.",True
Kathryn Anthony Optometry,False
Katoomba Dental Practice,False
Kavendor Ltd,False
KaVo Dental GmbH,True
Kay Pictures Ltd,True
Kaydiar Ltd,False
"Kaye Products, Inc.",False
Kays Medical Ltd.,True
KayserBetten,False
KAZ Europe Sàrl,True
KB DENTURE STUDIO LTD,False
KBD Laboratory Ltd,False
"KCI USA, Inc.",False
KCL GmbH,False
KDIC Ltd,False
KDT Prosthetics,False
"KDx Diagnostics, Inc.",False
Keeler Ltd,False
"Keeler USA (Accutome, Inc)",False
KEEPMECOMPANY LTD,False
Keiser Corporation,False
Keith Laird Eyecare,False
Kelburne Dental,False
KellMed Ltd,False
Kem Enterprises Inc.,False
Ken Hall Ltd,False
KEN HYGIENE SYSTEMS A/S,True
Kendall Dentures,False
Keneric Healthcare LLC,False
Kenex (Electro-Medical) Limited,False
Kennedy Laboratories,False
Kennet Lahti Opticial Glazing Ltd,False
KENPAX INTERNATIONAL LIMITED,False
Kensing Dental Laboratory Ltd,False
Kent Community Health NHS Foundation Trust,False
Kenward Orthopaedic Ltd,False
KERIMEDICAL SA,False
Kering Eyewear S.p.A.,False
Kernaghan's Dental Laboratories,False
Kernelmed Medical Equipment Co. Ltd,False
Kerox Ltd,False
"Kerr Corporation, also doing business as Pentron Clinical",False
Kerr Italia S.r.l.,False
Kerrypark dental practice,False
Kessel medintim GmbH,True
Kestrel Dental Studio Ltd,False
Keswick Mountain Rescue Team,False
Kettenbach GmbH & Co. KG,True
Kettering General Hospital NHS Foundation Trust,False
Kettering General Hospital NHS Trust,False
Kettering Surgical Appliances Ltd,False
Kettering Surgical Appliances Ltd (K.S.A. Ltd),False
Kettering Town VE Limited,False
KEVIN DONNELLY,False
Kevin Mantles Dental Practice,False
Key Ceramics Ltd,False
Key Surgical LLC,True
KeyMed (Medical & Industrial Equipment) Ltd.,False
KEYSTONE HEART LTD.,False
"KH Medical Co., Ltd.",True
KHEIRON MEDICAL TECHNOLOGIES LTD,False
Ki Mobility,True
Kibion GmbH,True
Kientech LTD,False
Kilde Medic ApS,False
Kilitch Healthcare India Ltd,True
Kimal PLC,True
Kimberley Opticians,False
KIMBERLY-CLARK EUROPE LIMITED,False
Kimbolton Dental Practice,False
Kimetec GmbH,False
"Kimsmed Co., Ltd.",False
Kinamed Inc.,False
Kind Eyes Prosthetics,False
Kinesio Holding Corporation,True
Kinestica,False
Kinetec SAS,False
Kinetik Medical Devices (Asia) Limited,False
"Kinetikos - Driven Solutions, SA",False
Kingfisher Castings Ltd. T/A dentacast.co.uk,False
Kingfisher Ceramics Ltd,False
KingKraft Limited,False
Kings College Hospital NHS Foundation Trust,False
Kings College London,False
Kings Lynn VE Ltd,False
Kings Mill Hospital,False
Kingsbridge Dental Laboratory,False
Kingsbridge Private Hospital North West,False
Kingsbury Dental Laboratory,False
"Kingstar Medical (Xianning) Co., Ltd",True
Kingswood Dental Studio,False
KingSystems,False
Kinova Inc.,True
KINVENT Biomecanique SAS,False
Kirby Prosthetic Studio,False
KIRCHNER & WILHELM GmbH + Co. KG,False
"Kirgen Bioscience (Hainan) Co., Ltd",False
Kirkcaldy VE Limited,False
Kirwan Surgical Products LLC,False
KISSDENTAL BRAMHALL LTD,False
KISSDENTAL KNUTSFORD LTD,False
Kitazato Corporation,False
"KJ Meditech Co., Ltd.",True
KJS Dental Laboratory,False
KK Research Technology Limited,False
KKX LTD,False
KL-KEPONG RUBBER PRODUCTS SDN BHD,False
"Klarity Medical & Equipment (GZ) Co., Ltd.",False
"Klarity Medical Products, LLC",False
Klaxon Mobility GmbH,False
Kleen-Pak Products Pte Ltd,True
KLEMA Dentalprodukte GmbH,True
Klinik Healthcare Solutions UK Ltd,False
KLS Martin SE & Co. KG,True
Knibbs Dental Surgery ltd,False
Know Medical S.r.l,False
Koalaa Ltd,False
Koalys Technologies Ltd.,False
KOB GmbH,True
Kobayashi Healthcare Europe Ltd,False
"Koch Biotechnology (Beijing) Co., Ltd",False
KOELIS,True
Kohlbrat & Bunz Gesellschaft m.b.H,False
Kohler Medizintechnik GmbH,False
Koios Medical,True
Koite Health Oy,False
"Koken Co., Ltd",False
Kollsut International Inc,True
KometaBio Inc.,True
"Konan Medical, Inc.",False
"KONICA MINOLTA, INC.",False
"KONICA MINOLTA, INC.",False
"KONICA MINOLTA, INC.",False
"KONICA MINOLTA, INC.",False
"KONICA MINOLTA, INC.",False
"KONICA MINOLTA, INC.",False
"KONICA MINOLTA, INC.",False
"KONICA MINOLTA, INC.",False
"KONICA MINOLTA, INC.",False
"KONICA MINOLTA, INC.",False
"KONICA MINOLTA, INC.",False
LabLogic Systems Ltd T/A Knight Imaging,False
Koning Corporation,False
Koninklijke Utermöhlen N.V.,True
Konsultbyrån Process Construction AB,False
Kontour (Xi'an) Medical Technology Co Ltd,False
"KOO MEDICAL EQUIPMENT(Shanghai) Co., Ltd",False
"Koolcare Technology Co., Ltd",True
KOON SENG SDN BHD,False
KORA Corporation Ltd trading as Kora Healthcare,False
Korbond Industries Ltd,False
Kornelija Zutaute,False
KOROGLU MEDIKAL TIBBI MALZ.KOZMETIK ITHALAT IHRACAT SANAYI VE TICARET LTD.STI.,False
Koru Medical Systems,False
"Koru Pharma Co.,Ltd",False
Kossan International Sdn Bhd,True
"Kova International, Inc.",False
Koval d.o.o.,False
"Koven Technology, Inc.",True
Kowa Company Limited,False
Kowa Company Ltd,False
KP MEDICAL LTD,True
Kreatech Biotechnology B.V.,True
Kreation laboratory LTD,False
Kristaline Ltd,False
KroniKare Pte. Ltd.,False
KSG MEDICARE SDN BHD,False
"KUB TECHNOLOGIES, INC. dba KUBTEC",False
KUBE INNOVATION INC,False
Kulzer GmbH,True
"Kunshan Aoshida Electric Technology Co., Ltd.",False
Kunststoffwerk Kremsmunster GmbH,False
Kuraray Noritake Dental Inc. Kurashiki,False
Kuraray Noritake Dental Inc. Miyoshi,False
"Kurin, Inc.",True
Kuros Biosciences B.V.,False
Kustomer Kinetics Inc.,True
Kvikna Medical ehf,True
"KWANG YANG MOTOR CO.,LTD.",False
Kylane laboratoires SA,False
Kyle Couttie Ceramics,False
Kymco Uk Ltd,False
"Kyra Medical, Inc.",True
L & T Denture Laboratory Ltd,False
L. Molteni & C. dei F.lli Alitti Società di Esercizio SpA,False
L.B.F.Dental Laboratory,False
L.O.C. MANUFACTURING LIMITED,False
L'Amy America,True
L&R Medical UK Ltd,False
L&R USA Inc.,False
L2S2 Ltd,False
La Pointique Int'l Ltd.,False
Lab 11 Ortho,False
Lab 194 Ltd,False
Lab 53 Ltd,False
Lab Kinetics LLC,False
Lab-Med Ltd,False
Lab-Serv Ltd,False
Labomar S.p.A. a socio unico,False
Labomar S.p.A. a socio unico,False
Laboratoire Aguettant,False
Laboratoire de la Mer,True
LABORATOIRE HRA PHARMA,True
LABORATOIRE HUCKERT'S INTERNATIONAL,True
Laboratoire L'Ideal Parisien sp. z o.o.,False
Laboratoire UNITHER,False
Laboratoire Urgo SAS,False
Laboratoires Anios,True
Laboratoires Biotic Phocea,True
"Laboratoires Bodycad, Inc.",False
LABORATOIRES FILL-MED,True
LABORATOIRES FILL-MED MANUFACTURING S.A.,True
Laboratoires Quinton International S.L.,True
Laboratoires Théa S.A.S.,False
Laboratoires VIVACY,True
Laboratorios Grifols SA,False
Laboratorios Indas,False
"Laboratorios Liconsa, S.A.",True
Laboratory Arts Ltd,False
Laboratory Corporation (LabCorp) of America Holdings,False
Laborie Medical Technologies Corp.,True
Laborie Medical Technologies. Corp.,False
Labrida AS,True
Labstyle Innovations Ltd.,False
Labtech Dental Laboratory Ltd,False
Labtech Kft.,False
"Labtician Ophthalmics, Inc",True
Labwise Dental,False
LACAR MDX Technologies S.A.,False
"Lacey Manufacturing Company, LLC / Boston EndoSurgical Technologies",False
Laerdal Medical AS,True
Laerdal Medical Limited,False
Lafayette Instrument,True
"Lagis Enterprise Co., Ltd.",False
Lake Region Medical,True
Lake Region Medical Ltd.,True
Lakeland Orthotics Limited,False
Lakeside Orthodontic Laboratory,False
Lakeside Orthodontics,False
Lambeg Dental Laboratory,False
LAMEDITECH,False
Lamidey Noury Medical,True
Laminate Medical Technologies Ltd,True
Lancashire Teaching Hospitals NHS Foundation Trust,False
Lancashire Teaching Hospitals Specialist Mobility Rehabilitation Centre,False
Lance Holmes Dental Laboratory Ltd,False
LANDANGER SAS,False
Lang-Stereotest AG,True
Langlands Road Dental care,False
Langrick and Coe Ltd,False
Langsteiner sp.zo.o.,False
Lansinoh Laboratories Sağlık Gereçleri Tasarım San. Tic. Ltd. Şti,False
"Lansion Biotechnology Co.,Ltd.",False
Lantor (UK) Ltd,False
"Lanzhou Seemine SMA Co., Ltd.",True
LAP GmbH Laser Applikationen,True
LaproSurge Ltd,False
Larident S.R.L,False
Lars Christensen Orthodontics Ltd,False
Laryngograph Ltd,False
Lascod Spa,False
Laser Lipo Limited,False
LASERING SRL,False
Lasting Impressions Limited,False
Latvia MGI Tech SIA,False
Laurel Dental Practice Limited,False
Laurence Butler Ltd,False
laurence chrisp ceramics,False
"Laurypath, a subsidiary of Epredia",False
Lawrence Gaunt Opticians,False
Laxmi Dental Export Private Limited,False
LCCS Products Limited,False
LCJ Dental Lab,False
LDBIO Diagnostics,True
LDN Labor Diagnostika Nord GmbH & Co. KG,True
LDR Medical SAS,False
Leaf Dental Laboratory Ltd,False
Leamington Spa VE Ltd,False
Leca Dental Laboratory,False
LED SpA,True
LED SpA,True
Lee Mullins RDT,False
Leeds Dental Institute Dental Laboratories,False
Legency Remedies Private Ltd.,False
"Leggero, LLC",False
Leica Biosystems Imaging Inc.,False
Leica Biosystems Melbourne Pty Ltd,True
Leica Biosystems Newcastle Ltd,True
Leica Biosystems Nussloch GmbH,False
Leica Biosystems Richmond Inc.,False
Leica Microsystems (Schweiz) AG,False
Leica Microsystems GmbH,False
Leica Microsystems NC Inc.,False
Leigh Dental Practice Ltd T/A New River Dental,False
Leightons Clapham Limited,False
Leightons Insight Limited,False
Leightons Limited,False
Leina-Werke GmbH,True
Leisegang Feinmechanik-Optik GmbH,False
Leixir Resources Private Limited,False
"LeMaitre Vascular, Inc.",False
Lemon Medical GmbH,True
Lenexa Medical Pty Ltd,False
"Lenjoy Medical Engineering, Inc.",False
"LENSAR, Inc.",False
LENSTEC BARBADOS INC,False
Lenstec Optical Group Ltd,False
Lentismed,False
Lentismed d.o.o.,False
Lenus Health Ltd,False
"Leo Medical Co., Ltd.",False
Leon Corns  Trading as Leon Corns Denture Service,False
Leone S.p.A.,True
Leonhard Lang GmbH,True
"Lepu Medical Technology (Beijing) Co., Ltd.",True
Lepzi Diagnostika Ltd,False
"Lerado Zhongshan Peaceful Cove Business Trading Co., Ltd.",True
Lernapharm (Loris) Inc,True
LESLEY CREE OPTICIANS,False
Levabo ApS,True
"Lewa-Dental, Feinmechanik GmBH & Co. KG",False
Lewis Opticians Ltd,False
Lewisham VE Ltd,False
Lexington Medical Inc.,False
Lexion Medical,True
LEXXOO International GmbH,False
"LG Chem, Ltd.",False
LG ELECTRONICS INC,True
LG Prosthetics LTD,False
"LGC Clinical Diagnostics, Inc.",True
"LGC Clinical Diagnostics, Inc.",True
"LGC Clinical Diagnostics, Inc.",True
"LHBIOMED Co., Ltd",False
LHM Medical Technology (Hong Kong) Limited,False
LIAM DEVELOPMENTS BV,False
"Lianyungang Tiannuo Optical Instrument Co.,Ltd.",True
Liaoning Upcera Co Ltd,False
Liberator Ltd,False
Libertech Corporation,True
LiceComb Engineering Ltd,True
Lichfield VE Ltd,False
LID Sotramet,False
LiDCO Ltd.,False
Liebel-Flarsheim Company LLC,False
Life & Mobility,False
Life Assistant Ltd,False
LIfe Science Group,False
Life Science Group Ltd,False
Life Science Investments Ltd,False
Life Science Robotics ApS,False
Life Technologies Corporation,False
Life Technologies Corporation,False
Life Technologies Corporation,False
Life Technologies Holdings Pte. Ltd.,False
Life Technologies Ltd,False
Life Vascular,False
Lifeaz SAS,True
Lifecell Corporation,True
"LifeGlobal Group, LLC",True
Lifelike Dental Ceramics,False
LifeLine Software Inc,False
Lifelines Ltd.,True
Lifelong Meditech Private Limited,True
"LIFEMED CO., LTD",False
LifeScan Europe GmbH,True
LifeScan Scotland Limited,False
"LifeScience PLUS, Inc",False
"LifeScience PLUS, Inc.",False
Lifesignals Inc,False
Lifestream Pharma N.V.,True
Lifestyle Dental Laboratory,False
Lifetech Scientific (Shenzhen) Co Ltd,False
LifeVac Europe Limited,True
Lifeward Ltd,False
Light Guide Optics International Ltd.,True
LightGuide Optics,False
Lighthouse Dental Laboratory,False
Lightlab Imaging Inc.,True
Lightmed Corporation,True
"Lights Medical Manufacture Co.,Ltd.",True
Lightsense Medical Ltd,False
Lightwing Marketing Ltd,True
Lightwood Dental Care,False
Likamed GmbH,False
Liko AB,False
Lima Orthopaedics UK Ltd,False
Limacorporate S.p.A,False
Limbic Limited,False
Limbkeepers LLC,False
Limbus AI Inc.,True
LimFlow SA,True
Limmer Laser GmbH,True
Lin-Zhi International Inc.,False
LiNA Medical ApS,True
LINAUS SRL,True
LINC Medical Systems Ltd,True
Lincotek Bologna Srl,False
Lincotek Medical,False
LINDBERG A/S,False
Linden Leisure Ltd.,False
Lindhe Xtend AB,False
Lindum Dental Studio,False
LINet spol s.r.o,False
"Linhai haomei Glasses Co., Ltd.",False
"Linhai Shuangmei Medical Supplies Co., Ltd.",False
"Linhai west view trading Co., LTD",False
LinkopingsTekniska Fabrik AB,False
Linkverse S.r.l.,True
Linus Health Europe Ltd,True
Linus Health Inc,True
Liofilchem S.r.l.,False
Lionex GmbH,False
LIPOELASTIC a.s.,True
LiqudiPro,False
LiquidPro Ltd,False
LOD Consultancy Limited,False
LIQUIM LIMITED,False
Lisburn VE Ltd,False
Lisclare Limited,False
Lisoma International Ltd,False
"LiteCure, LLC",False
Little Aston Dental Care Ltd,False
Littleover Dental Laboratory,False
LivaNova Deutschland GmbH,False
"LivaNova USA, Inc.",False
"LivaNova USA, Inc.",False
LivAssured B.V.,False
Livedo USA Inc,False
Liverpool Advanced Dental Laboratory,False
Liverpool Brace Place,False
Livetec GmbH,False
Livetec Ingenieurburo GmbH,False
Living With,False
LivsMed Inc.,False
LIW Care Technology Sp. z o. o.,False
Lj dental laboratory,False
LKC Technologies,False
Llandeilo/Llandovery/Old Oak Dental Practices,False
Llusern Scientific Ltd,False
LM Medical Division,False
LM-Instruments Oy,False
Lmb Technologie GmbH,True
LMT Medical Systems GmbH,False
LocaMed Ltd.,False
Lockdown Medical Ltd,False
Lode BV,False
Lodge Dental Laboratory,False
Loewenstein Medical SE & Co. KG,False
Loewenstein Medical Technology GmbH + Co. KG,False
Logical Medical Systems Ltd,False
Logikal Health Products Pty Ltd,True
LogixX Pharma Limited,False
Lohmann & Rauscher International GmbH & Co. KG,True
Lojer Oy,True
Lombard Medical Limited,False
Lomo Industries Ltd,False
London Ceram Ltd,False
London Digital Lab Limited,False
London Health Company (LHC) Ltd,False
London House Denture Clinic and Laboratory Ltd,False
London Medical Laboratory Ltd,False
Long & Pickard,False
"Long Island Technology Group, LLC",True
Longbow First Aid Products Manufactory,False
Longeviti Neuro Solutions,False
Longevity worldwide ltd,True
"LONGFIAN SCITECH CO., LTD",False
Longhorn Vaccines and Diagnostics LLC,False
Looking Good Opticians LTD,False
Loop Diagnostics S.L.,False
Loovara Intimate GmbH,False
Lorne Laboratories Ltd,False
LOTHAR MEDTEC GmbH,True
LOTOS Goldbrillen GmbH,True
LOUGHBOROUGH DENTAL & IMPLANT CENTRE LIMITED,False
Loughborough VE Ltd,False
Loughton VE Limited,False
LOUISE SLOAN OPTICIANS LIMITED,False
Lovat House Dental Practice,False
Love Cosmedical srls,False
Love Dentures,False
Low Vision Care,False
Lowenstein Medical Innovation GmbH & Co. KG,False
Lowestoft VE Ltd,False
LP ITALIANA SPA,False
lpd north east limited,False
LPG SYSTEMS,False
LREsystem Ltd,False
"LSI SOLUTIONS, Inc.",False
LSM-MED S.r.l.,True
LTA Medical,True
LTE Scientific Ltd,False
Luas Diagnostics,False
"Lucas Medical, Inc.",False
"Lucerno Dynamics, LLC",True
Lucid Group Limited,False
Lucida Medical Ltd,False
Luke Barnett Ltd Incorporating Precision Coping Company,False
Lumed,True
LUMed GmbH,True
Lumendi LLC,False
Lumenis (Germany) GmbH,True
Lumenis Be Ltd.,True
"Lumenis Be, Inc.",False
Lumenis Ltd,False
"Lumenis, Inc",False
"Lumicare Medtech Co., Ltd.",False
Luminex Corporation,False
Luminex Corporation,False
"Luminex Molecular Diagnostics, Inc.",False
Luminix Technologies Limited,False
LumiQuick Diagnostics Inc.,False
LumiraDx UK Ltd.,True
Lumitex Medical Devices Inc.,False
"Lumitex Medical Devices, Inc.",True
"LumiThera, Inc.",True
LUMIWHITE LABORATORY LTD,False
LUMLEY OPTICALS LIMITED,False
"Lumos Diagnostic, Inc.",False
Luneau Technology Operations,True
LUNETTES OPTICIANS LIMITED,False
LungHealth Ltd,False
Lunit Inc.,True
Lunor AG,False
Lurgan Dental Lab,False
Luscii healthtech B.V.,True
Lusio Technology Pty Ltd,True
Lustre Skin Ltd,False
"Lutech Industries, Inc.",False
Luton and Dunstable University Hospital NHS Trust,False
Luton VE Limited,False
"Lutonix, Inc",True
LUTRONIC Corporation,False
LUXAMED GmbH & Co. KG,False
Luxe Dental Lab Ltd,False
LUXOTTICA GROUP S.p.A.,False
Luzzani Dental S.r.l.,False
Lydwood Glos Ltd,False
Lyfe Focus Ltd,False
Lymph Control Ltd,False
"Lyncmed Medical Technology (Beijing) Co., Ltd.",False
Lynton Lasers Ltd,False
Lyon Equipment Limited,False
Lys Medical SA,False
Lyttelton Rock Limited,False
LYTTELTON ROCK LIMITED,False
M & A Conservation And Prosthetics Laboratory Ltd,False
M & D McPhee Ltd T/a Airdrie Dental Care,False
M B Dental Laboratory,False
M C Dental Laboratory,False
M G Bolger Dental Laboratory,False
M G Electric (Colchester) Ltd,False
M J Digital Dental Studio,False
M POP Dental Laboratory,False
M-Brace Orthodontics Limited,False
M. C. Dentures,False
M. J. Ryan Eyecare Ltd,False
M. K. MACGREGOR  DENTAL  LABORATORY.,False
M.& M. DENTAL  LABORATORY.,False
M.A. Med Alliance SA,True
M.A.S. Medical S.r.l.,False
M.E.D. Medical Products GmbH,True
M.F.Rosa Dental Laboratory,False
M.G. Kurth GmbH,False
M.G.C. Lamps Limited,False
M.I.S.S. Medizintechnik GmbH,False
"M.I.Tech Co., Ltd.",True
M.J. Underhay Dental Lab,False
M.L.S Dental Laboratory,False
M.V. S.r.l.,False
M&C Eyecare Ltd,False
M&D Healthcare Ltd,False
M&S Connolly ltd ta Dentures Direct,False
"M&S Technologies, a division of The Hilsinger Company Parent, LLC",False
Macclesfield Denture Clinic,False
Macclesfield District General Hospital,False
Mach7 Technologies Canada Inc,False
Macherey-Nagel Gmbh & Co. KG,False
machineMD,False
Mackereth Opticians Ltd,False
Maco Pharma,True
MacroArray Diagnostics GmbH,False
"MacroLux Medical Technology Co., Ltd.",True
"MacroLux Medical Technology Co., Ltd.",True
MacroMedics B.V.,False
Made for Movement Group AS,True
Madhu Instruments Pvt Ltd,False
Mag & More GmbH,True
MAG Orthotics Limited,False
MagBio Genomics Inc,False
Magdalena Zabawa T/as dot dental,False
Magentiq Eye Ltd,True
Maggi srl,False
Magia (Hong Kong) Limited,True
Magic Bullet Limited,False
Magic Happens,False
Magle Chemoswed AB,True
MagnetTx  Oncology Solutions Ltd.,False
Magnum Dental OÜ,True
Magstim Inc,False
magtivio B.V.,False
Mah Sing Healthcare Sdn Bhd,True
"Mahana Therapeutics, Inc.",False
Mahr Impex UK Limited Trading as Mahr Surgical,False
Maico Diagnostics,False
Maidenhead VE Ltd,False
Maidstone Denture Studio,False
Maillefer Instruments Holding S.a.r.l.,False
MaiMed GmbH,True
Mainstay Medical Limited,True
Mainz Biomed Germany GmbH,True
Majestic Industries Ltd,False
Majestic Instruments,False
Majestic Smile Ltd,False
Major Import Export Ltd,False
MAK DESIGN LTD,False
MAK SALE LTD,False
MAK Smiles Services Ltd T/A Lincs Mobile Smiles,False
MAK-SYSTEM Group Ltd.,False
MAKO Surgical Corp,True
Malebox Health Ltd,False
Malik & Collins Ltd,False
Mallinckrodt Manufacturing LLC,True
MANSONS EYECARE LIMITED,False
Mallinckrodt Pharmaceuticals Ireland Limited,True
Malone Smile Design,False
Malsch GmbH,False
Maltron International Ltd,False
Malvern Medical Developments Limited,False
MAM Baby AG,True
Mammendorfer Institut Fur Physik und Medizin GmBH,False
Mammon International Corp.,False
Mammon International Corp. (China),True
MaN Pharma Limited,False
Managed Self Limited,False
Manchester Dental Laboratory,False
Manchester Imaging Limited,False
Manchester University Hospital NHS Foundation Trust,False
Manchester University NHS Foundation Trust,False
Manchester University NHS Foundation Trust,False
Manchester University NHS Foundation Trust,False
Mandelay Kft,False
Manfred Sauer GmbH,True
Manfred Schägner GmbH,True
Mangar International Limited,False
Mango Dental Technologies,False
MANI MEDICAL GERMANY GmbH,True
"MANI, INC.",False
Mannamead Cosmetic Dental Centre,False
Manor Clinic,False
Manor Dentures LTD,False
Mansel St Dental Laboratory,False
Mansfield Dental Laboratory. (H.Tanner),False
Mansfield V E Limited,False
ManukaMed Limited Partnership,True
Manus Neurodynamica Ltd,False
MAPA GmbH,False
"MAQUET (Suzhou) Co., Ltd.",True
Maquet Cardiopulmonary GmbH,False
Maquet Cardiovascular LLC,False
Maquet Critical Care AB,True
Maquet GmbH,True
Maquet SAS,True
Mar-Med Inc.,False
Marais and associates Ltd,False
Marchon Europe B.V.,True
Marchon UK Limited,False
Marcolin S.p.A.,False
Marcus Excelsior Limited,False
MARDALE  DENTAL  LABORATORY.,False
Maren Dental Lab,False
MarFlow AG,False
Margaret Platt,False
Marizyme Inc.,False
Mark Archer Dental Ceramics,False
Mark Bladen Dental Laboratory,False
Mark Cleary Dental,False
Mark Darling Eyecare Ltd,False
Mark Hancock Dental Technician,False
Mark Instruments Private Ltd,False
Mark Jagger Specialist Orthodontics,False
Mark Tucker T/as MT Ceramics (Account No:  CA016933),False
Mark Wilkinson,False
MARK-UP TOOLS LIMITED,False
"mark'ennovy Personalized Care, S.L.",False
Marker Americas LP,False
Market Harborough VE Limited,False
Marketlab Inc.,False
Marlborough Clinic Belfast - Digital Lab,False
Marlborough Dental Studio Limited,False
Marlen Manufacturing & Development Co.,False
MARMA LIMITED,False
MARMA VISION LIMITED,False
Marola Dental Laboratories Ltd,False
"Marpac, Inc.",True
Martin Docking Ltd T/A Dental Precision,False
Martin Johnson Opticians Ltd,False
Martin P Jacobs,False
Martin Smith Opticians,False
Martin Storey Limited,False
Martin Wright Crown and Bridge Specialist,False
Maruchi,True
Marvin Hough Dental Technician,False
MaRVis Interventional GmbH,False
Masalo KG,True
Mascia Brunelli SpA,False
Masimo Corporation,True
"Masket Design, LLC",False
MASMEC S.p.A.,False
Mast Diagnostica GMbH,True
Mast Group Ltd.,False
Mastelli Srl,False
Masterclass Dental Laboratory,False
MATAP II dba Avulux,False
Materialise NV,False
MAXILLOFACIAL PROSTHETICS LABORATORY.,False
MATEX LAB SPA,False
MATHESON OPTOMETRISTS LTD,False
Mathys Ltd Bettlach,False
Matia Robotics (US) Inc,False
Matoke Holdings Limited,False
MatOrtho Limited,True
Matricel GmbH,False
Matrix Dental Laboratory Limited,False
Matrix Diagnostics Ltd,False
Matrix Seating Limited,False
"Matsunaga Manufactory Co., Ltd.",False
"Matsunami Glass Ind., Ltd.",False
Mattana UK Limited,False
Matthew Clay Dental Laboratory,False
Matthew Phelan Ceramics,False
Maui Jim Inc,False
Mavera Medical Devices Inc.,False
"Maverick Sports Medicine, Inc dba Pro-Tec Athletics",True
Mavidon Medical Products,False
Mavig GmbH,True
Mawi DNA Technologies LLC,False
"Max Mobility, LLC",False
Maxigen Biotech Inc.,True
Maxillo-Facial & Orthodontic Laboratory,False
"Maxillofacial and Dental Laboratory, Worcestershire Acute Hospitals NHS Trust",False
Maxillofacial and Orthodontic Laboratory,False
MAXILLOFACIAL LABORATORY & PROSTHESIS CLINIC.,False
"Maxillofacial Laboratory, Lister Hospital, East and North Herts. NHS Trust",False
Maxillofacial Prosthetics Service,False
"Maxtec, LLC",True
MAXTER GLOVE MANUFACTURING SDN BHD,True
Maxvue Vision Sdn. Bhd.,False
Maxwell Glove Manufacturing Bhd,False
"Maxx Orthopedics, Inc",False
Maxxcare BV,False
"Maya Astra Technology Co., Ltd",False
Maybach Icons of Luxury GmbH,True
Mayborn Group,False
Mayflower Medical Supplies Ltd,False
Maywood Dental,False
Mazado Inc.,False
Mazor Robotics Ltd.,True
MB Products Ltd,False
MBK GROUP LIMITED,False
MBK Group Tekstil Sanayi İc Ve Dis Tic. Ltd. Sti,False
MBP - Medical Biomaterial Products GmbH,False
"MC3, Inc.",False
McAnnor Optical ltd t/a Cherwell Opticians,False
McBio s.r.l,False
"McCarthy Dental Laboratory,",False
McCracken Opticians Ltd,False
McDermott Laboratories Ltd. t/a Mylan Dublin Respiratory,False
McDowell & Service Dental Laboratory,False
McGrath Dental,False
McMichen Brooks Dental Care Ltdlt,False
McMillan Dental Laboratory LTD,False
MCTBIO Co Ltd,True
Mcube Technology Co Ltd.,False
MD Dental Services (Laboratory) Ltd,False
"MD Orthopaedics, Inc.",False
MD Skin Solutions,False
MD TECH S.R.L,False
MD Trading Ltd,False
MDD Company GmbH,True
MDF Instruments Medifriend Inc.,True
Mdh Sp. z.o.o.,False
MDJ SAS,False
MDL Creative Crowns LTD,False
MDM BV,False
MDS Medical Limited,False
MDS Medical Technologies,False
MDT Micro Diamond Technologies Ltd.,True
MDT sp. Z o.o.,True
ME.BER. SRL Unipersonale,True
MEC Medical Limited,False
MECCELLIS BIOTECH,True
MECTA Corporation,False
Mectron S.p.A.,False
Med Europe European Medical Supplies S.R.L,False
MED-EL Elektromedizinische Geraete Gesellschaft m.b.H.,False
Med-Logics Inc,False
Meda Co Ltd,False
Medema A/S,True
MEDA Co. Ltd,False
Meda Pharma S.p.A.,True
Medacta International SA,False
medaia GmbH,False
Medalin Limited,False
MedAlliance CardioVascular SA,True
Medanets Oy,False
Medartis AG,False
Medasense Biometrics Ltd.,True
Medasil (Surgical) Ltd,False
Medax S.r.l. Unipersonale,False
Medaxis AG,True
Medbar Tibbi Malzemeler Turizm San. ve Tic A.S.,False
Medbone – Medical Devices Ltd.,False
"MEDCAPTAIN Medical Technology Co., Ltd.",True
MedCare Visions GmbH,False
Medcem GmbH,True
MedChip Solutions Ltd,False
MedCom Gesellschaft fur medizinische Bildverarbeitung mbH,False
MedCu Technologies Ltd,True
MedDream UAB,False
MEDE Technik,True
MEDEALIS GmbH,True
Medeco B.V.,False
Medeco BV,True
MEDEL Medizinische Elektronik Handelsgesellschaft mbH,True
Medela AG,True
Medency Srl,False
Medenta Laboratories Ltd,False
Medentech Limited,True
Medentika GMBH,False
medentis medical GmbH,True
Medentra Manufacturing,True
MedEnvision BV,True
MEDesign Limited,False
Medevo s.r.o.,True
Medevolve Limited,True
Medex,False
Medex FMT,False
"Medex International, Inc",False
Medezine Ltd,False
Medfac UK Ltd,False
MedFact Engineering GmbH,False
"Medfix International, LLC",False
Medfor Products Ltd,True
"Medfruition Electronics Technology Co., Ltd.",True
MedGyn International Inc.,False
"Medi First Co., Ltd.",False
medi GmbH & Co KG,False
medi UK Ltd,False
Medi-Globe GmbH,True
Medi-Line S.A.,False
Medi-Plinth Equipment Limited,False
Medi-Tate Ltd,True
"Mediaburst Limited (trading as ""Florence"")",False
Mediagnost GmbH,False
mediaire GmbH,False
Medial EarlySign Ltd,True
"Mediana Co., Ltd.",False
Medibord Limited,True
Medica Europe B.V.,True
medica Medizintechnik GmbH,True
Medica Reg Limited,False
Medica S.p.A.,True
mediCAD Hectec GmbH,False
"MEDICAL & BIOLOGICAL LABORATORIES CO., LTD.",False
Medical Bees GmbH,True
Medical Brands Developments BV,True
Medical Brands Innovations BV,True
Medical Communications GmbH,False
Medical Components Inc. (dba. Medcomp®),False
Medical Developments International Limited,True
Medical Device Management Ltd,True
Medical Device srl,False
MEDICAL DEVICES (PVT) LTD.,True
Medical Devices Technology International Ltd,False
MEDICAL DIAGNOSIS,False
Medical ECONET GmbH,True
Medical Engineering,False
Medical Engineering Resource Unit (MERU),False
Medical Enterprises Europe B.V.,True
Medical Equipment Europe GmbH,False
Medical Filtration Solutions Limited,False
MEDICAL GmbH Medizintechnik,True
Medisoft Limited,False
Medical Graphics Corporation,False
Medical Iberica S.A.,False
Medical Indicators Inc,False
Medical Innovation Developpement,True
"Medical Instrument Development Laboratories, Inc.",False
Medical Magnesium GmbH,True
Medical Manufacturers Pty Ltd,False
Medical Measurement Systems B.V,False
Medical Microinstruments Inc.,False
"Medical Positioning, Inc",False
Medical Quant Ltd.,True
Medical Respiratory Devices S.L.,False
Medical Service GmbH,True
MEDICAL SPECIALTIES OF CALIFORNIA UK LIMITED,False
Medical Technologies Ltd,True
Medical Wire & Equipment Co Bath (Ltd),False
Medical-Latex (DUA) Sdn. Bhd.,True
medical2market.BV,False
Medicalgorithmics S.A.,True
"MEDICALIP Co., Ltd.",False
Medicalplastic s.r.l.,False
Medicap Homecare GmbH,True
MEDICAP Srl,False
"MediCapture, Inc.",True
Medicare Colgate Ltd,False
Medicare Products Ltd,False
Medicareplus International Limited,True
Medicareplus International Ltd,True
Medicel AG,True
Medicem Technology  s. r. o.,False
MEDICEPT UK LTD,False
Medichecks.com Ltd,False
medichema GmbH,True
medichema GmbH,True
Medicina Ltd,False
"Mediclus co., ltd",True
Medico Electrodes International Ltd.,True
Medico Technology Co Ltd,False
"Medico Technology Co., Ltd.",True
Medicom Healthcare BV,True
MEDICOM HEALTHCARE LIMITED,False
Medicom SAS,True
Medicon eG,True
Medicontur,False
Medicoplast International Gmbh,True
Medicrea International,True
Medicure Instruments,False
Medicus Health Ltd,False
Medifa GmbH,True
Medifactia AB,True
Medifirst Co. Ltd,False
Mediflex Surgical Products,False
Medigarments Ltd.,False
medikall GmbH,False
Medikokim,False
Medilogic UK Limited,False
Medima Sp.z o. o.,False
Medimaging Integrated Solution Inc,False
Medimaging Integrated Solution Inc.,False
Medimaps Group SA,False
MediMatch Dental Laboratory,False
MediMatic Srl,True
Medin a.s,False
Medin Medical Innovations GmbH,True
Meding GmbH,True
MEDINOX LONDON LIMITED,False
Medio-Haus Medizinprodukte GmbH,False
Medion Grifols Diagnostics AG,False
Medipin Limited,False
Mediplast AB,True
Mediplus Ltd,True
MediPurpose Pte.Ltd.,False
Mediq Healthcare UK Ltd,True
Mediracer Oy,True
Mediroyal Nordic AB,True
Medis Medical Imaging Systems UK,False
Medisafe UK Limited,True
Medisana GmbH,True
"Medisarang Co., Ltd",False
Medisim Ltd,True
Mediso Medical Imaging Systems Ltd.,True
Medisoft Ram Italia srl,False
Medisoft S.A.,True
Medisporex Pvt Ltd,False
Medistim ASA,True
Medisun Gmbh,False
Medisys,False
Medit Corp.,True
MEDITE Medical GmbH,True
Meditec Source GmbH & Co. KG,True
Meditech Endoscopy Limited,True
Meditech International Inc.,True
Meditech Kft,False
Meditech Systems Ltd,False
Meditelle Ltd,False
Meditera Tıbbi Malzeme Sanayi ve Ticaret Anonim Şirketi,False
MEDITES PHARMA spol s.r.o,False
"MEDITHINQ CO., LTD.",False
Meditrade GmbH,True
Meditrina Inc.,False
Medivance Instruments Limited,False
"Medivance, Inc.",True
Medivators Inc.,False
Medivys Ltd,False
MediWhale Inc.,False
Medizintechnik Promedt GmbH,False
"Medker Medical Electronic Tech (Shenzhen) Co., Ltd",True
Medkonsult Medical Technology s.r.o.,True
Medlac S.r.l.,True
Medlander Medical Technology Inc.,True
Medlife Ltd,True
MEDlight GmbH,True
"Medline Industries, LP",True
Medline International France SAS,False
Medlinescientific,False
MedLogic Limited,False
medmix Deutschland GmbH,True
medmix Switzerland AG,True
Medmont International PTY Ltd,False
MedNet GmbH,True
Medoc Ltd.,True
Medoffice Sağlık Endüstri A.Ş,False
MedOne Surgical Inc.,False
MEDOS INTERNATIONAL SARL,True
Medovate Limited,False
Medovex Pty Ltd,False
Medpage Ltd,False
medPhoton GmbH,False
MEDPLUS INC.,True
Medprin Biotech GmbH,True
MedRx,False
MedSafety Solutions,False
"Medscope Biotech Co., Ltd.",True
MedSkin Solutions Dr. Suwelack AG,True
Menrad Optics Ltd,False
Medstrom Healthcare Ltd,False
Medstrom Ltd,False
Medtec LLC dba CQ Medical,False
MedTec Medizintechnik GmbH,True
Medtech SAS - Zimmer Biomet Robotics,False
Medtrade Products Ltd,False
Medtrica Solutions Ltd,False
MEDTRON AG,False
Medtronic B.V.,False
Medtronic CoreValve LLC,False
Medtronic CryoCath LP,False
Medtronic MINIMED,True
Medtronic Navigation Inc.,True
Medtronic Navigation Inc.,True
Medtronic Powered Surgical  Solutions Inc.,False
Medtronic Sofamor Danek Inc.,False
Medtronic Xomed Inc,False
"Medtronic, Inc",True
"Medtronic, Inc.",True
MEDTRUM TECHNOLOGIES INC.,True
"MedWaves, Inc.",False
Medway Inc,False
"Medwell Medical Products Co., Ltd.",True
Medwin France SAS,False
MedX Health Corp.,True
MedXL Inc.,True
MedXPress.pro,True
MEDYTOX Inc.,True
MEEI Boston Keratoprosthesis,False
MEGADYNE MEDICAL PRODUCTS INC,False
"MEGADYNE MEDICAL PRODUCTS, INC.",True
"MegaGen Implant Co., Ltd.",True
Meghdoot Pharma,True
MEGIN OY,False
Mego Afek AC Ltd,False
MEHAK LINDA ENTERPRISES,False
MEIKA GROUP s.r.l.,True
MEIKO MASCHINENBAU GMBH & CO. KG,False
Meiser Medical GmbH,True
Mel Dental Laboratory,False
MELAG Medizintechnik GmbH & Co. KG,False
Melcare Biomedical Pty Ltd,True
Mellor Ceramics,False
Meloq AB,False
Melsia Surgical,False
Melyd Surgical Ltd,False
MeMed Diagnostics Ltd.,False
MEMORYTELL LTD,False
"Menarini Silicon Biosystems, Inc.",False
Mendelian Ltd.,False
Mendip Dental Laboratory,False
Menicon B.V.,True
"Menicon Co., Ltd",False
Menicon Ltd,True
Menicon Pharma SAS,False
Mentice Spain S.L.,False
MENTOR,True
MENTOR MEDICAL SYSTEMS B.V.,True
Meotec GmbH,True
MEQU A/S,False
Merah Medical Sdn Bhd,False
Merah Medical Sdn Bhd.,False
Mercado Medic AB,True
Mercator Medical (Thailand) Ltd.,True
"Mercator MedSystems, Inc.",True
Mercian Surgical Supply Co Ltd,False
Merck KGaA,True
Merck Millipore Ltd,True
Merckle GmBH,False
Mercodia,False
Mercodia AB,True
Mercodia AB,True
Mercury Medical,True
Merete GmbH,True
Merge Healthcare Incorporated,False
Meridian Bioscience Inc.,False
Meridian Medical d.o.o,False
Meridian Technique LTD,True
Meril Diagnostics Pvt. Ltd,False
Meril Endo Surgery Pvt. Ltd.,True
Meril Healthcare Pvt.Ltd.,False
Meril Life Sciences Private Limited,False
Meril Life Sciences Pvt. Ltd.,True
Merit Medical Singapore Pte. Ltd.,False
"Merit Medical Systems, Inc.",True
"Merits Health Products Co., Ltd.",True
Merivaara Corporation,True
"Merlin Biomedical (Xiamen) Co., Ltd.",True
Mersey & West Lancs NHS Trust - Sterile Services Southport,False
Merz Dental,True
Merz North America,False
Merz North America,False
MES Medical Electronic Systems Ltd.,True
Mesa Italia S.r.l.,True
Mesh Suture Inc. dba MSi,False
"MESI, Development of medical devices, Ltd.",False
meso international GmbH,True
mesoestetic Pharma Group,False
"META BIOMED CO., LTD.",True
"META SYSTEMS CO., LTD.",True
META Technologies S.R.L,False
Metadvice Ltd,True
Metaltronica S.P.A,False
MetaOptima Technology Inc.,True
Metaphysis LLP,False
METASYS Medizintechnik GmbH,False
METASYSTEMS PROBES GMBH,False
METEDA S.r.l,False
Meticuly Company Limited,True
Metis Healthcare Srl,False
METKO (Medical Engineering Trade Company),False
"Metran Co., Ltd.",False
Metrex Research LLC,False
Metrex Research LLC dba Orascoptic,False
Metrodent Limited,False
Metrosan Endüstriyel ve Elektro Mekanik Cihazlar ve Tıbbi Malzemeler San. Tic. Ltd. Şti.,False
Metrovision,False
Metrum Cryoflex,False
Metuas Medikal Sağlık Hizmetleri Danışmanlık İhracat İthalat A. Ş,False
MeVis Medical Solutions AG,True
"Mexpo International, Inc.",False
Meyra Group GmBH,False
MFB Fertility,False
MFI BV,False
MG Developpement,True
MG4 Dental Laboratory,False
MHK MEDIKAL TEKSTIL SAN. TIC. LTD. STI,False
mibeTec GmbH,True
Micerium S.p.A.,True
Michael Doel Dental Technician,False
Michael Fothergill Dental Laboratory,False
Michael Harris  Opticians Ltd,False
Michelson Diagnostics Ltd,False
"Mick Radio-Nuclear Instruments, Incorporated",True
"MiCo BioMed Co., Ltd.",True
"Micomme Medical Technology Development Co., Ltd.",True
"Miconvey Technologies Co, Ltd",False
Micrel Medical Devices S.A.,True
Micreos Human Health B.V.,False
Micrima Ltd,False
Micro BVM Systems LTD,True
"Micro Cube, LLC",False
MICRO DENT LABORATORY LIMITED,False
"Micro Medical Solutions, Inc.",False
"Micro Therapeutics, Inc., DBA ev3 Neurovascular",False
Micro-Mega SA,True
Micro-NX Co. Ltd,False
"Micro-Tech (Nanjing) Co., Ltd",False
Micro-X Ltd,True
"MicroAire Surgical Instruments, LLC",False
Microba Pty Ltd,True
Microbio Ltd,True
Microbiosensor Limited,False
Microbira Limited,False
Microbix,False
Microgenics Corporation,False
Mid and South Essex NHS Foundation Trust,False
Microlife Corporation,True
"Microline Surgical, Inc.",False
Microlink Technology Ltd T/A Pro-Lab Diagnostics,False
Micromar Indústria e Comércio Ltda.,False
Micromed Medizintechnik GmbH,False
Micromed SpA,False
MICROMED Srl,True
Micronclean,True
Micronica srl,False
Micropace Pty Ltd,True
"Micropoint Biotechnologies Co., Ltd.",True
MicroPort CRM Ltd,False
Microport CRM S.r.l,False
MicroPort NaviBot (Suzhou) Co. Ltd,False
MICROPORT NEUROTECH (SHANGHAI) Co. LTD.,False
MicroPort Orthopedics Inc.,False
Micropos Medical AB,True
Microscopix Limited,False
"MicroSurgical Technology, Inc.",False
"Microtech Medical (Hangzhou) Co., Ltd.",False
"Microtek Medical B.V,",False
Microtek Medical Inc.,False
Microtek Medical Malta Ltd,True
MicroVention Europe SARL,False
MicroVention Inc,True
Microwarm ApS,True
Mid and South Essex University Hospitals Group,False
Mid-Continental Dental Supply Co. Ltd.,False
Middleton St George Dental Care,False
Mident,True
miDiagnostics nv,True
MIDLAND TANK AND IRON PLATE COMPANY LIMITED (THE),False
Midmark Corporation,False
Midora Ltd,False
Miele & Cie. KG,True
"Mighty Oak Medical, Inc.",False
MIGLIONICO SRL,False
miha bodytec GmbH,False
miiCARE Limited,False
MIKA MEDICAL CO,True
Mikai S.p.a,False
Mikrogen GmbH,True
Mikroscan Inc.,False
Miktell Ltd,True
MILENIA Biotec GmbH,False
Milestone Srl,False
Milford & Mason Dental Ceramics,False
Millar Inc.,False
Millennium Sciences Inc.,False
Millet Innovation,True
Millican Opticians Prescot ltd,False
Millipore (UK) Ltd,False
Millpledge Surgicals Ltd,False
millpond dental laboratory,False
Millstream Penthouse Systems Ltd,False
Milngavie Orthodontics,False
Miltenyi Biotec B.V. & Co. KG,True
Milton Keynes University Hospital,False
Milton Street Dental Laboratory Ltd,False
Milvue SAS,False
MIM Software Inc.,True
Mimetis Biomaterials S.L.,False
"MIND OPTICAL CO., LTD.",False
MindDoc Health GmbH,True
Mindent Dental Lab Ltd,False
MindLife UK Limited,False
MindMaze SA,True
Mindset Technologies,False
"Mindways Software, Inc.",False
Minerva Laboratories Ltd.,False
"Mingna (Guangzhou) Technology Co., Ltd.",False
Minitube AB,True
Minnesota Medical Technologies,True
Mint Dental Laboratory,False
Mint Medical GmbH,True
MINTA MEDICAL LIMITED,False
Minus Eyewear,False
Minze NV,True
MIP (UK) Ltd,False
MIR - Medical International Research S.p.A.,True
"Miraclean Technology Co., Ltd.",True
Mirada Medical Ltd,False
miraDry Inc.,False
Mirage Eyewear (1993) Limited,False
Mirage Health Group Ltd,False
Mirai Medical Ltd,True
MiraVista Diagnostics LLC,False
"Mirion Technologies (Capintec), Inc",True
Miris AB,False
miro Verbandstoffe GmbH,True
MiRTLE Medical LLC,True
Mirza Instruments Ltd,False
MirZyme Therapeutics Ltd.,False
MIS Implants Technologies Ltd. (Israel),False
Misonix Inc.,False
Mitaka Kohki Co LTD,False
"MITELOS BIOSCIENCE, S.L",False
Mitie Group Plc,False
MITRA INDUSTRIES PRIVATE LIMITED,False
MIZUHO Corporation,False
Mizuho OSI,False
MJK Laboratory Limited,False
MJN NEUROSERVEIS S.L.,False
MJS Healthcare ltd,False
MJW International,True
MK medical GmbH & Co. KG,True
MK-dent GmbH,False
ML Dent Ltd,False
MLase GmbH,True
"MMJ Labs, LLC dba Pain Care Labs",True
"MML Diagnostics Packaging, Inc.",False
MMM Medical Equipment UK Ltd,False
MMM Munchener Medizin Mechanik GMBH,False
MMWR LTD,False
MN Santé Holding,True
mo-Vis bv,True
MobiLab Medical Innovations Inc,False
Mobility Research Inc,False
"Mobility Source Medical Technology Co., Ltd.",False
"Mobius Imaging, LLC",True
Modality Partnership,False
"Modern Arch, LLC",False
Modern Dental Global Solutions Limited,False
Modern Healthcare Corp.,True
Modern Me GmbH,True
MODJAW SAS,False
MODO Eyewear S.r.l.,False
Modsel Pty Ltd,False
"Modulated Imaging, Inc.",False
Modvel,False
modwena orthodontics LTD,False
Mojo Orthotic Ltd,False
Mojo-Dental Laboratory Ltd,False
Molecular Products Ltd,False
molGENTIX SL,False
Molitan a.s.,False
Molledent Ltd t/a Denta-mol,False
Moller Medical GmbH,False
Mölnlycke Health Care AB,True
Mona Lisa N.V.,True
Monaghan Medical Corporation,False
Mondomed NV,True
Mondottica Limited,False
Monidor Oy,False
Monivent AB,True
MoNo chem-pharm Produkte GmbH,True
MONSENSO UK LTD,False
Montgomery and Burrows Opticians Ltd,False
Moody Terrace Dental Practice Ltd,False
Moon Bro (Overseas) Corporation,False
Moor Instruments Ltd,True
Moorcastle Limited,False
Moore (UK) Ltd.,False
Moorfields Eye Hospital NHS Foundation Trust,False
Moorings Mediquip,False
Moovartes BV,False
MOOVIE Therapy LTD,False
MORCHER GmbH,True
"More Diagnostics, Inc.",False
Morgan Scientific. Inc.,False
Moria S.A.,False
Morpheus AG,True
MORTAN INC,False
Mosaic Surgical LTD,False
Moscot Services SAGL,False
Moses Enterprises,False
Motek Medical B.V.,True
Motilent Ltd,False
Motility Count ApS,False
MOTION COMPOSITES,True
Motion Concepts,False
Motion Dental Equipment Corporation,True
Mountain Trike Company Ltd,False
Movendo Technology Srl,False
Moveo SRL,False
MoveUP NV/SA,False
MovingLife Ltd,False
MOVMEDIX,True
MP Biomedicals Asia Pacific Pte Ltd,True
MP Biomedicals Germany GmbH,True
MP Medical Product GmbH,False
MPG GmbH,False
MPowrx Health and Wellness Products 2012 Inc.,True
MPS Micro Precision Systems AG,False
MR DENTAL SUPPLIES LTD,False
MRC Holland B.V.,True
MRI Guidance,False
MRK Healthcare Private Limited,False
MSK DOCTORS & ASSOCIATES LIMITED,False
MSP Concept GmbH & Co. KG,False
MT DERM GMBH,False
MT MonitorTechnik GmbH & Co. KG,True
MTN Neubrandenburg GmbH,True
MTS Maschinenbau AG,True
MTS Medical AG,False
MTW-Endoskopie W. Haag KG,False
Mueller Sports Medicine Inc,False
Muhammed Saim Zaheerali,False
Muhdo Health Ltd,False
Mulgrew Orthodontics,False
Multicare Medical Ltd,False
Multifront International,False
"Multigate Co., Ltd",True
Multimedical s.r.l.,False
Multimedix Ltd,False
Multix Solutions s.r.l.,False
Munevo GmbH,False
Munich Surgical Imaging GmbH,True
Musculoskeletal Transplant Foundation,True
"MVE BIOLOGICAL SOLUTIONS US, LLC",False
Mvg Consult,False
MVision AI Oy,True
MVS In Motion,True
MWH Dental Ceramics LTD,False
MWM SURGICO,False
My Implant Business GmbH,True
MY JAFO LLC,True
My Med Kft,False
My Medical Mask Ltd,False
my mhealth Limited,False
"MY01, Inc",False
MyCardio LLC,False
Mycardium AI Ltd,True
"Mycone Dental Supply Co. Inc., t/a Keystone Industries",False
Mydentist Olivers House,False
myehealth,False
Myerson Company Limited,False
Mylan Institutional,False
Myo Munchee (Operations) Pty Ltd,True
"Myocardial Solutions, Inc",True
Myomo Inc.,True
MYoroface AB,False
"Myriad Genetic Laboratories, Inc.",False
MySense Ltd,False
mySugr GmbH,False
MYT Dentlab Ltd,False
MyWam Sp. z o.o.,False
MyWay Digital Health Ltd,False
"MZ Liberec, a.s.",False
N.Rikena Crown and Bridge dental laboratory,False
NABTESCO CORPORATION ACCESSIBILITY INNOVATIONS COMPANY,False
NADMED Oy,True
Nafa Surgical Co,False
Nagor Limited,False
Nairn Denture Studio,False
Nakamura Dental MFG. Co Ltd,False
Nakanishi.Inc,False
Naked Prosthetics,True
nal von minden GmbH,True
nal von minden GmbH,True
Nalge Nunc International Corporation,False
"NAMROL MEDICAL, S.L",False
"Nanchang Dental Bright Technology Co., Ltd.",False
"Nanchang Micare Medical Equipment Co., Ltd",False
"Nanchang White Technology Co., Ltd.",False
"NANCHANG YILI MEDICAL INSTRUMENT CO., LTD",False
"Nanjing 3H Medical Products Co., Ltd.",False
"Nanjing Aishun Green Technology Co., Ltd",True
"Nanjing CareMoving Rehabilitation Equipment Co., Ltd.",False
"Nanjing Difei Medical Equipment Co., Ltd.",False
"Nanjing FSN Medical Co., Ltd .",False
"Nanjing Jusha Display Technology Co., Ltd",True
"Nanjing Liming Bio-Products Co., Ltd.",False
"Nanjing Mindray Bio-Medical Electronics Co., Ltd.",True
"Nanjing Okay Biotechnology Co., Ltd",False
"NANJING RELCARE SPORTS TECH CO., LTD",False
Nanjing Sealand Medical Co Ltd,False
"Nanjing Superstar Medical Equipment Co., Ltd.",True
"Nanjing Synthgene Medical Technology Co., Ltd.",False
"Nanjing Youchi Technology Co., Ltd",True
"Nanning Baolai Medical Instrument Co., Ltd.",False
"Nanning Hhao Technology Co., Ltd",False
"Nanning Passion Medical Equipment Co., Ltd.",False
"Nanning Sixtant Biotechnology Co., Ltd",False
"Nanning TECBOD Biological Technology Co., Ltd.",True
Nano-X AI Ltd,True
NanoEnTek Inc.,False
Nanomedic Technologies Ltd.,False
Nanoomtech CO LTD,False
NanoPass Technologies Ltd,True
Nanosonics Ltd,True
NanoSpeed Diagnostics Inc.,False
Nanovi A/S,True
NanoVibronix Ltd,False
"Nantong City YOJO Medical Products Co., LTD",True
"Nantong Egens Biotechnology Co., Ltd.",False
Nantong Health & Beyond Hygienic Products Inc.,False
"Nantong Kangjinchen Medical Equipment Co., Ltd.",False
Nantong Rhino Homeware Co Ltd,False
NAQI International Ltd,False
NAQI NV,True
Nardi Compressori SRL,False
Narishige International Ltd,True
"Narishige Lifemend Co., Ltd",False
Naru Opticians Ltd,False
Nasaleze Limited,True
Nasir optics,False
Naslund Medical AB,True
NHC Technology Ltd,False
"Natera, Inc",False
National Dental Supplies Ltd.,False
National Diagnostic Products (Australia) Pty Ltd,True
"National Health Service, Greater Glasgow & Clyde (Decontamination)",False
National Institute for Biological Standards and Control (NIBSC),False
National Services Scotland,False
Natrinza Ceramics Ltd,False
NaturalCycles Nordic AB,False
Naturalistic Dental,False
Naturelle Consumer Products Ltd,False
"Naturs Design, Inc.",False
"Naturs Design, Inc.",False
Natus Manufacturing Ltd.,True
Natus Medical Denmark,False
Natus Medical Incorporated DBA Excel-Tech Ltd. (XLTEK),False
Natus Neurology Incorporated,True
Navbit Pty Ltd.,True
"Navilyst Medical, Inc.",False
Naviswiss AG,True
NB Dental Lab Ltd,False
NBCL B.V.,True
nbn Medizin Elektronik GmbH,True
NCS Lab Srl,True
NDD Medizintechnik AG,False
"NDS Surgical Imaging, LLC",False
NE Device SW Oy,False
NEA International B.V.,False
NEATcap Medical LLC,False
Neater Solutions Limited,False
NEBU-TEC med. Produkte Eike Kern GmbH,True
NEBULA SURGICAL PRIVATE LIMITED,False
NEC Corporation,False
NEC Software Solutions,False
Needle Concept,True
Needs Ltd,False
Neil Coleman Crown & Bridge,False
"NeilMed Pharmaceuticals, Inc.",False
Neitz Instruments Co. Ltd.,False
Neko Health AB,False
Nemaura Pharma,False
Nemoto Kyorindo Co Ltd,False
NEO Dr. INC.,True
Neo G Limited,True
Neo Medical SA,True
Neo-Innovations UK LTD,False
"Neo-nostics (Suzhou) Bioengineering Co., Ltd.",False
"Neobiotech Co., Ltd.",False
Neochord Inc,True
"NeoCoil, LLC",True
"NEOFECT Co., Ltd.",True
Neogen Europe Limited,False
NeoMedLight,True
Neomend,False
Neorad B.V.,False
"Neos Surgery, S.L.",True
NeoSoft LLC,True
Neoss AB,True
Neoss Ltd,False
Neotech Products LLC,True
NeoTract Inc.,False
Neoventa Medical AB,True
Nephrostomy UK Limited,False
nerbe plus GmbH  & Co KG,False
Nereus Medical,False
Nero Dental Studio,False
Nervecentre Software Ltd,False
Ness Art Dental Laboratory,False
Nestmedic S.A.,False
Netop Industrial Company Limited,False
Netop Industrial Company Limited,False
Network Medical Products Ltd.,True
Neuhealth Digital Ltd,False
"NeuMoDx Molecular, Inc.",False
NEURANIX SRL,False
"NeuraSignal, Inc.",False
NEURAVI LIMITED,True
Neuro Event Labs Oy,False
Neuro Event Labs UK Limited,False
Neuroelectrics Barcelona S.L.U,False
NeuroEquilibrium Diagnostic Systems Pvt. Ltd.,False
Neurofenix Ltd,False
"Neurologica Corp., A Subsidiary of Samsung Electronics",False
Neuromedex GmbH,True
Neuromersiv Pty Ltd,False
Neuromod Devices Limited,True
Neuron Guard Srl,False
Neuronostics Limited,False
"NeurOptics, Inc.",True
NeuroResponse CIC,False
Neurorestorative and Neurorehabilitation Solutions Pvt Ltd,False
Neurosynaptic Communications Pvt Ltd,False
Neurotheraputics at University College London,False
"NeuroVasc Technologies, Inc.",False
NeuroVirt Limited,False
Neurovirtual USA Inc.,False
Neurowyzr Pte. Ltd.,False
"Neusoft Medical Systems Co.,Ltd.",False
NEUWAVE MEDICAL INC,False
Nevia Biotech SRL,True
Nevies (Opticians) Ltd,False
Nevro Corporation,False
New Ancorvis Srl,True
New Co-ordinates Limited t/a Newco Surgical,False
New Erie Scientific LLC (a subsidiary of Epredia),False
"New Gene (Hangzhou) Bioengineering Co., Ltd.",True
New Look Ortholabs Ltd,False
New Medical Technologies (NMT) GmbH,False
New NI Medical (2011) Ltd,False
"New Pelvic Pain Technologies, Inc.",False
"NEW WELLNESS CONCEPT,",False
New White Ltd,False
New World Medical,False
Newbury Dental Laboratories Ltd,False
Newbury VE Ltd,False
Newcastle Denture Services,False
Newcastle Upon Tyne Hospital  NHS Foundation Trust,False
Newclip Technics,False
Newdeal SAS,False
NewGen Surgical INC,False
NEWMARKET BIOMEDICAL LTD,False
Newmed SRL,True
Newport Denture Clinic LTD,False
Newquay Dental Lab,False
"NewScen Coast Bio-Pharmaceutical Co., Ltd.",False
Newton Abbot VE Ltd,False
Newton Dental Laboratory T/A Chris newton Ceramics Ltd,False
NEXA Medical Limited,False
"Nexmed Technology Co.,Ltd.",False
NEXOR Medical GmbH,True
Nexstim Plc,False
"NEXT Medical Products Company, LLC",False
Next Science LLC,True
"NEXTBIOMEDICAL CO., LTD.",True
Nextgen Health Solutions,False
Nexus Dental Laboratory Ltd,False
Neyo Labs Limited,False
NG Biotech,True
NG Medical Gmbh,False
NHS Dumfries and Galloway,False
NHS England,False
NHS Forth Valley,False
NHS Grampian,False
NHS Grampian - Maxillofacial Prosthetics Service,False
NHS Grampian/ Dental Laboratory,False
NHS Greater Glasgow & Clyde,False
NHS Highland Central Decontamination Unit,False
NHS Scotland (CDU),False
NHS Tayside,False
NHSBT Reagents,False
Niall Design Ltd,False
"NIBEC Co., Ltd.",True
Nibotechnics nv,True
Nic Sproson the Optician Ltd,False
"NICE Recovery Systems, LLC",False
"NICHIBAN CO.,LTD",False
Nichiryo Co Ltd,False
Nicholas Little (Winterborn & Little Associates Ltd),False
Nicholas Watson Opticians Ltd,False
Nicholson Eyecare,False
NICHROMINOX,True
Nick Harrison,False
nick smith dental,False
NICO Corporation,True
NICo-Lab B.V.,False
Nidacon International AB,False
"NIDEK CO., LTD.",False
Nidek Medical Products Inc.,False
Nifty Dental Solutions Laboratory LTD,False
Nigel Gainey Opticians,False
Nightingale Health Oyj,False
NIHON KOHDEN CORPORATION,False
Nihon Kohden Digital Health Solutions Inc.,False
Nihon Kohden Firenze S.r.l.,False
"Nihon Kohden OrangeMed, LLC",False
Nikkiso Belgium bv,True
"Nikkiso Co., Ltd.",False
"NIKKISO CO., LTD.",False
Nikkiso Europe GmbH,True
Nikon Corporation,False
Nikon Optical UK Ltd,False
Nikon-Essilor,False
"Nimco Made4you, B. V.",False
Nimrodental Ltd,False
Nine Group International,False
Ninewells Hospital,False
Ninewells Hospital & Medical School,False
"Ningbo Advan Electrcial Co., Ltd.",False
"Ningbo Albert Novosino Co., Ltd.",False
"Ningbo Baichen Medical Devices Co., Ltd.",False
"Ningbo Caremed Medical Products Co., Ltd.",True
"Ningbo Chengmei Medical Products Co., Ltd.",True
"Ningbo Chinmed Technology Co., Ltd",False
"Ningbo Five Continents Medical Instrument Co., Ltd.",True
"Ningbo Free Trade Zone Tenso Medical Instruments Co., Ltd.",True
"Ningbo Greatcare Medical Instruments Co., Ltd.",False
Ningbo Greetmed Medical Instruments Co Ltd,False
"Ningbo Haishu Yeson Medical Device Co., Ltd",False
"Ningbo Hi-life Medical Technology Co., Ltd.",False
"Ningbo High-Tech Bluesky Manufactory & Trading Co., Ltd.",False
"Ningbo Hitcm Medical Devices Co., Ltd.",True
"Ningbo Ican Machines Co., Ltd.",True
Ningbo Jenius Polymer Sci-Tech Co. Ltd,False
"Ningbo Jenius Polymer Sci-Tech Co.,Ltd",True
"Ningbo Jianxiang Packaging Material Technology Co., Ltd",False
"Ningbo KK-Bioscience Co., Ltd",True
"Ningbo Liwei Medical Technology Co., LTD",False
"Ningbo Luke Medical Devices Co., Ltd",False
"Ningbo MFLab Medical Instruments Co., Ltd.",False
"Ningbo Mingtai Medical Instrument Co., ltd",True
"Ningbo My-BioMed Biotechnology Co.,Ltd.",False
"NINGBO QUALITY IMP &EXP CO., LTD",False
"Ningbo Ranor Medical Science & Technology Co., Ltd",True
"Ningbo Runyes Medical Instrument Co., Ltd.",True
Ningbo Sezen Technology Co. Ltd.,False
"Ningbo Shenyu Medical Equipment Co., Ltd.",True
Ningbo Tian Yi Gong Mao You Xian Gong Si,False
"Ningbo Tianbo First Aid Product Co., Ltd.",True
Ningbo Troika Medical Products Company Limited,True
"Ningbo Verykind Medical Device Co., Ltd.",False
Ningbo Wise OptoMech Technology Corporation,False
"Ningbo Xinwell Medical Technology Co., Ltd.",True
"Ningbo Youhuan Automation Technology Co., Ltd.",True
Nipro Corporation,False
Nipro India Corporation PVT. LTD.,False
Nipro Pure Water GmbH,True
"Nipro Renal Solutions Spain, S.L.U.",True
Niramai Health Analytix Private Limited,True
Nissha Medical Technologies Ltd,False
Nissha Medical Technologies SAS,True
NitNOT Limited,False
NİTROCARE MEDİKAL MOBİLYA SANAYİ VE TİCARET ANONİM ŞİRKETİ,False
NJ Ceramics,False
Njord International AB,True
Njord Medtech Ltd,False
No7 Contact Lens Laboratory Ltd,False
Noakes Habermehl & Kerr,False
Nobel Biocare AB,True
Nobel Biocare UK Ltd.,False
Nobil Metal SpA,True
Noble Eye Centre Ltd,False
"Nobles Medical Technologies II, Inc.",False
NOEL PACH DENTAL LABORATORY.,False
Noetic Dentistry limited,False
NOMICS SA,False
Nonin Medical Inc.,False
nopa instruments Medizintechnik GmbH,False
NORAKER SAS,False
NORAS MRI Products GmbH,True
Norav Medical GmbH,True
"Noraxon USA, Inc.",True
Nord Ability AB,True
Nordberg Medical AB,True
NordicNeuroLab AS,True
Nordset Produktions GmbH & Co. KG,False
Norfolk & Norwich University Hospital NHS Trust,False
NORFOLK INTERNATIONAL,True
Norgesplaster AS,True
Noris Medical Ltd,True
Norlase ApS,True
Norman Health Products and Services BV,False
Normanby Laboratory Services Ltd,False
Normand - Info SASU,False
"NormaTec Industries, LP",True
Normmed Medikal Sanayi ve Ticaret A.S.,False
NORSE RESCUE®,False
North American Rescue LLC,False
NORTH ANTRIM DENTAL LABORATORY,False
"North Bristol NHS Trust, Decontamination Facilities",False
"North Bristol NHS Trust, Reconstructive Prosthetics",False
"North Coast Medical, Inc.",False
"NORTH EOS INDUSTRIES, INC.",False
North Manchester General Hospital - Maxillofacial Laboratory,False
North Parade Prosthetics Ltd,False
Northampton General Hospital NHS Trust,False
Northern Care Alliance NHS Foundation Trust,False
Northern Digital Inc.,False
Northern Lenses,True
Northern Lights Dental Laboratory,False
Northern Meditec Limited,True
Northern Teeth Dental Laboratory,False
"Northgate Technologies, Inc.",False
Northh Medical GmbH,True
NorthStar Scientific Ltd,False
Northumbria Dental Care Limited,False
Northwich VE Ltd,False
Northwick Manor Dental Practice,False
Norton Dental practicP,False
Noru Pharma PVT Ltd,False
Norville (20/20) Ltd,False
Norville Keynsham Limited,False
Noscendo GmbH,False
NoseOption AB,True
NOSUFFERING LIMITED,False
Nottingham Rehab Limited,False
Nottingham University Hospitals NHS Trust,False
"Noul Co., Ltd.",True
Nouvag AG,False
Nouveau Ceramics Dental Laboratory,False
Nouveau Healthcare Limited,False
Perivision SA,False
Nova Biomedical Corporation,True
NOVA Dental Laboratory,False
Nova Eye. Inc,False
Nova Medical Inc,False
"NovaBone Products, LLC",True
Novacare GmbH,True
Novacor,True
Novadaq Technologies,False
Perma Pure LLC,False
Permedica S.P.A,False
Permobil AB,True
Pero-System GmbH,True
Perouse Medical,True
Persei Vivarium S.R.L,False
Persident Ltd,False
"Personal Genome Diagnostics, Inc.",False
Personal MedSystems GmbH,False
Perspectum Ltd,False
Persyst Development Corporation,True
Perth VE Ltd,False
Pery Laerd Ltd,False
Peter Brehm GmbH,False
Peter Coggin Ltd,False
Peter J. Kitteringham,False
Peter Lazic GmbH Microsurgical Instruments,False
PETER PFLUGBEIL GmbH,False
"Peterborough City Hospital, North West Anglia Foundation Trust",False
PETERS SURGICAL,True
pfm medical titanium gmbh,False
pfm medical UK Limited,False
PG dental lab,False
PH Clinical Dental Technician Services,False
Phadia AB,True
Phagenesis Ltd,False
Phakos,True
Phakos,True
Phantom Laboratory,True
Phargentis SA,True
Pharma - Sept Medical Products Ltd.,False
Pharma Source B.V.,True
Pharma Systems PS AB,True
Pharmacell Medication Systems Ltd,False
Pharmaplast SAE,False
Pharmazeutische Fabrik Montavit Gesellschaft m.b.H.,False
Pharmia Oy,True
Pharmpur GmbH,False
PHC Corporation,False
PHC Corporation,False
PHEASANT SURGICAL CORPORATION,True
phenox GmbH,True
Phenox Ltd.,True
"Philip Dobinson Artisan Smiles cosmetic, restorative and dental implant services.",False
Philip Jones Opticians Ltd,False
Philips Consumer Lifestyle B.V.,True
Philips DS North America LLC,True
Philips France Commercial,True
Philips Goldway Shenzhen Industrial Inc.,False
"Philips Healthcare (Suzhou) Co., Ltd.",True
Philips Image Guided Therapy Corporation,False
Philips India Limited,False
Philips Medical System Nederland B.V.,False
Philips Medical Systems,True
Philips Medical Systems (Andover),False
"Philips Medical Systems (Cleveland), Inc.",True
Philips Medical Systems DMC GmbH,False
Philips Medical Systems Nederland B.V.,True
Philips Medical Systems Nederland B.V.,True
Philips Medical Systems Nederland B.V.,True
Philips Medical Systems Nederland B.V.,True
Philips Medical Systems Nederland B.V.,True
Philips Medizin Systeme Böblingen GmbH,False
Philips Ultrasound LLC,True
Philipson Dental Laboratory,False
Phillips Medisize A/S,False
PHITOGEN HOLDING S.P.A.,False
PHOENIX DENTAL INSTRUMENTS LIMITED,False
PHOENIX HEALTHCARE PRODUCTS LTD,False
Phoenix Innovative Healthcare Manufacturers Pvt Ltd.,False
PHOENIX ORTHODONTIC PRACTICE,False
"Phoenix Technology Group, LLC",False
Phonak AG,False
Photon Therapy Systems (Pty) Ltd,True
Physidia SAS,False
Physio Assist SAS,False
"Physio-Control, Inc.",True
PhysIOL s.a.,True
Physiolab Technologies Ltd,False
PHYSIOMED ELEKTROMEDIZIN AG,True
Physion s.r.l,False
PhysioNova GmbH,True
Physique Management Company Limited,False
Physitrack plc,False
Phyto Performance Italia Srl,False
"PICIS Clinical Solutions, INC",False
Picterus AS,True
Pie Medical Imaging B.V.,True
Piedro BV,False
Piedro Ltd,False
Pierenkemper GmbH,True
Pierre Fabre Medicament,True
Pierre Mathiot,False
PIETRASANTA PHARMA S.p.A.,True
Pikdare S.p.A.,False
Pinder and Moore Ltd,False
Pinewood Dental Laboratory,False
Pinnacle Dental Laboratory,False
PinPoint Data Science Ltd,False
Pinpoint Travel Health Limited,False
"PIOLAX MEDICAL DEVICES, INC.",False
Pioneer Denture Clinic,False
Pioneer Research Chemicals Ltd,False
Pioneer Surgical Technologies Inc.,False
Pirrone S.r.l.,False
Piston Ltd,False
Pitsea Dental Laboratory Ltd,False
"Pivotal Health Solutions, Inc.",False
PixCell Medical Technologies Ltd,False
Pixee Medical,False
Pixformance Sports GmbH,False
Pixmeo SARL,True
PJ Hubbard Ltd,False
Pjama AB,True
PJH Ceramics Ltd,False
pjur group Luxembourg S.A.,False
PK Benelux BV,True
PKM TECHNOLOGIES LIMITED,False
Plan 1 Health S.r.l.,True
Planer Limited,False
"Planet (Anhui) Medical Products Co., Ltd.",False
Planit Opticians,False
Planmeca Oy,True
Planmed Oy,True
PlantTec Medical GmbH,True
Plasma Surgical Inc.,False
PLASMABIOTICS,True
Plasti-med Plastik Medikal Urunler San.ve Tic. Ltd.Sti.,False
Plastic Sterilizing Tray Corporation,False
Plastiflex Group NV,True
Plastod S.p.A,False
Platigo Solutions Pty Limited,True
Platigo Solutions Pty Ltd,True
Platts & Nisbett,True
Pleasure Latex Products Sdn. Bhd.,True
"PlenOptika Europe, S.L.U.",False
PLIMVIEW LIMITED,False
Plinth Medical Ltd,False
Plum Safety ApS,True
Plus EV holdings,False
PMD Device Solutions Ltd  t/a PMD Solutions,False
PMS International Group PLC,False
PMT Corporation|Permark,False
PMT präzision.medizin.technik. GmbH,False
"Pneumeric, Inc.",False
PneumoWave Ltd,False
PNN Medical A/S,True
Pockit diagnostics Ltd,False
POD Active Pty Ltd,True
Podartis srl,False
Podonics Ltd,True
PODOPRO UK LTD,False
"Point Designs, LLC",True
POLALIGN Sp. z o.o,False
Polarcool  AB,False
Polichem S.A.,False
Polident D.O.O.,True
Poll Medical,True
Pollard Optics Ltd,False
Pollogen Ltd.,True
Poly Medicure Limited,True
POLYBOND INDIA PVT. LTD.,False
Polyco Healthline Ltd,False
POLYDENTIA SA,True
Polyganics Innovations BV,False
Polyganics Neurosurgery B.V.,False
PolyGel LLC,False
"Polymer Technology Systems, Inc.",True
Polymorit Ltd,True
PolyNovo Biomaterials Pty Ltd,True
Polyphotonix Medical Ltd.,False
PolyTech Health & Aesthetics GmbH,True
Pomfret & Farrell Dental,False
Pontypridd Dental Laboratory Ltd,False
Pople & Broad Opticians,False
Poppy Fields Denture Clinic,False
Portable Therapeutix LLC,False
Portanier Laboratory,False
Portman Healthcare Ltd,False
Portsmouth Aviation,False
Pos-T-Vac LLC,False
Positive Rewards Ltd,False
POSOS,False
Possum Limited,False
Post House Dental Limited,False
Post Op,False
"Potent Medical Equipment JS. CO., LTD",False
Poth Hille & Co Ltd,True
"Potrero Medical, Inc. dba Accuryn Medical",False
PottyMD LLC.,False
Poundland,False
Poundstretcher Ltd,False
Powell Plastic & Metal (Shenzhen) Co,False
Power Soccer Shop NEMI,False
POWERbreathe International Limited,False
POWERFUL MEDICAL s.r.o.,True
Powersport Engineering CIC,False
Pplus Skin Care Limited,False
Practice Plus Group Hospitals,False
Pragma Dental Laboratory,False
Pragmatic Innovation Inc,True
Praise Surgical,True
PreAnalytiX GmbH,False
Prece Dental Ltd,False
Precedent (Wirral) Ltd,False
Precious Mountain Enterprise Corporation,False
Precipio Inc,False
Precipio Inc,False
Precise Dental Laboratory,False
Precise Dental Studio Ltd,False
Precision AI Pty Ltd,True
Precision BioLogic Inc.,False
Precision Dentacare Ltd,False
precision dental aesthetics,False
Precision Dental Ceramics,False
Precision Dental Design,False
Precision Full Service Dental Laboratories (@pfsdental),False
"Precision Medical Devices, LLC",False
Precision Medical Specialities,False
Precision Medical Ventures Inc. dba RevealDx,False
Precision Optics LTD,False
Precision Parts UK Ltd,False
Precision Plus China Ltd.,False
Precision Prosthetics,False
Precision Prosthetics & Implant Centre,False
Precision Surgical Ltd,False
"Precision System Science Co., Ltd.",False
"Precision Vision, Inc.",True
Precisis GmbH,False
Precispharma Containers Private Limited,False
Precordior Limited,False
"Predicine, Inc.",False
Predict4Health,True
Predictive Health Intelligence,False
PREDISURGE SAS,False
PREDO SAGLIK URUNLERI SAN. VE TIC A.S.,False
Predo Saglik Urunleri San. ve. Tic. A.S,False
PREGNA INTERNATIONAL LTD,True
Pregnolia AG,False
Premia Spine Israel,False
"Premier Biotech, Inc.",False
Premier Dental Ceramics,False
Premier Dental Products Company,True
Premier Dentures Ltd,False
Premier Guard Zhongshan Limited,True
Premier Guard Zhongshan Limited,True
Premier Prosthetics Ltd,False
Premium Plus International Limited,False
Prenetics Ltd,False
Prentke Romich Company,True
Pressalit A/S,True
Pressure Products Medical Device Manufacturing LLC,True
Prestige Brands (UK) Ltd,False
Prestige Dental Studio Ltd,False
Prestige Diagnostics U.K. Ltd,False
Prestige Healthcare Ltd,False
Prestige Medical Limited,False
Preston Dental Laboratory,False
PreTect AS,False
Preventicus GmbH,False
Preventx Limited,False
Prevest DenPro Limited,True
PREVOR,True
Pride Dental Laboratory,False
Pride Mobility Products Corporation,True
Prident Dental Laboratory,False
"PRIM, S.A.",True
Prima Dental Ceramics,False
Prima Dental Manufacturing Ltd,False
PRIMA Lab SA,True
Prima Medical Ltd,False
Primadent Dental Laboratory,False
"Prime Dental Manufacturing, Inc.",False
PRIME DESIGN NW LTD,False
Prime Engineering,False
"Prime Life Fibers, Inc.",False
Prime Medical LLC,True
Primed Halberstadt Medizintechnik GmbH,True
PriMed Instruments Inc.,True
Primer Design Ltd,False
Primero Dental Ceramics,False
Primex ehf.,False
"PRIMIS, The University of Nottingham",False
Primo Dental Laboratory Limited,False
Primo studio ltd,False
Primum Digital Limited,False
PRINCE  MEDICAL SAS,False
Prince & Bates Opticians,False
PRINCE MEDICAL SAS,False
Princes Street Dental Practice,False
Princess Alexandra Hospital NHS Sterile Services Department,False
"Princetion Medical Scientific Co., Ltd.",False
Princeton BioMeditech Corporation,False
Principle Healthcare International Ltd,False
Priory Chromes and Prosthetic Studio,False
Prism Medical UK,True
PRISMAN GmbH,True
Pristine dental laboratory,False
PRITCHARD-COWBURN LIMITED,False
Pritchards Dental Practice Ltd t/a Morris Dental Care,False
pritidenta GmbH,True
PrivaPath Diagnostics Ltd,True
Prive’ Goods LLC,False
Privelop-Spine AG,True
PRMEDICAL S.r.l.,False
pro med instruments GmbH,False
Pro Medicare SRL,False
PRO-CERAM DENTAL LABORATORY,False
Pro-Dex Inc.,False
Pro-Lab Diagnostics,False
PRO-MED Instrumente GmbH,False
Pro3dure Medical GmbH,True
PROACT Medical Ltd,True
ProActive Prosthetics Ltd,False
PROART DENTAL SL,False
ProAxsis Ltd,False
Probert & Williams Eye Care Cyf.,False
"PROCARE HEALTH IBERIA, SL",False
Procast (Anglia) Ltd,False
PROCEPT BioRobotics Corporation,False
ProciseDx Inc.,True
Procornea Nederland BV,False
Procreative Diagnostics,False
Procter & Gamble Technical Centres Limited,False
PRODENT  DENTAL  STUDIO.,False
prodent denture laboratory,False
prodent laboratories ltd,False
PRODOL MEDITEC LIMITED,False
prodont Holliger,False
Prodotto da Safety,False
Produits Dentaires SA,True
Professional Derma SA,False
Professional Dietetics S.p.A,False
Professional Latex Sdn Bhd,True
Professional Results Inc,False
Profoot (UK) Ltd,True
Proge farm S.r.l,False
Progenie Molecular SLU,False
Progenika Biopharma S.A.,False
Progetti S.r.l,False
"PROHS Equipamento Hospitalar e Servicos Associados, S.A",False
Project Engineering S.r.l,False
Prolira B.V.,False
Prollenium Medical Technologies Inc,True
Promecon GmbH,True
Promed Supply Co. Ltd.,False
Promedica Dental Material GmbH,True
Promedics Orthopaedics Limited,False
Promega Corporation,True
Promeia S.p.A.,False
PROMEPLA S.A.M.,False
Promethean Dental Laboratory,False
Prometheus Bio Inc,False
Prometheus Bio Inc,False
Qualisys AB,True
"Promisemed Hangzhou Meditech Co., Ltd",True
PROMOITALIA GROUP S.p.A.,False
PROMOTAL,True
ProMove Uk Ltd,False
Pronova Laboratories BV,True
Prontomed GmbH,True
Prop Smile Trading  Ltd,False
Prosan International B.V.,True
"Proscia, Inc.",False
Prosidyan Inc.,False
ProSomnus Sleep Technologies,True
Prospect Diagnostics Ltd,False
ProSpon spol. s.r.o.,False
Prosport International Limited,False
Prosthetics Department,False
Prosum Medical Limited,False
Prosys International Ltd,False
Protea Ceramics,False
Protec Baths Ltd,False
PROTEC GmBH & CO. KG,True
Protech Dental Lab Ltd,False
Protecs,False
Protect Gloves Company Limited,False
Proteome Ltd,True
Proteomedix AG,False
Proteomics International Pty Ltd,False
Proteos Biotech S.L.,False
Proton Health Ltd,False
Provepharm SAS,True
Richard Want  laboratory Ltd,False
"Providence Medical Technology, Inc.",False
PROVIDENTAL LABORATORIES LTD.,False
provita medical gmbh & co. Kg,False
ProWellness Health Solutions Oy,True
PRP PURE LTD,False
"PRP Science Co., LTD.",True
Pryor Products,False
"Prytime Medical Devices, Inc.",False
"PSI/EYE-KO, Inc. dba Anodyne Surgical",False
PSP Dental Co Ltd,False
PsycApps Limited,False
Psyomics Ltd,False
PT Medisafe Technologies,False
PT. Nipro Indonesia Jaya,True
PT. Oneject Indonesia,False
PTS Optical Ltd,False
PTW-Freiburg Physikalisch-Technische Werkstätten Dr. Pychlau GmbH,False
"Pujiang Jianyu Sanitary Products Co., Ltd.",False
Pulmodyne Inc,False
"PulmOne Advanced Medical Devices, Ltd.",True
Pulmonx Corporation,True
Pulpdent Corporation,True
"Pulse Biosciences, Inc.",True
Pulse for Integrated Solutions GmbH,True
PulseCath BV,False
PulseLavage AB,False
RAL Diagnostics,True
PulseNmore Ltd.,False
PulseOn Oy,True
PULSION Medical Systems SE,True
Puma srl,False
Pure Dental Clinic,False
Pure Dental Laboratory Ltd,False
Pure Ortho LTD,False
Pure Orthodontics,False
Pure Prosthetics LTD,False
PureAlign,False
PURESSENTIEL UK Ltd,False
Purgo Biologics Inc.,True
Puritan Medical Products Company,True
Purley Smiles Dental Laboratory,False
Purple Orchid Health limited,False
Purple Surgical Holdings Limited,False
Purple Surgical International Limited,False
PWG Orthodontic Specialties Ltd.,True
PXD Limited,False
Pyramid laboratory limited,False
Q LAB Ltd,False
Q-DENT PROSTHETICS,False
Q-Linea AB,False
Q-Med AB,True
Q-Orthodontics Ltd,False
"Q'Apel Medical, Inc.",False
QAELUM NV,True
Qbitus Products,False
Qbtech AB,True
QE Facilities,False
QIAGEN GmbH,True
QIAGEN Sciences LLC,False
"Qidong Farjoy Medical Material Co., Ltd.",True
Qidong Yongsheng Medical Products Factory,True
"Qingdao Bestex Rubber & Plastic Products Co.,Ltd.",False
"Qingdao DMD Medical Technology Co., Ltd",False
Qingdao Haier Biomedical Co Ltd,False
"QINGDAO HAINUO BIOLOGICAL ENGINEERING CO., LTD",False
"Qingdao Kingon Medical Science and Technology Co., Ltd.",True
"Qingdao Kingon Medical Science and Technology Co., Ltd.",True
"Qingdao Single-Cell Biotech. Co., Ltd.",False
"Qingdao Yasee Medical Device Co., Ltd.",False
"Qingzhou Yaowang Pharmaceutical Co., Ltd.",True
Qinhuangdao Kapunuomaite Medical Equipment S and T Co Ltd,False
"Qinhuangdao Taizhi Medical Technology Co., Ltd",True
Qisda Corporation,False
QLeap Business Solutions Limited,False
Qlicksmart Pty Ltd,True
Qnostics Ltd.,True
QNQ Design and Development Pvt. Ltd.,False
Qompium nv,True
QT Medical Inc,False
Quadralene Ltd,False
QUAI Ltd,False
Qualimed Innovative Medizinprodukte GmbH,True
Qualiteam s.r.l,False
Quality Ceramics,False
"Quality Electrodynamics, LLC",True
Quality In Flow Ltd,True
"Quality Life Technologies Co., Ltd.",False
"Quality Life Technologies Co., Ltd.",False
Quality Prosthetics,False
Qualkem Limited,False
Qualpro Diagnostics - A Division of Tulip Diagnostics (P) Ltd.,False
Quanta Dialysis Technologies Ltd,True
Quanta System SpA,True
Quantamatrix Inc.,True
Quantel Medical Ltd,True
Quantib B.V.,False
Quantimetrix Corporation,True
Quantium Medical S.L.U,False
Quantum Dental Laboratory Ltd,False
Quantum OPS Inc.,False
Quantum Surgical SAS,True
QuantuMDx Group Ltd,False
"Quanzhou Qianjing New Material Technology Co, Ltd",False
Quartett  Immunodiagnostika GmbH / biocyc Biotechnologie GmbH & Co. KG,False
Queen Elizabeth Hospital,False
Queen Elizabeth Hospital,False
Queensberry Dental Laboratory,False
Queensway Laboratory Ltd,False
"Quest Medical, Inc.",True
Quest Personal Care (Global) Ltd,False
Quest Products,True
QUESTALPHA GmbH & Co. KG,True
Qufora A/S,True
Qufora Ltd,False
Quha oy,False
"Quibim, S.L.",False
"QUICK WONDER GLASSES WENZHOU CO.,LTD.",True
Quicklase Limited,False
Quidel Cardiovascular Inc.,False
Quidel Corporation,True
Quidel Corporation,True
Quill International Chemicals Ltd,False
Quince Therapeutics S.p.A.,True
Quipu S.R.L,False
Quirem Medical B.V.,False
QUORIS3D Limited,False
Quotex Systems Limited,False
Qure.ai Technologies Private Limited,True
QX Ortho Lab Ltd,False
R & G Products Ltd,False
R A Medical Services Ltd,False
R Black  Opticians.,False
R C Pinder Ltd (Mansfield),False
R C Pinder Ltd (Southwell),False
R DENTECH LTD T/A ROYAL DENTAL LAB,False
R Link Ltd T/A R Healthcare,False
R W Dental Studio,False
R-Biopharm AG,True
R-dental Dentalmaterialien GmbH,True
R.A.W. Srl,False
RAYNER AND EVE LTD,False
Robins3D,False
R.T.D. Recherches Techniques Dentaires SAS (France),False
"R&D Systems, Inc.",True
R&E Stricker Reha-Entwicklungen GmbH,True
R&J Moore 2000 Ltd,False
r2 Diagnostics Inc,True
R82 A/S,True
RAC Dental Laboratory,False
Radford Heath Ltd,False
"Radformation, Inc.",True
Radiaction Ltd.,True
Radial Cradle Ltd,False
Radiant Dental Laboratory,False
Radiant Innovation Inc.,False
Radiobotics ApS,True
"Radiological Imaging Technology, Inc.",True
RadioMed Corporation,True
Radiometer Medical ApS,False
Radko Dental Professional,False
Radley Scientific Ltd,True
"RadScan Medical Equipment, Inc.",False
Rae and Rae Opticians,False
RAFFIN MEDICAL,True
Raguse Gesellschaft für medizinische Produkte mbH,True
Rahnama Dental Laboratory LTD,False
Raiing Medical Company,False
rainbow orthotics,False
"Raise Medical Industries, Inc.",False
RAL Diagnostics,True
"Ralon Medical Equipment Co.,Ltd",False
Ram Medicals Limited.,False
"Rampart IC, LLC",True
Ramsay Sterile Services East,False
Ramsay Sterile Services North West,False
Ramsbottom Dental Care,False
RAND S.P.A.,True
Randox Laboratories India Private Limited,False
Randox Laboratories Limited,False
Ranfac Corporation,True
Ransome Optical Ltd.,False
RAPID Biomedical GmbH,True
Rapid Health Limited,False
Rapid Labs Ltd,False
Rapid Medical Ltd,True
RAUMEDIC AG,True
RAUMEDIC AG,True
raven dental lab ltd,False
ravo Diagnostika GmbH,True
Rawling & Sons (Opticians) Ltd,False
"Ray Co.,Ltd",False
Ray Vision International Corporation,False
Raye's Inc. D/B/A Sizewise Manufacturing,False
RAYENCE,False
RAYENCE,False
RAYENCE,False
Rayleigh Dental Laboratory,False
Rayleigh VE Limited,False
RAYS S.p.A.,True
RaySearch Laboratories AB (publ),False
Raz Design Inc.,True
RAZORMED INC.,True
RB Medical Engineering Ltd,False
RBR active Limited,False
RC Pinder Ltd,False
RC Pinder Ltd,False
"RCL Ceramics Ltd, Dental Suite One",False
RCR Medical,False
RCube Health Ltd,False
RD Biomed Limited,False
RD White Opticians Ltd,False
"RDA SPOT, UAB.",False
rds denture laboratory,False
RDT Prosthetics Limited,False
RDT Technology Ltd,False
"Reach Surgical, Inc.",False
Reactive Robotics GmbH,True
read on GmbH,True
Reah Denture Clinic,False
REAL Digital International Limited,False
REAL STAR SURGICAL,False
RealCloud Imaging Inc.,False
Realeyes Finchley LTD,False
Realeyes Ltd,False
realeyes oxford ltd ta Conways of Oxford,False
realeyes sutton ltd,False
Realistic Prosthetics Ltd,True
Rebel Bionics Limited,False
Reboocon Bionics B.V.,True
Rebotec Rehabilitationsmittel GmbH,False
Rebstock Instruments GmbH,False
RecensMedical Inc.,False
RECIPE Chemicals + Instruments GmbH,False
RECK-Technik GmbH & Co. KG,False
Reckitt Benckiser Healthcare (UK) Ltd,False
Reco Heart Ltd,False
Reconstructive Prosthetics Lab.(Mr.M.James),False
Reconstructive Science Laboratory - GHNHSFT,False
ReCor Medical Inc,False
Recordati Netherlands B.V.,False
Red and Blue Optics LTD,False
Red e Med Limited,False
RED EYEWEAR LTD,False
REDA Instrumente GmbH,True
Redax S.p.A,False
RedDress Ltd,True
Redsense Medical AB,False
Redwood TTM Ltd,False
Reed Medical Ltd,False
"Reflow Medical, Inc.",False
Reg Hammond Prosthetics & Orthodontics (Kent),False
Rega Mobility Ltd,False
Regal Polythene Ltd,False
Regal Prosthesis Ltd.,False
REGEN Biotech Inc,True
Regen Lab SA,False
REGENGLOBALUK LIMITED,False
Regent Dental Laboratory LTD,False
REGER Medizintechnik GmbH,False
Regina Industries Ltd,False
REH4MAT,False
REHA-BED SP. Z O.O.,False
Rehabilitation Engineering Service,False
Rehabilitation Manufacturing Services Ltd,False
Rehabtronics Inc,False
Rehadapt GmbH,True
Rehan Enterprises Ltd,False
Rehasense Sp zo.o.,False
Rehateam S.R.L.,True
"Reichert, Inc.",False
Rein Medical GmbH,False
Reina Imaging,True
"ReIngenuity, Inc",False
Reintraocular Inc,False
Reinvent Dental Products LLC,True
REISON MEDICAL AB,False
"ReLIA Biotechnologies (Jiangsu), Inc.",False
Reliance Medical (Shanghai) Ltd,False
Reliance Medical Ltd,False
"Reliance Orthodontic Products, Inc.",False
RELIEF ORTHOTICS LTD,False
"ReliefBand Technologies, LLC",False
Relign Corporation,True
"REMED Co., Ltd.",False
Remeda AB,True
Remel Europe Ltd. part of Thermo FIsher Scientific,False
Remel Inc,False
Remidio Innovative Solutions Private Limited,False
REMINGTON MEDICAL INC,False
Remo Dental Laboratory Ltd,False
Remote Diagnostic Technologies Ltd.,True
Remy & Geiser GmbH,False
Renace Limited,False
Renaissance Dental Design Ltd,False
Renalsense LTD,True
RENDLESHAM DENTAL PRACTICE AND IMPLANT CENTRE LTD,False
Renfert GmbH,True
Renishaw Mayfield SARL,True
Renishaw Neuro Solutions Limited,False
Rennich Industries Ltd.,True
Renray Healthcare Ltd,False
Repolar Pharmaceuticals OY,False
Repose Furniture Ltd,False
Reprocessing Unit,False
REPROLIFE Inc.,False
Reproline medical GmbH,False
Rescape Innovation,False
Rescue and Medical Limited,False
RESDEVMED LDA,False
Research Instruments Limited,False
ReShape Lifesciences,False
Resilience MD,True
Reskin Medical NV,True
ResMed CORP.,False
ResMed PTY Ltd,True
ResMed SAS,True
ResolutionMD Inc.,False
RESONANCE HEALTH ANALYSIS SERVICES PTY LTD,False
Resono Ophthalmic SRL,False
RESORBA Medical GmbH,True
"Resoundant, Inc.",False
Respiratory Technology Corporation,False
Respiri Ltd.,False
Respironics Inc,False
Respironics Novametrix LLC,False
Response Bio Corp.,False
Response Ortho Teknolojik Uretim AS,False
Restech S.R.L.,False
"Restorative Care of America, Inc.",False
"Restorative Therapies, Inc.",False
Restore Dental Studio Ltd,False
RETAINER FRESH,False
RETINALYZE UK LTD,False
RetInSight GmbH,True
"Retractable Technologies, Inc.",False
Reuse Eyewear,False
Revitacare,True
REVIVED MEDICAL UK LTD,False
Revolution Health Products Ltd,False
Revolution-ZERO Group Ltd,False
Revvity chemagen Technologie GmbH,False
"Revvity Health Sciences, Inc",False
"Revvity Health Sciences, Inc",False
Robinson and Sproson Ltd,False
Revvity Singapore Pte Ltd,False
Rewire Rehab Ltd,False
Rex Implants,False
"Rexxam Co., Ltd.",False
Rexyn Ltd,False
"RF Medical Co., Ltd.",True
"RFBio Co.,Ltd",False
RfQ-Medizintechnik GmbH & Co. KG,True
"RFX+CARE Manufacturing Co., Ltd.",True
RHAK Gurmail-trading as Mistry Opticians,False
Rhein Device GmbH,False
Rhein Enterprise (PVT) Ltd,False
Rhein Group,False
Rhein Vision S.R.L.,False
Rhein83 Srl,False
Rheon Medical SA,True
RhinoMed Limited,False
Rhinostics Inc.,False
Rhiwbina Dental Ltd,False
Rhodes Health Limited,False
Rhodes Pharma Ltd,False
Rhondium Limited,True
RHS Dental Laboratory Ltd,False
"Rhythmlink International, LLC",True
RI.MOS srl,False
"Ribbond, Inc.",True
Riccardo’s Laboratory Limited,False
Ricerfarma S.r.l.,True
Richard Wolf GmbH,True
Richard Wolf GmbH,True
"Richard-Allan Scientific LLC, a subsidiary of Epredia",False
Richardson Electronics GmbH,True
Richardson Electronics GmbH,True
Richardson Healthcare,False
Richart Dental Studio Ltd,False
Richley Dental Ceramics Ltd,False
Richmond Hill Orthodontics Limited,False
RICHTER RUBBER TECHNOLOGY SDN BHD,True
Ricoh UK Products Limited,False
Ride Designs,False
Ridentes,False
Ridge Dental LTD,False
"Right MFG co.,ltd",False
"Rigicon, Inc.",True
RIMSA P. LONGONI SRL,False
Ring Splints By Zomile,False
Ringley Park Dental Practice,False
Ringwood Dental,False
Rini Ergoteknik,False
RioMed Ltd,False
risa GmbH,True
RİSUS SAGLIK URUNLERI SANAYI  VE TICARET ANONIM SIRKETI,False
RIT Advanced Oral Care Limited,False
Ritter Concept GmbH,True
Ritter Implants GmbH & Co.KG,False
"Rivanna Medical, Inc",False
River Dental Practice,False
ROBINSON DENTAL CERAMICS LIMITED,False
Riverain Technologies,False
Riverdene Dental Laboratory Limited,False
"Riverpoint Medical, LLC",True
Riverside Ceramics,False
Riverside Medical Packaging Co. Ltd.,False
Riverstone Resources Sdn.Bhd.,False
Riviera Dental Laboratory,False
Rizhao HuGe Biomaterials Company Ltd,False
"Rizhao Sanqi Medical & Health Articles Co., Ltd.",True
Rizq Medical Ltd,False
RJ Denture Clinic Ltd,False
RJS Dental Laboratory Limited,False
RK Dental Lab,False
RKL LTD t/a Kerr Eyecare,False
"Rmedica Co., Ltd.",False
RMJ Dental Laboratories Ltd,False
RNDent - IP Ltd.,False
Roadtohealth Group Limited,False
Roam Technology NV,True
Rober Ltd,False
Robert Callander Optician,False
ROBERT COLEMAN OPTICIANS,False
Robert Cullen Ltd,True
Robert Frith Four Ltd,False
Robert Frith One LTD,False
Robert Frith Opticians,False
Robert Frith Opticians (Twickenham) Ltd,False
Robert Frith Optometrists (Blandford) Ltd,False
Robert Frith Optometrists (Chard) Ltd,False
Robert Frith Optometrists (Yeovil) Ltd,False
Robert Frith Services Ltd,False
Robert Frith Three Ltd,False
Robert Frith Two Ltd,False
Robert Jones and Agnes Hunt Hospital (Sterile Services),False
Robert Taggart Dental Laboratory,False
Rocamed France,True
RocGene (Xuzhou) Technology Limited,True
Rochdale VE Ltd,False
Roche Diabetes Care GmbH,True
Roche Diagnostics GmbH,True
Roche Molecular Systems Inc.,False
Roche Rock Trading Limited,False
"Roche Sequencing Solutions, Inc.",False
Rocialle Healthcare Limited,True
Rock Dental Studio Ltd t/a Rock Dental Studio,False
Rock me momma Ltd,False
Rocket Medical Plc,True
ROCKMED INDUSTRIES,True
Rodenstock (UK) Limited,False
Rodenstock GmbH,True
Rodericks Dental Partners Limited,False
Rodler Dentlab Ltd,False
Roe Dental Laboratory; Inc,False
Rogers Foam Coporation,False
ROHO Inc,False
Rohto Pharmaceuticals Co. Ltd,False
ROKIT Healthcare INC,True
Rolapal Ltd,True
Rolf Kullgren AB,True
Rollz International B.V.,True
Roma Medical Aids Ltd,False
Romsey Eyecare,False
Romsons Group Private Limited,False
Romsons International (Unit-II),False
Roncadelle Operations srl,True
Ronvig Dental Mfg A/S,False
"Roosin Medical Co., Ltd.",True
Roots Dental Laboratory,False
Ropox A/S,True
Rosco Diagnostica A/S,False
Rose Dental Lab,False
Rose Lane Dental Technology,False
Rose Pharma SA,False
Roseacre Cottage Dental Practice Limited,False
Rosemont Pharmaceuticals Limited,False
Roslin Dental Laboratory,False
ROSS & BROWN SRL,True
Ross Dental Laboratory,False
Rossix AB,True
Rossmax Innotek Corp.,True
Rossmax International Ltd.,True
Rossmax Swiss GmbH.,False
Rotec International,False
Rotherham VE Ltd,False
Rothley Lodge Dental Practice,False
RotoBed ApS,False
Rovers Medical Devices B.V.,True
ROVIPHARM,True
ROWALK HOLDINGS LIMITED,False
Rowcroft Dental Centre Ltd,False
RoweMed AG - Medical 4 Life,False
RoweMed AG – Medical 4 Life,False
ROY ROWLANDSON LTD,False
Royal Brompton & Harefield NHS Foundation Trust,False
Royal College of Obstetricians and Gynaecologists,False
Royal College of Paediatrics and Child Health (RCPCH),False
Royal Cornwall Hospitals NHS Trust.,False
Royal Derby Hospital  (NHS),False
Royal Devon University Healthcare NHS Foundation Trust,False
Royal Devon University healthcare NHS Foundation Trust Orthodontic Department,False
Royal Free London NHS Foundation Trust,False
Royal United Hospitals Bath NHS Foundation Trust,False
Royal United Hospitals Bath NHS Foundation Trust,False
RR Mechatronics Manufacturing B.V.,False
RSR Limited,False
Rubbercare Protection Products Sdn Bhd,True
Rudgwick Medical Centre,False
Rudolf Medical GmbH + Co. KG,False
Rudolf Riester GmbH,True
Rudy Project S.p.A.,False
Rugby VE Ltd,False
"RUIAN SUNNYWORLD INTERNATIONAL TRADE CO.,LTD",False
Ruislip V E Limited,False
Rumex International Ltd,False
RUMI MEDTECH LIMITED,False
Runfold Plastics Ltd,False
Runlite SA,False
Runner Srl,False
Rx Farma Ltd,False
"RxSight, Inc.",True
Ryan Stewart,False
Rycote Dental Practice Ltd,False
Ryser Optik AG,False
RZ Medizintechnik GmbH,False
S & I Dental Laboratory,False
S & S Eyecare Ltd Trading As Safarian and Simon Opticians,False
S & V Technologies GmbH,False
S A FEATHERSTONE DENTAL LABORATORY,False
S B DENTURE DESIGN LTD,False
S DONNE (BEDFORD) LIMITED,False
S W Allen Optical Ltd,False
S W Rea & Co Ltd,False
S. H. Harrold (1937) Ltd,False
S.A.L.F. S.p.A.,False
S.B.M. SAS,True
S.B.O. Dental Laboratory,False
S.D. Dental Ceramics Limited,False
"S.E.S Healthcare  Products (Hefei) Co., Ltd",False
S.G.Dentures and Repairs Ltd,False
S.H.A INSTRUMENTS,False
S.I.M.E.O.N Medical GmbH & Co. KG,False
S.I.N. IMPLANT SYSTEM LTDA,False
S.L.P. Ltd.,True
S.R. Smith LLC,False
S.R.R. Surgical Company also trading as Mediplus,False
"S.THEPHARM Co., Ltd",True
S&G Biotech Inc,False
S&J DENTAL CERAMIC LAB LIMITED,False
S&L Wilson Ltd t/a Howards Opticians,False
S&S Care Ltd T/A Hewett's Dental Practice,False
S&S GLOVE CORPORATION,True
"S&S Med Co., Ltd.",False
S&T AG,True
S2Medical SB,False
S3 Dental,False
S4S (UK) Limited,False
S4S London Limited,False
SA.GE SRL,False
Saalmann medical GmbH & Co. KG,False
SACHIN TEX,False
Saebo UK Limited,False
"SAEYANG CO., LTD",False
Safe Obsteric System Limited,False
Safe Orthopaedics SAS,True
"Safecare Biotech (Hangzhou) Co., Ltd.",False
"SAFECARE BIOTECH (HANGZHOU) CO., LTD.",False
Safeguard Medical Technologies Ltd,True
Safespaces (Cornholme) Ltd,False
Safety First Aid Group Ltd,True
Safety Med Ltd,False
Safeway Industry Healthcare,True
SAFİ MEDİKALTEKSTİL SANAYİ İÇ VE DIŞ TİCARET ANONİM ŞİRKETİ,False
Safilo S.p.A.,False
SAFTE S.p.A.,False
SAGA DENTAL SUPPLY AS,True
Sagami Manufacturers Sdn. Bhd.,True
Sage Products LLC,False
Sagemax Bioceramics Inc.,False
Sahajanand Medical Technologies Ireland Ltd,True
Sahajanand Medical Technologies Limited,False
Sakura Finetek Europe B.V.,True
"Sakura Finetek Japan Co., Ltd.",False
"Sakura Finetek USA, Inc.",True
"Saladax Biomedical, Inc.",False
Salfordinsole Healthcare Ltd,False
Salignostics Ltd,False
Salimetrics,False
Salisbury Orthodontics Ltd,False
Salisbury VE Ltd,False
Sallis Healthcare Ltd,False
Sally French-Teeling Ltd,False
"Salt Optics, Inc",False
Salter Labs,True
Salts Healthcare Ltd,False
Saluda Medical Pty Ltd,True
SAM Medical Products,True
SamanTree Medical SA,True
Samphire Neuroscience Ltd,True
Samritz Healthcare Ltd,False
Samsara Vision Ltd.,True
Samsung Electronics Co. Ltd,True
"Samsung Medison Co., Ltd.",True
Samyang Holdings Corporation,True
SAN Dental,False
"Sanamedi, Inc.",False
"Sancare Health Co, Ltd",False
Sanctuary Health Sdn Bhd,False
SNI Optometric Services Ltd,False
Sanctuary Health Sdn Bhd,False
Sandford Dental Laboratory Limited,False
SANDINE ZARTAUX HOLDING LTD,False
Sandoz GmbH,False
Sandoz Limited,False
Sanguis Counting Kontrollblutherstellungs- und Vertriebs GmBh,False
Sanicen S.A.U.,False
Sanitas Healthcare Limited,True
Sanivap,True
Sano Supplies Ltd,False
Sanoculis Ltd.,True
Sanofi-Aventis Deutschland GmbH,True
SanoMed Manufacturing BV,False
"Sanqi (Vietnam) New Materials Co., Ltd.",False
Sansure Biotech Inc.,True
Santa Barbara Imaging Systems,False
SANTEC  OIS CORPORATION,False
Santen,True
Santex SpA,False
Sanway Gene Tech. Inc.,True
"Sanyo Chemical Industries, LTD.",False
Sapi Med S.p.A.,False
Sarah Edis denture clinic,False
Sarah Farrar Opticians,False
Saremco Dental AG,False
Sarstedt AG & Co,False
Sartoris Products Ltd,False
Sartorius Stedim Biotech GmbH,True
SAS Paname,False
Sasmar Pharmaceuticals Sprl,False
Satelec,False
SATELLITE INDUSTRIES,False
SATH NHST Maxillofacial and Orthodontic Laboratory,False
Savantini Ltd,True
Savaria Concord Lifts inc.,False
SAVI GmbH,False
SAVIO INDUSTRIAL srl,False
"SB-KAWASUMI LABORATORIES, INC.",False
SBO Hearing A/S,True
SC International Limited,False
Scala Surgical Ltd,False
Scaleo Medical,True
Scan Mobility,False
Scanco Medical AG,True
ScandiDos AB,True
Scar Heal,True
Scarborough Denture Centre,False
Scarpro N.V.,True
SCC Soft Computer,False
Schaerer Medical AG,False
Schalcon S.p.A,False
ScheBo Biotech AG,True
Schein Orthopädie Service KG,True
Schelchen GmbH,True
SCHER & LASKY OPTICIANS LTD,False
SCHEU-DENTAL GmbH,True
Schiller AG,True
Schiller Medical,True
Schlumbohm GmbH + Co. KG,False
SCHMITZ medical GmbH,False
Schneider Medical Industries,False
Schnitzler Rettungsprodukte GmbH & Co. KG,False
Scholl's Wellness Company,False
Schölly Fiberoptic GmbH,True
"Scholten Surgical Instruments, Inc.",False
School House Dental Lab,False
Schottlander Manufacturing GmbH,False
Schuchmann GmbH & Co KG,False
Schuhfried GmbH,True
Schülke & Mayr GmbH,True
Schulte-Elektronik GmbH,True
Schultz Medical (UK) Ltd,False
Schuremed,False
Schutz Dental GmbH,False
Schwarzer Cardiotek GmbH,True
SCHWIND eye-tech-solutions GmbH,False
SciCan Ltd.,True
Scientific BioTech Ltd,False
"Scinomed (Shanghai) Bio-Tech Co., Ltd",True
Scinomed Ltd,False
"Scion Future (Beijing) Intermational Supply Chain Management Co., Ltd",False
"Sciton, Inc.",True
Scoozy B.V.,False
Scope Ophthalmics Ltd,True
Scope Opthalmics Limited,False
Scopio Labs Ltd.,False
Scorpion,True
Scot Denture Clinic Ltd,False
Scotlens Limited,False
Scotmed  Ltd.,False
Scott Green @ Estuary,False
Scott Specialties Inc,True
Scottish Centre for Excellence in Dentistry,False
Scottish Orthodontics Ltd,False
Scotts Opticians Ltd,False
ScreenPoint Medical,True
Scunthorpe VE Ltd,False
"SD Biosensor, Inc.",False
SD INNOVATION S.A.S,False
sdc dental laboratory,False
SDI Limited,True
SDI Limited,True
SDPDM,False
SDS Swiss Dental Solutions AG,True
Sea-Band Ltd,False
Seating Matters Ltd,False
Seaview Dental Practice,False
"Seawon Meditech Co.,Ltd.",True
Sebia,True
Sebia,True
Sebia,True
Sebia,True
Sebia (UK) LTD,False
seca gmbh,False
seca Ltd,False
"Sechrist Industries, Inc.",False
Sectra AB,True
SECURMED S.p.A,False
Sedana Medical Ltd.,True
SEDATELEC,True
"See World Optical Co., Ltd",False
"SEED Co., Ltd",False
SEEDS Company Ltd,False
Seegene Inc.,False
SEERS Medical Limited,False
SEFAM SAS,False
Segetex-eif,True
Sehar Batool International,False
Seiko Optical Products Co. Ltd,False
Seiler Instrument & Manufacturing Co. Inc.,False
Seirian Ltd,False
Seirin Corporation,False
"SEJONG MEDICAL Co., Ltd",True
"Sejoy Biomedical Co., Ltd.",True
"Sejoy Biomedical Co.,Ltd.",False
Sekisui Diagnostics LLC,False
SEKISUI DIAGNOSTICS P.E.I. Inc.,False
"SEKISUI MEDICAL CO., LTD.",False
Select Denture Centre,False
Select Healthcare (UK) Ltd,False
Select Medical Ltd.,False
Select Research Ltd,False
Select Specs Ltd,False
Self-screen B.V.,True
SelfBack ltd,False
SelfSense Technologies Ltd,False
Selles Medical,False
"SELVAS Healthcare, Inc.",True
Semeda GmbH,True
SEMİKAL TEKNOLOJİ SANAYI ve TİCARET. A.Ş.,False
Semler Technologies Inc.,False
Sendal S.L.,False
"Sener Diagnostics, S.A.",False
Sengewald Klinikprodukte GmbH,True
"SenoRx, Inc.",False
Sense4Care S.L.,False
Sensing Self Pte Ltd,False
Senslab GmbH,False
Sensonics International,False
Sensus Healthcare,False
Sentec AG,True
Sentec AG,True
Sentiental Ltd,False
SENTINEL CH. S.p.A.,True
Snorer.com Ltd,False
Sentiss Pharma Private Limited,True
Senzime AB,True
SEOIL PACIFIC CORP.,False
Septodont,True
SeqOne,True
"Sequoia-TWN Healthcare Co., Ltd.",False
SERB SA,True
Serchem Ltd,False
Sercon Limited,False
Seriderm UK Limited,False
SERO AS,True
Serosep Limited,True
Serres Oy,True
Serrix B.V.,False
Serumwerk Bernburg AG,True
Servicio Integral Hospitalario S.L.U.,False
Servo-Dental GmbH & Co. KG,False
servoprax GmbH,True
Set Medikal Sanayi ve Ticaret A.S.,False
Seventy BG srl,True
"SEWOON MEDICAL CO., LTD.",False
sfm medical devices GmbH,True
SFT Dental Laboratory,False
SG Dental LABORATORY LIMITED,False
SG Diagnostics Pte Ltd,False
SGD Dental Ceramics,False
SH Lab,False
"SH Medical Salud Y Servicios Iberica, S.L",False
Shaftesbury Eyecare Ltd (T/A Robert Frith Optometrists. Shaftesbury),False
Shamir Israel Ltd,True
"Shamir Optical, LDA",False
Shamir UK Ltd,False
Shamirlens Thailand Co. Ltd,False
"Shandon Diagnostics Limited, a subsidiary of Epredia",False
"SHANDONG AISHULE HYGIENE PRODUCTS CO., LTD",True
Shandong Ande Healthcare Apparatus Co Ltd,False
"Shandong Blue Sail Health Technology Co., Ltd.",False
"Shandong Blue Sail Innovation Co., Ltd",False
"Shandong Bohong Gene Technology Co., Ltd.",True
"Shandong GD Technology Co., Ltd",False
"Shandong Hapool Medical Technology Co., Ltd",False
Shandong Harmowell Trade Co Ltd,False
"Shandong Hengchang Medical Technology Co., Ltd.",True
"Shandong Huamei Technology Co., Ltd.",False
Shandong Huge Dental Material Corporation,True
"Shandong Intco Medical Products Co., Ltd.",True
SHANDONG KANGLILAI MEDICAL APPARATUS CO. LTD.,False
SHANDONG LEE MED TECHNOLOGY CO. LTD.,False
"Shandong Lianfa Medical Plastic Products Co.,Ltd.",True
Shandong Ruyue Medical Technology Co Ltd,False
"Shandong Shangwei Medical Products Co.,Ltd.",True
"Shandong Shingna Medical Products Co., Ltd.",True
"Shandong ThinkLab Biotechnology Co., Ltd.",False
"Shandong Weigao Group Medical Polymer Co., Ltd.",True
"SHANDONG XINGYU GLOVES CO.,LTD",True
"Shanghai Anqing Medical Instrument Co., Ltd.",True
"Shanghai Aohua Photoelectricity Endoscope Co.,Ltd.",True
"Shanghai Apolo Medical Technology Co., Ltd.",False
"Shanghai Bangbang Robotics Co., Ltd.",True
"Shanghai Berry Electronic Tech Co., Ltd",True
"SHANGHAI BING FAN INDUSTRIAL CO., LTD.",False
"Shanghai BioGerm Medical Technology Co., Ltd.",True
"Shanghai Bionaire Biotech Co., Ltd.",False
Shanghai Chenguang Medical Technologies Co. Ltd,False
"Shanghai Chongjen Industry Co., Ltd.",False
"Shanghai Conant Optics Co., Ltd.",True
"Shanghai DNK New Materials Technology Co., Ltd",True
"Shanghai Dochem Industries Co., Ltd.",False
Shanghai Drager Medical Instrument Co Ltd,False
"Shanghai Everpure Medical Plastic Co.,Ltd.",False
"Shanghai Homelabs Medical Co., Ltd",False
"Shanghai Hua En Industrial Co., Ltd.",False
SHANGHAI HUBANG INTELLIGENT REHABILITATION EQUIPMENT CORPORATION,True
"SHANGHAI HUVITZ Co.,Ltd.",False
"Shanghai ISO Medical Products Co., Ltd.",False
"Shanghai Jianzhong Medical Packaging Co., Ltd",False
"Shanghai Kindly Enterprise Development Group Co., Ltd.",False
"Shanghai Kindly Medical Instruments Co, Ltd.",False
Shanghai Kohden Medical Electronic Instrument Corp.,True
Shanghai Leison Medical & Healthcare products Co.LTD,False
"Shanghai Link Instruments Co., Ltd.",False
"Shanghai MediWorks Precision Instruments Co., Ltd.",False
Shanghai MicroPort Endovascular MedTech (Group) Co. Ltd,False
"Shanghai MicroPort EP MedTech Co., Ltd.",True
"Shanghai MicroPort MedBot (Group) Co., Ltd.",True
"Shanghai Moon Bay Medical Instrument Co,Ltd.",False
"Shanghai Personage Hygiene Products Co.,Ltd",False
"Shanghai Pulse Medical Technology,Inc.",False
"Shanghai REACH Medical Instrument Co., Ltd",False
"Shanghai Realbio Technology Co., Ltd.",False
Shanghai Reyoungel Medical Technology Company Limited,True
"Shanghai Ruicheng Industry Co., Ltd",False
"Shanghai Sanyou Medical Co., Ltd.",True
"Shanghai SeeGen Photoelectric Technology Co.,Ltd",False
"Shanghai Senwo Industry Co., Ltd.",False
"Shanghai Shape Memory Alloy Co., Ltd.",True
Somnowell Ltd,False
Shanghai Siyi Intelligent Technology Co. Ltd,False
Shanghai Transfusion Technology Co Ltd,False
"Shanghai United Imaging Healthcare Co., Ltd.",False
"Shanghai Wisking Electric Machine Co., Ltd.",False
SHANGHAI WONDERFUL OPTO-ELECTRICS TECH. CO. LTD,False
"Shanghai Xing Yu Medical Equipment Co.,Ltd.",False
"SHANGHAI ZJ BIO-TECH CO., LTD",True
Shangxian Minimal Invasive Inc.,False
"Shantou Institute of Ultrasonic Instruments Co., Ltd.",False
"Shantou Wealy Medical Instrument Co., Ltd.",False
"Shanxi Chengyi Biotechnology Co., Ltd",False
Shanxi Regent Works Inc,False
"Shaoxing Fuqing Health Products Co., Ltd.",True
"Shaoxing Shouren Medical Health & Technology Co.,LTD",False
"SHAOXING YIBON MEDICAL CO., LTD.",True
"Shaoxing Yingtuo Healthcare Co., Ltd.",False
SHAPE MEMORY MEDICAL INC.,False
Shardman Healthcare Ltd.,False
Shari Jane Daniels Limited,False
Sharing Smiles Orthodontics ltd,False
Sharon Patricia Tamplin,False
Sharon Services UK ltd,False
Sharp  Aesthetics,False
Sharp Eyecare Ltd,False
SHARPLINE Surgical Technologies GmbH,False
SharpTx Ltd,False
"Sheathing Technologies, Inc.",False
Sheffield Orthodontic Laboratories Limited,False
Sheffmed Limited,True
"SHENB Co., Ltd.",True
"Shenyang Bokan Biotechnology Co., Ltd.",False
Shenzen Sunflower Laboratory,False
"Shenzhen Acurio Instrument Co., Ltd.",False
"Shenzhen Aeon Technology Co., Ltd.",False
Shenzhen Amydi-med Electrics Tech Co Ltd,False
"Shenzhen Antmed Co., Ltd.",False
"Shenzhen AOJ Medical Technology Co., Ltd.",True
Shenzhen Astec Technology Co Ltd,False
"Shenzhen Baiyi E-commerce Co., Ltd",False
"Shenzhen Beacon Display Technology Co., Ltd.",False
"Shenzhen Belter Health Measurement and Analysis Technology Co., Ltd.",False
"Shenzhen Benliju Bio-Tech Co.,Ltd.",False
SHENZHEN BEYOND & BX DENTAL LABORATORY CO.LTD,False
Shenzhen Bi-Rich Medical Devices Co. Ltd,False
"ShenZhen BoomingShing Medical Device Co., Ltd.",False
"Shenzhen Boon Medical Supply Co., Ltd.",False
"Shenzhen Boon Medical Supply Co., Ltd.",False
"Shenzhen BSX Technology Electronics Co., Ltd.",False
"Shenzhen Caremed Medical Technology Co., Ltd.",False
"Shenzhen Caremed Medical Technology Co.,Ltd",False
"Shenzhen Carewell Electronics Co., Ltd",False
"Shenzhen Certainn Technology Co., Ltd",True
"Shenzhen Changke Connect Electronics Co., Ltd.",True
"Shenzhen Changke Connect Electronics Co., Ltd.",True
"Shenzhen Changkun Technology Co., Ltd",True
"Shenzhen Changkun Technology Co., Ltd.",True
"Shenzhen Channel Biotechnology Co., Ltd.",False
Shenzhen Combei Technology Co Ltd,False
"Shenzhen Comen Medical Instruments Co.,Ltd.",True
"Shenzhen CoreRay Technology Co., Ltd.",True
"Shenzhen Corindor Trading Co., Ltd.",False
"Shenzhen Creative Industry Co., Ltd.",False
"Shenzhen Dakewe Bio-engineering Co., Ltd.",True
"Shenzhen Delica Medical Equipment Co., Ltd.",True
Shenzhen Denco Medical Co. Ltd.,False
Shenzhen Dian Fong Abrasives Company Limited,False
"Shenzhen Dongdixin Technology Co., Ltd.",True
SK Smiles Limited,False
"Shenzhen Dymind Biotechnology Co., Ltd.",True
"Shenzhen ENMIND Technology Co., Ltd",True
"Shenzhen Envisen Industry Co., Ltd.",False
"Shenzhen Everbest Machinery lndustry Co.,Ltd.",False
"Shenzhen Finicare Co., Ltd.",False
"Shenzhen Fitfaith Technology Co., Ltd.",True
"SHENZHEN GEMEILI TECHNOLOGY CO., LTD",True
"Shenzhen Hawk Medical Instrument Co., Ltd.",True
"Shenzhen Hingmed Medical Instrument Co., Ltd",True
"Shenzhen Hingmed Medical Instrument Co., Ltd.",True
"Shenzhen Homed Medical Device Co., Ltd.",True
"Shenzhen Huaree Technology Co., Ltd",True
"Shenzhen Huayu Wantuo Technology Co. , Ltd",False
"Shenzhen HugeMed Medical Technical Development Co., Ltd",True
"Shenzhen HugeMed Medical Technical Development Co., Ltd",True
"Shenzhen Huizhong Biotech Co., Ltd.",False
"Shenzhen IMDK Medical Technology Co., Ltd",False
"Shenzhen Increcare Biotech Co., Ltd",True
"Shenzhen Insighters Medical Technology Co.,Ltd",False
"Shenzhen New Industries Biomedical Engineering Co., Ltd.",True
"Shenzhen Jamr Technology Co., Ltd",True
"Shenzhen JCR Medical Technology Co., Ltd",False
"Shenzhen Lifotronic Technology Co., Ltd.",True
"Shenzhen New Perfect Exact Dental Research Co., Ltd.",False
Shenzhen OSTO Medical Technology Company Limited,True
"Shenzhen Pacom Medical Instruments Co., Ltd.",False
"Shenzhen Rogin Medical Co., Ltd.",True
"Shenzhen Root Innovation Technology Co., Ltd.",False
"Shenzhen Roundwhale Technology Co., Ltd.",False
"Shenzhen Ruiankang Technology Co., Ltd.",True
"Shenzhen SafeSecure Medical Infection Control Tech Co., Ltd",True
"Shenzhen Sciarray Biotech Co., Ltd.",False
Shenzhen Seacrown Electromechanical Co Ltd,False
Shenzhen Shineyard Medical Device Company Limited,False
"Shenzhen SINO-K Medical Technology Co., Ltd.",True
"Shenzhen SiSensing Co., Ltd.",True
"Shenzhen SOGA Technology Co., Ltd.",True
"Shenzhen Sonosray Technology Co., Ltd.",False
Shenzhen Viatom Technology Co Ltd,False
"Shenzhen Jermei Medical Device Technology Co.,Ltd.",True
Shenzhen JetMay Care Limited,False
"Shenzhen Jumper Medical Equipment Co., Ltd.",False
"Shenzhen Keborui Electronics Co., Ltd",False
Shenzhen Kentro Medical Electronics Co. Ltd.,False
Shenzhen Kingyield Technology Co. Ltd,False
"Shenzhen Launch Electrical Co.,Ltd.",False
"Shenzhen LEPU Intelligent Medical Equipment Co., Ltd.",False
"Shenzhen Lifotronic Technology Co., Ltd.",True
"Shenzhen Lontek Electronic Technology Co., Ltd.",False
"Shenzhen Lvshiyuan Biotechnology Co.,Ltd.",False
"Shenzhen MandeLab Co., Ltd.",True
"Shenzhen MDERN Biotechnology Co., Ltd.",False
"Shenzhen Med-link Electronics Tech Co.,LTD.",True
"ShenZhen Medek Bio-Medical Co., Ltd.",False
"Shenzhen Medke Technology Co., Ltd.",True
"Shenzhen Medoo Medical Tech. Co., Ltd.",True
"Shenzhen Microprofit Biotech Co., Ltd",True
"Shenzhen Mindray bio-medical electronics, ltd",False
Signature Dental Laboratory Ltd,False
"Shenzhen Pacom Medical Instruments Co., Ltd.",False
"Shenzhen Pango Medical Electronics Co., Ltd",False
"Shenzhen Perfect Medical Instruments Co., Ltd.",True
"Shenzhen Proxinse Medical Technology Co., Ltd.",False
"Shenzhen Prunus Medical Co., Ltd.",False
"Shenzhen Prunus Medical Co., Ltd.",False
"Shenzhen Purwell Medical Technology Co., Ltd",False
"Shenzhen Raycome Health Technology Co., Ltd.",False
"Shenzhen Raysintone Technology Co., Ltd.",False
"Shenzhen RF Tech Co., Ltd.",True
"Shenzhen SunnyGrand Healthcare Technology Co., Ltd.",False
"Shenzhen SunnyGrand Healthcare Technology Co., Ltd.",False
Shenzhen Superline Technology Co. Ltd.,False
Shenzhen Tailored Medical Ltd.,False
"Shenzhen Tianyue Future Technology Co., Ltd",True
"Shenzhen Tisenc Medical Devices Co., Ltd.",True
Shenzhen Tsingcare Medical Co. Ltd.,False
"Shenzhen Tuyou Medical Imaging Co.,Ltd",False
silver leaf dental laboratory,False
"Shenzhen Unicare Electronic Co., Ltd",True
"Shenzhen United Creative Plastic Mold & Electronics Co., Ltd.",False
"Shenzhen Urion Technology Co., Ltd.",True
"Shenzhen Urion Technology Co., Ltd.",True
"Shenzhen Viatom Technology Co., Ltd.",False
"Shenzhen Vivolight Medical Device & Technology Co., Ltd.",False
"Shenzhen Watmind Medical Co., Ltd",True
"ShenZhen Well.d Medical Electronics Co., Ltd.",True
"Shenzhen Wisonic Medical Technology Co., Ltd.",True
"Shenzhen Xiangtong Co., Ltd.",False
"Shenzhen XingyuanIi TechnoIogy Co., Ltd.",False
"Shenzhen Xinjisi Dental Lab Co., Ltd",False
"Shenzhen Xinwuzhou Dental Equipment Co., Ltd.",False
"Shenzhen Xpectvision Technology Co., Ltd.",True
"Shenzhen Xufu Technology Co., Ltd.",True
"Shijazhuang Hipro Biotechnolog Co., Ltd",False
"Shijiazhuang AOFEITE IMP & EXP Co., Ltd",False
"Shijiazhuang Hongray Group Co., Ltd.",True
Shimadzu Corporation,False
"Shenzhen Viatom Technology Co., Ltd.",False
"Shenzhen Yamind Medical Technology Co., Ltd.",True
"SHENZHEN YATTLL INDUSTRY CO., LTD",True
"SHENZHEN YHLO BIOTECH CO., LTD.",True
"Shenzhen YuanHua Medical Equipment Technology Co., Ltd.",True
"ShenZhen ZhengKang Technology Co., Ltd.",True
"Shenzhen Zhimahuaerkai Technology Co., Ltd.",True
"Shenzhen Zhongkemingwang Telecommunications Software Corp., Ltd.",True
Shenzhenshihaofanwangluokejiltd,False
Sheppey Lab Ltd,False
SHERRING-LUCAS DENTAL LABORATORY LTD.,False
Sherwood Dental Laboratory,False
SHIELD Scientific B.V.,True
Tema Sinergie S.p.A,False
TEMPDROP LTD.,False
"Tempus AI, Inc.",False
Temrex Corporation,True
"Tenex Health, Inc,",False
Tens Plus Industrial Company,True
Tenscare Ltd,True
Teoxane S.A.,False
TePe Oral Hygiene Products Ltd,False
Tepha Inc.,False
Terang Nusa Malaysia Sdn. Bhd.,False
The Denture Studio Ltd,False
SHIMADZU CORPORATION Medical System Division,False
Shine Dental Care Ltd,False
Shine Dental Clinic Limited,False
Shine dental laboratory Ltd,False
"Shinhung Co., Ltd.",True
Shinhung Company Ltd,False
"Shining 3D Tech Co., Ltd.",True
Shire Controls Limited,True
"Shire Human Genetic Therapies, Inc. (Shire HGT)",False
"Shockwave Medical, Inc.",False
"Shockwave Medical, Inc.",False
SHOFU INC,False
Shonaquip Social Enterprise Ltd,False
Shore Sight Ltd,False
Shotley Bridge Dental Care,False
Shrewsbury Dental Laboratory Ltd,False
Shrewsbury VE Ltd,False
Shukla Medical,False
"Shunmei Medical Co., Ltd.",False
"Si-Bone, Inc.",False
Si-Flex Limited,False
SI&D (Aust) Pty Ltd,True
SIC invent Sweden AB,False
SICAT GmbH & Co. KG,True
"Sichuan AST Medical Equipment Co., Ltd",False
SIDAM SRL,False
SIDAPHARM P.C.,False
Sidly Sp.Z o.o.,False
SIE Surgical Instrument Engineering,False
Siemens Healthcare Diagnostics Inc,True
Siemens Healthcare Diagnostics Inc,True
Siemens Healthcare Diagnostics Inc,True
Siemens Healthcare Diagnostics Manufacturing Limited,True
Siemens Healthcare Diagnostics Products GmbH,True
Siemens Healthcare Diagnostics Products Limited,True
Siemens Healthcare GmbH,True
Siemens Healthcare Pvt. Ltd.,True
"Siemens Medical Solutions USA, Inc",True
"Siemens Medical Solutions USA, Inc, Molecular Imaging",False
"Siemens Medical Solutions USA, Inc.",True
Siemens Shanghai Medical Equipment Ltd.,True
Siemens Shenzhen Magnetic Resonance Ltd.,True
Sifcon International plc,False
SIFI S.p.A.,True
Sifin Diagnostics GmbH,False
Sight ltd,False
Sight Sciences Inc.,False
"SightGlass Vision, Inc.",False
Sightique Optic Supplies UK Limited,False
Sigma Laborzentrifugen GmbH,False
Sigma-Aldrich Inc,False
"SigmaStim Domestic, LLC",False
Signature Ceramics,False
Signature Dental Ceramics Ltd,False
Signature dental ceramics ltd,False
Signia GmbH,False
Signifier Medical Technologies Limited,False
Signigene,False
SIGNUS Medizintechnick GmbH,False
Sigowill Bio Meditech Limited,False
Sigvaris AG,False
Sigvaris AG,False
Sigvaris AG,False
Sigvaris Britain Limited,False
Sigvaris Inc,True
SIGVARIS S.A.,False
Sigvaris SAS,True
SIGVARIS SAS,True
siHealth Ltd,False
"Sihong Surgitrac Co, Limited",False
Sikka International Ltd,False
SILA TEKNOLOJİ VE SAGLIK A.S.,False
SILC SpA,False
Silicol GmbH,True
Silicon Pharma Ltd,False
SILIMED - Indústria de Implantes Ltda,False
Silipos Holding LLC,True
Silk'n Beauty Ltd,True
Silony Medical GmbH,True
Silony Medical Limited,True
Silvalea Limited,False
Silver and Rose,False
The Denture Suite Limited,False
SILVERFOX CORPORATION LIMITED,True
Silverthornes Optical Ltd,False
Sim&Cure,True
Simai Co Ltd,False
"SIMAI Co., Ltd.",True
Simcast Dental Laboratories Ltd,False
Simed Global LTD,False
Simeks Tibbi Urunler San. ve Tic. Ltd. Sti,False
simex Medizintechnik GmbH,True
Similisan AG,False
Simmons Optometrists,False
Simon Hicks & Tracy Hicks T/A Hicks Dental Laboratory,False
Simon Thomas Dental Ceramics,False
Simonsen & Weel A/S,True
Simple Stuff Works Associates Ltd,False
Simplee Dental Ceramics,False
Simplify Orthotics LTD,False
Simplivia Healthcare Ltd,False
Simply Crown & Bridge.(J.& P.Reid),False
Simply Dentures (West Midlands) Ltd,False
Simply Private Ltd,False
Simply Serve Limited,False
Simport Scientific Inc,False
SINAPI Biomedical (Pty) Ltd,True
Sinclair France SAS,True
Sinclair Orthodontics Ltd,False
"Sinclair Pharma US, Inc.",False
Sinclair's Dental Laboratory,False
"Single Pass, Inc.",False
SK dental design studio,False
Sinmed Sp. z o.o.,False
Sino Medical Sciences Technology Inc.,True
"Sino Medical-Device Technology Co., Ltd",False
"Sinolinks Medical Innovation, Inc.",True
SINOVO health solutions GmbH,True
Sion Biotext Medical Ltd.,True
Sirius Medical Systems B.V.,False
Sirma Medical Systems JSC,False
Sirona Dental Systems GmbH (Germany),False
"Sirona Dental, Inc.",False
Sirtex Medical Pty Ltd,True
Sirys Ltd,False
"SIS Ltd., Surgical Instrument Systems",False
SIS Medical AG,True
SISCO LATEX PRIVATE LIMITED,False
Sissel GmbH,True
SiSU Wellness Ltd,False
SiSU Wellness Pty Ltd,False
Sivantos GmbH,True
Six Gables Dental Practice Ltd,False
Sixtem Life S.r.l,False
SIXTUS ITALIA,False
"Siyang Jaysun Medtech Co., Ltd",False
SJH Prosthetics,False
SJL Dental Studios,False
Sjsoptical Ltd T/A Long Stratton Eyecare,False
sk dental,False
"Skeletal Dynamics, Inc",False
Skelton Dental Laboratory,False
Sky Chemicals (UK) Ltd,False
Sky Dental Ceramics Ltd,False
"Sky Medical Technology Limited, also trading as Firstkind Limited",False
"Small Beginnings, Inc.",False
Small Business PLans Ltd T/A Posture Analysis Machine,False
Smartspec T/A Brosgill Opticians,False
Smartz Operations Pty Ltd,True
smile direct dental laboratory,False
Smile House Dental Practice,False
Smile Line SA,False
Smileshape Ltd,False
Smilewide,False
SML Med-Tech Solutions Ltd,True
SMP Scientific Medical Products GmbH,True
"Sociedad Espanola de Electromedicina y Calidad, S.A. (SEDECAL)",False
"Sociedad Espanola de Electromedicina y Caludad, S.A. (SEDECAL)",False
SOL Spa,False
Sol-Millennium Medical Inc.,False
Solway Crown & Bridge Ltd,False
"Somatics, LLC",True
Somerhill Dental Practice Ltd,False
Somerset NHS Foundation Trust,False
Sommar Ltd,False
Somnics Inc,False
SomnoMed AG,False
SomnoMed Philippines Inc.,True
SOMNOmedics AG,True
Skin Analytics Limited,False
Skin Life Analytics Ltd,False
Skins Sexual Health Ltd,False
SkinVision B.V.,False
Skinwear Ltd,False
Skulle Implants Oy,False
Skultura Ltd,False
"Sky Medical, a.s.",False
Skydent a.s.,False
SkyDent Dental Laboratory,False
SkylineDx BV,False
"Slater Endoscopy, LLC",False
SLE Ltd,False
SleepNet Corporation,False
SLK  VERTRIEBSGESELLSCHAFT mbH,False
"SLK Medical Material (Tianchang) Co., Ltd.",True
SLMP LLC d.b.a. StatLab Medical Products,False
SMART Clinical Products BV,True
Smart Dental Ceramics Ltd,False
Smart Medical Systems Ltd,True
Smart Respiratory Products Ltd.,False
Smartbox Assistive Technology LTd,False
SMARTCANULA LLC,False
SMARTCARDIA SA,True
SmartCRUTCH Limited,False
"SMARTEE ALIGNERS SPAIN, S.L",False
SmartPractice,True
SMARTR Health,False
Smylio Inc,False
SMB Corporation of India,True
SMB CORPORATION OF INDIA,True
Smeg S.p.A,False
Smera LTD,False
Smile,False
SMILE AGAIN DENTAL LAB,False
Smile Art Dental Studio,False
Smile Dental Laboratory Ltd,False
Smile Design Lab Ltd,False
Smile Design Ltd,False
Smile Prosthetics,False
Smile Radiance Limited,False
Smile Studio t/a Perfect Trays,False
Smile Time Dental Lab,False
SMILE2IMPRESS S.L.,False
Smilealot dental Laboratory LTD,False
SmileLux,False
Smilemore Dental Care,False
Smiles Better Dental Ltd,False
Smiles Cosmetic Denture Clinic,False
Smilex dental solutions,False
Smileyscope Pty. Ltd.,False
Smirthwaite ltd,False
Smith & Nephew Medical Limited,True
Smith & Nephew Orthopaedics AG,True
Smith & Nephew Orthopaedics Limited,True
"Smith & Nephew, Inc.,",False
"Smith & Nephew, Inc., Endoscopy Division",False
Smiths Medical ASD Inc,False
Smiths Medical International Limited,False
SMR Automotive Australia Pty Limited,True
SMT Swiss Microtechnology AG,True
"Snoring Relief Labs, Inc.",False
Snowden Limited,False
Snowdent Healthcare Co Ltd,False
Snucone Co.Ltd,False
SOCIALDIABETES Limited,False
Sodel,True
Sofibel - Laboratoires Fumouze,False
SOFIC,False
Sofradim Production,True
SOFT MEDICAL AESTHETICS,True
Softcompress,False
SoftJump Limited,False
Software NemoTec S.L.,True
Software Team Srl,False
SOL Group LAB srl,False
Sol-Millennium Medical Inc.,False
Sola Diagnostics GmbH,False
"Solaplus Biotech Co., Ltd.",False
"Solaris Medical Technology, Inc.",False
Solcom Limited,False
Soleko S.p.A,False
"Solta Medical, Inc.",True
Soltec S.r.l,False
Soluscope SAS,True
Solushin Pty Ltd,False
Solutions for Tomorrow AB,False
Solventum Germany GmbH,True
SOMATEX Medical Technologies GmbH,True
SonarMed Inc,False
Sonic Laboratories Ltd,False
Sophia Cura Ltd,False
SOPHiA GENETICS,False
Sophie Taylor-West Ltd,False
South Coast Dental Specialists Limited,False
South Downs Dental Laboratory,False
South Eastern Health & Social Care trust,False
South Leeds Dental Services.,False
South Molton Eyecare ltd,False
South Tees Hospitals NHS Foundation Trust,False
South Tees NHS Foundation Trust,False
South West Dental Clinics Limited,False
South West Optometrists T/A Robert Frith Optometrists,False
South Western Dental Laboratory,False
Southampton Orthodontic Centre Ltd,False
Southcote Dental Laboratories Ltd,False
Southern Cross Dental Laboratories (UK) Ltd,False
Southern Dental Laboratories Ltd,False
Southern Scientific,False
Southern Seas (Nanhai) Trading Limited,False
Southern Smiles Ltd,False
Southmedic Inc.,True
Southport Dental Services,False
Southview Dental Care,False
Southwest Dental Laboratory,False
"Southwest Technologies, Inc.",False
Sovereign Dental Ceramics,False
SP Medical A/S,True
Speciality Fibres and Materials Ltd,False
Spectrum Medical Ltd,True
Spectrum Medical S.r.l.,False
Spectrum Mouthguards Ltd,False
Sonam Navin Patel,False
"Sonomed, Inc",True
SONOSCANNER SARL,False
SONOSCAPE MEDICAL CORP.,True
"Sonostar Technologies Co., Ltd.",False
Sonostar Technologies Ltd,False
Sonova AG,True
Sonova UK Limited,False
Sony Corporation,False
"SOOIL Development Co., Ltd.",True
SOPHYSA,True
Sopro,True
SOPRO S.A.,False
SORIMEX sp. z o.o. sp. k.,True
Sorin Group Italia S.r.l.,True
Söring GmbH,True
SOS GROUP GBR LTD,False
SoterIQ Ltd,False
"SoulSource Therapeutic Devices, Inc.",False
Sound Foresight Technology Ltd,False
South East Essex Prosthetics,False
Southern Group Laboratory Ltd,False
Southern Implants UK Ltd,False
SP Services (UK) Ltd,False
Spacelabs Healthcare Inc.,True
Spacelabs Healthcare Ltd,True
"Span America Medical Systems, Inc.",False
Span Link International LLC,False
Spark Diagnostics LLC.,False
SparMED ApS,False
Spatz FGIA Inc,True
SPD Swiss Precision Diagnostics GmbH,False
Spec-Care Ltd,False
Special Eyecare LTD,False
Specialist Access and Rescue Products Ltd,False
Specs of Kensington LTD,False
Specsavers Optical Superstores Limited,False
Specsure Opticians,False
Spectopia Optics Ltd,False
"Spectral MD, Inc",False
Spectranetics Corporation - Brandin Court,False
Spectranetics Corporation - Colorado Springs,False
Spectro Analytic Irradia AB,True
Spectronic Medical AB,True
Spectrum Dynamics Medical ltd,True
"Speech Pathology Associates, LLC",False
Speed Care Mineral GmbH,True
SpeeDx Ltd,False
SpeeDx Pty Ltd,False
Spencer Italia Srl,False
Spengler SAS,True
Spentys,False
Spes Medica,False
Spex Ltd,True
Sphere Health Innovations Ltd,False
Spierings Orthopaedics BV,False
SPIGGLE & THEIS Medizintechnik GmbH,False
Spident Co Ltd,False
Spiegelberg GmbH & Co. KG,True
Spinks Speks Limited,False
"SPIO, Inc.",True
Spire Bushey Hospital,False
SPRING PRODUKTIES BV,False
SPRINGLIFE MEDICAL B.V,False
SR Moors Ltd,False
SRA Developments Ltd,False
"SRC Medical, Inc.",True
SRETT,True
St Helens VE Ltd,False
St Leonards Dental Practice,False
St. Jude Medical Costa Rica Ltda,False
"St. Shine Optical Co., Ltd.",False
STAAR Surgical Company,False
Stacey Dental Laboratory,False
Stafford Engineering Services Ltd,False
Stafford-Miller (Ireland) Limited,False
STAK Orthopaedics Ltd,False
Stamford VE Ltd,False
Stanbio Laboratory,False
"Standard Imaging, Inc.",True
STANHOPE DENTAL LABORATORY LTD,False
"Star Sports Medicine Co., Ltd.",True
Starch Medical Inc.,True
"Starkey Laboratories, Inc. dba Starkey Hearing Technologies under the brand names Starkey, Paradigm, Audibel, AudioSync, Audika, VISAUDIO, ProAkustik, Silvertone, NuEar, MicroTech, KIND and TELEFUNKEN",False
Sussex Dental Design,False
Spinal Kinetics LLC,True
Spinal Technology Inc,False
Spindial Spa,True
Spine Back Rack Ltd,False
SPINE INNOVATIONS,True
Spineart SA,False
Spineart UK Ltd,False
SpineGuardSA,False
Spire Fylde Coast Hospital,False
Spire Hull & East Riding Hospital,False
Spirit Digital Ltd,False
Splice Cast Ltd,False
"Splintek, Inc.",True
Spm Medicare Pvt Ltd,False
SpofaDental a.s.,True
Sporlastic GmbH & Co. KG,True
SportoMed GmbH,True
SPORTTAPE Ltd,False
SprintRay Inc.,True
"SPRO Medical Products (Xiamen) Co., Ltd",False
"SPRO Medical Products (Xiamen) Co., Ltd",False
"SPRO Medical Products (Xiamen) Co., Ltd",False
Sproston & Bowden Opticians Ltd,False
Spylaw LTD t/a Moira Dental Care,False
Square 1 Dental Studio,False
Squirrel Medical Ltd,False
SR Dental Laboratory,False
The Digital Lab,False
Sri Trang Gloves (Thailand) Public Company Limited,True
"SS White Burs, Inc.",True
SSI Diagnostica A/S,True
St Albans Orthodontics,False
St Andrew Street Dental Practice,False
St Andrews Medical Innovations Limited,False
St George Technology Ltd,False
St Georges Road Dental Laboratory,False
St Georges Xtrade Ltd,False
St Helens Dental Laboratory,False
St Michaels Orthodontics,False
St Ninian House Treatment Rooms (Doctor Denture LTD),False
St. George's Healthcare NHS Trust,False
St. Jude Medical,True
St. Jude Medical,True
St. Jude Medical,True
St. Jude Medical,True
St. Jude Medical,True
St. Jude Medical,True
St. Jude Medical Cardiac Rhythm Management Division,False
Starface World Inc.,False
Stel Orthopedie B.V.,False
STELLA Kunststofftechnik GmbH,True
Stellar Lasers LLC,False
Stephens Instruments,False
SteriLance Medical(Suzhou) Inc.,False
"Sterile Service Department, Shrewsbury & Telford Hospitals NHS Trust",False
Sterile Services Department North Cumbria Integrated Care NHS Foundation Trust,False
STARmed  CO LTD,True
Starpharma Pty Ltd,True
Starr Frame LLC,False
Statcorp Medical,False
"STE Pharmaceuticals, S.L.U.",False
Stealth Products LLC,False
steco-system-technik GmbH & co. KG,True
Steelco S.p.A,False
Steering Developments Ltd,False
Steets GmbH,True
STEMA Medizintechnik GmbH,False
StemC Biyoteknoloji A.Ş.,False
STEMCELL Technologies Canada Inc.,True
STEMCIS,True
Stephen Green Dental Studio,False
Stephen Lander Dental Designs Ltd,False
Stephen Lusty,False
Stephen Taylor Opticians,False
Stephen Vincent Dental Ceramics Lab Ltd,False
StepOne Fertility Ltd t/a Béa Fertility,False
Stepper (UK) Limited,False
Steps Consulting Ltd,False
Steps Prosthetics Ltd,False
"Stereotaxis, Inc",True
Stergioulas Vasileios & CO L.P.,False
Steri-pod Limited,False
STERICON PHARMA PVT LIMITED,False
Sterifast - Sterilization & Disinfection Systems Lda.,False
Sterify SRL,False
Sterilab Services Ltd.,False
"Sterile Services Department, Cambridge University Hospitals, NHS Foundation Trust",False
Sterile Supplies Ltd,False
SterileCare Inc.,False
Sterilin Ltd,False
SteriPack Medical Poland Sp. z o.o.,True
SteriPack USA Limited,False
STERIS Canada ULC,True
STERIS Corporation,True
STERIS Corporation,True
STERIS Corporation,True
STERIS Corporation,True
STERIS IMS Ltd,True
STERIS SAS,True
Sterisets International B.V.,True
Sterisets Manufacturing S.A.,False
"Sterisil, Inc",True
Sterling Ceramics Dental Laboratory Ltd,False
Stiplastics,True
Stockert GmbH,True
Stockport NHS Foundation Trust,False
Straights,False
"Stratus Medical, LLC",False
Straub Medical AG,True
Strauss & Co. Industrial Diamonds Ltd,False
Strongback Mobility AG,True
Sutherland Associates Limited,False
Sterimed s.r.o.,True
Sterimedix Ltd,False
STEROPLAST HEALTHCARE LTD,True
StethoMe Sp. z o.o.,True
Steve Butler Dental Ceramics Ltd,False
Steve Mayer Opticians,False
Stevenage VE Ltd,False
Stiegelmeyer GmbH & Co. KG,True
Stihler Electronic GmbH,True
STILL & BEDFORD FERNDOWN LTD,False
Stille AB,True
Stimuli Technology,True
Stoddard Manufacturing Company Ltd,False
Stoke Dental Laboratory (S-O-T) Ltd,False
Store Holdings Pty Ltd trading as Medichill,False
Storm ID,False
Storz & Bickel GmbH,True
STORZ MEDICAL (UK) LIMITED,False
Storz Medical AG,True
Stowood Scientific Instruments LTD,False
Stradbrook Dental & Implant Clinic,False
Straight Smile LLC trading as Byte,False
Stranraer Dental Laboratory Ltd,False
Strapit Medical & Sports Supplies Pty Ltd,False
Stratasys Ltd.,True
Stratec Consumables GmbH,False
Stratec Medizintechnik GmbH,True
STRATEC SE,False
Stratford Dental,False
Stratford Upon Avon Optical Limited,False
Sychem Surgical Ltd,False
Stratos MedTech Pty Ltd,True
Stratpharma AG,False
Streatfield Dental Surgery,False
Streck Inc.,True
Street Farm Dental Studio,False
Streifeneder ortho.production GmbH,True
Strena Medical S.R.L.,False
StrideOn Limited,False
Strolll Limited,False
Strom Holdings LLC,False
Strong Biotech Corporation,False
"Stryker Endoscopy, a division of Stryker Corporation",False
Stryker GmbH,True
"Stryker Instruments, a division of Stryker Corporation",False
"Stryker Instruments, Portage, A Division of Stryker Corporation",False
Stryker Leibinger GmbH & Co. KG,False
"Stryker Medical, a division of Stryker Corporation",False
"Stryker Neurovascular, a division of Stryker Corporation",False
"Stryker Spine, a division of Stryker Corporation",False
Stryker Trauma GmbH,True
STS Medical Group AD,True
STT SAGLIK URUNLERI TASARIM VE TEKNOLOJILERI SAN VE TIC A.S,False
Studio G Lab Ltd,False
Studio3 Dental Laboratory Ltd,False
Studioemme SAS,False
Style and Vision,False
Style Eyes Ltd,False
Stryker Communications Inc.,False
Stuart and Gunning LTD.,False
Studio 8 Digital Laboratory,False
Suffolk Orthdontic Practice,False
Sun Nuclear Corp.,True
Sun Nuclear Corporation,True
Sunflower Medical Ltd,False
SungKwang Meditech Co Ltd,False
"SUNKISS HEALTHCARE (ZHEJIANG) CO., LTD.",False
SunLife Science (Suzhou) Inc.,False
Sunlight Medical Inc,False
SunMed LLC.,False
"Sunny Medical Device (Shenzhen) Co., Ltd.",False
Sunoptic International Ltd.,False
"Sunoptic Technologies, LLC",False
Support to Rise Ltd,False
Supportec B.V.,False
SUPRACOR,False
SUPROBION Sp. z.o.o.,False
Surgical Appliances,False
Surgical Dynamics Ltd,True
"Surgilūm, LLC",False
Surgimax Instruments,True
Surgimax Instruments Ltd,True
SurgiNovi,False
Sussex Pathology Limited,False
"Suzhou Huanqiu Acupuncture Medical Appliance Co., Ltd.",True
"Su Biyomedikal Sistemler ve Saglik Hizmetleri San, ve Tic A.S",False
Su Biyomedikal Sistemler ve Sağlık Hizmetleri San. ve Tic. A. Ş.,False
"Subtle Medical, Inc.",True
Sudimplant,True
Sue Johnston Lab Ltd,False
Sugarfox LLC,False
"Sugentech, Inc.",False
SUISSELLE SA,True
Sukhi Eyes Limited,False
Sumed International (UK) Ltd,False
Sumi spółka z ograniczoną odpowiedzialnością sp.k.,False
"Sumitomo Bakelite Co., Ltd.",False
Summit Medical LLC,False
Summit Medical Ltd,False
Sun Dental Laboratories UK Ltd,False
"Sun Medical Co., Ltd.",False
Sunrise Medical Limited,True
Sunrise Medical Ltd,True
Sunrise Orthodontic and Paediatric Dentistry Ltd,False
Sunrise SA,True
Sunsmed Protective Products Ltd.,True
SunTech UK Ltd,False
"Super Health Medical (Qingdao) Co., Ltd.",False
Super Splint Ltd,False
Superchromic Eyewear Limited,False
Superior Dental Ceramics,False
Superior Smiles,False
SUPERSONIC IMAGINE,True
Sure Dent Corporation,True
Sure Health & Beauty Ltd,False
Sure Universal Ltd,False
SurePulse Medical Limited,False
Surescreen Diagnostics Ltd,False
Surestep LLC,False
Suretex Ltd,True
"Surface Medical, Inc.",False
SurgEase Innovations Ltd,False
Surgebright GmbH,True
Surgical Innovations Ltd,False
Surgical Specialties Mexico S DE R.L DE C.V.,False
Surgical Sutures Private Limited,True
Surgical Tables Inc,False
SURGICON AG,False
Surgicrafts,True
SURGIDENT INSTRUMENTS,False
Surgifab Trading Corp,False
Surgikare,False
Surgins Surgical Limited,False
Surgistar Inc,True
Surgistar Inc,True
"Surgnova Healthcare Technologies (Zhejiang) Co., Ltd",True
Surrey & Sussex NHS Trust,False
Surtex Instruments Ltd,False
Survival Services Pty Ltd,False
Susan Wright Ltd,False
Sussex Biologicals Ltd,False
Sutter Medizintechnik GmbH,True
Sutton Coldfield VE Ltd,False
Suzanne Dennis Optometrist Limited,False
"SuZhou Emy Medical Supplies Co., Ltd",False
"SUZHOU EVERNEW INTELLIGENT TECHNOLOGY CO. LTD,",False
"Suzhou Frankenman Medical Equipment Co., Ltd.",False
Suzhou Guanhua Paper Factory,False
"Suzhou GZM Medical Co., Ltd",True
"Suzhou Health Plastic Products Co.,Ltd",False
"Suzhou Helmen Precision Instruments Co.,Ltd",False
"SUZHOU IDEAL MEDICAL CO., LTD.",True
Suzhou Junwei Medical Equipment Co Ltd,False
"SUZHOU KD INTELLIGENT DEVICE CO., LTD.",False
Suzhou Lantex Medical Technology Company Limited,True
Suzhou Leapmed Healthcare Corporation,True
"Suzhou Letai Medical Technology Co.,Ltd",False
"Suzhou Master Machinery Manufacturing Co.,Ltd",False
Suzhou medical appliance factory,True
Suzhou MedSport Products Co Ltd,False
"Suzhou Microclear Medical Instrument Co., Ltd.",False
"Suzhou Microclear Medical Instruments Co., Ltd.",True
"Suzhou Molarray Co., Ltd.",False
"Suzhou Silvan Medical Device Co., LTD",True
Technical Service Consultants Ltd,False
"SUZHOU PEAKSONIC MEDICAL TECHNOLOGY CO.,LTD.",False
"Suzhou Shenlong Medical Apparatus Co., Ltd.",False
Swann-Morton Ltd,False
Swisslastic Ag St. Gallen,False
SwissLens SA,True
Symbios Orthopedie SA,False
Symbios UK Ltd,False
Symmetric Designs Limited,False
Synergie Nederland BV,False
Synovis Micro Companies Alliance Inc,False
Sysmex Inostics GmbH,False
T.A.G Medical Products Corporation Ltd,False
"Taewoong Medical Co., Ltd",True
TAFS PRODUCTS LTD,False
"TaianDalu Medical Instrument Co., Ltd",False
TaiDoc Technology Corp,False
"Taijia Medical Electronics(Shenzhen) Co., Ltd",False
Taiwan Advance Nanotech Inc.,False
Taiwan Main Orthopaedic Biotechnology Co Ltd,True
Taiwan Surgical Corporation,True
"TAIZHOU BOYING OPTICAL GLASSES CO., LTD.",False
Taizhou Branch of Shanghai Yingdu Industry Co. Ltd,False
Taizhou Jiaojiang Rongteng Glasses Factory,False
Taizhou Jiaojiang Yingfei Glasses Factory,False
TEAC Corporation,False
"SUZHOU SUNING UNDERPAD CO., LTD",False
"Suzhou Sunmed Co., LTD",False
"Suzhou Sweetrich Vehicle Industry Technology Co., LTD.",False
"Suzhou TianLong Biotechnology Co., Ltd.",False
"Suzhou Youbetter Medical Apparatus Co., Ltd.",True
"Suzhou Yudu Medical Co., Ltd.",False
"Suzhou Yuyue Medical Technology Co., Ltd.",True
Svar Life Science AB,False
SVENSKA DENTORAMA AB,True
Swansea Bay University Health Board,False
Sweden & Martina Ltd,False
Sweden & Martina S.p.A.,True
Swemac Innovation AB,True
Swift Dental Laboratory Ltd,False
Swindon Dental Laboratory Ltd,False
Swiss Beauty AG,False
Swiss Cottage VE Limited,False
Swiss Footcare Laboratories,False
Swiss Motion Technologies SA,False
Swissmeda AG,True
SWL Medizin GmbH,False
SWORD Health S.A.,True
"Sword Health UK, Ltd",False
Sword Xiantao Disposable Protective Products Factory,True
Syantra Inc,False
SycoTec GmbH & Co. KG,True
Sylphar nv,True
SYMATESE SAS,True
Symmetry Surgical Inc.,True
"Synapse Biomedical, Inc",False
Synaptive Medical Inc.,True
"SynCardia Systems, LLC",False
Synchronicity Care Limited (SCL) Trading as CDD Services,False
Syncrophi Systems Ltd.,True
Syndi LTD,False
Synerception Ltd,False
"Synergetics, Inc.",False
"SynergEyes, Inc.",False
"Synergy Biomedical, LLC",False
Synergy Ceramics,False
Synergy Dental Laboratory (2009) Ltd,False
Synergy Health (UK) Ltd,False
Synergy Spine Solutions Inc.,True
SynergyLMS,False
Synimed,False
Synopsys (Northern Europe) Ltd.,False
Synoptics Ltd,False
"Synovis Life Technologies, Inc. trading as Baxter St. Paul",False
Synovis Micro Companies Alliance Inc,False
"Syntermed, Inc.",False
SYNTHES GMBH,True
"Synthesia, a.s.",False
SyntheticMR AB,True
TECHLE LTD,False
Synthon Hispania S.L.,True
Syntropiq s.r.o,False
Syqe Medical Ltd.,False
"SysMed (China) Co., Ltd",True
Sysmex Astrego AB,True
SYSMEX CORPORATION,False
Sysmex Europe SE,True
Sysmex Partec GmbH,False
SYSNAV SAS,False
Systagenix Wound Management Limited,False
SYSTEM ASSISTANCE MEDICAL SAS,False
System C Healthcare Limited,False
T & J DENTAL LABORATORY LTD,False
T C UCER LTD,False
T F Dental Prosthetics Ltd,False
T-BİYOTEKNOLOJİ LABORATUVAR  ESTETİK MEDİKAL  KOZMETİK SAN.  VE TİC. LTD. ŞTİ.,False
T. D. L. (UK)  LTD.,False
T.A. Gardner Dental Lab,False
T.D.Ceramics Ltd,False
T.P.R.Dental Prosthetics.,False
"T&L Co., Ltd.",False
T&S Eye Care Management AG,False
T&T Devices Limited,False
T2 Biosystems Inc,False
"T2 Biosystems, Inc.",True
T2 Corporation Limited,False
"TacMed Solutions, LLC",True
Tactical Stitch,False
Technical & General ltd,False
"Taizhou Kangjian Medical Equipment Co., Ltd.",False
Talar-Made Limited,False
"Tangshan Hongyun Healthcare Products Co., Ltd.",False
"TANGSHAN ZHENGTONG EXHIBITION CO., LTD.",True
TANITA Corporation,False
TARA Health,False
Tarry Medical Products Inc,False
Taryag Medical Ltd,True
"Taska Prosthetics, Ltd.",False
Tasler Dental Laboratory,False
"Tasso, Inc.",True
Tata Surgical (Pvt.) Ltd.,False
Tattoo Spray Ltd,False
Taumedika S.r.l.,False
Taunton VE Ltd,False
Taverham Dental Health Clinic,False
TavTech Ltd.,True
TayCare Medical Ltd,False
Taylor Dental Laboratory Ltd,False
Taylor Dental Technology Centre,False
Taylor-West Optical Ltd,False
TBM Corporation,True
TBM Corporation,True
TCM Associates Ltd,False
TCS Biosciences Ltd,False
tecfor care GmbH,True
Tech 39 Laboratory Ltd,False
Techceram Technology Centre Ltd,False
Techdent Prosthetics Ltd,False
"TECHLAB, Inc.",True
"Taizhou Kangjian Medical Equipments Co.,Ltd",False
"Taizhou Kangping Medical Science And Technology Co., Ltd.",False
"Taizhou Ningxin Network Technology Co., Ltd.",False
"Taizhou Reach Technology Co., Ltd.",False
"Taizhou Reach Technology Co.,Ltd.",False
"Taizhou Zhonghai Trading Co., Ltd.",True
"Taizhoushi Shanhaizhihe Technology Co., Ltd",False
"Takagi Seiko Co., Ltd.",False
Takara Belmont Corp.,False
"Takara Bio USA, Inc.",False
Takeda Pharmaceuticals U.S.A. Inc.,False
Taliaz Ltd,True
Talladium Espana S.L.,False
Talley Group Ltd.,False
Talshir Guy Medical Technologies Ltd,True
Tampon Innovations Ltd,False
TAMWORTH HEALTHCARE SERVICES LIMITED,False
Tamworth VE Ltd,False
TAN SIN LIAN INDUSTRIES SDN. BHD.,True
"Tandem Diabetes Care, Inc.",True
Tangent Healthcare Limited,False
TauroPharm GmbH,True
Taurus Dental Prosthetics Ltd,False
TAVAT Eyewear Srl,False
Tcoag Ireland Ltd,False
TDV DENTAL LTDA.,False
"TEALTH FOSHAN MEDICAL EQUIPMENT CO., LTD.",False
"Tear Science, Inc.",False
Teasdale Healthcare Equipment Ltd,False
Tec Com Medizintechnik GmbH,False
Tecan Austria GmbH,False
Tecan Schweiz AG,False
TECcare Group Limited,False
Tecfen Medical,False
Technogenetics S.p.a,True
TECHNOLOGIE MEDICALE,True
Tecnofar s.p.a.,True
Tecnologia Ospedaliera S.R.L.,False
Tecnoss s.r.l,False
TECOmedical,False
Tecomet ( legal name: Symmetry Medical Sheffield Ltd ),False
"Tecomet ( Symmetry Medical Manufacturing, Inc )",False
Tecomet Kenosha (Legal Name: Symmetry Medical Inc),False
Tecomet Manchester (legal name Symmetry Medical Manufacturing Inc ),False
Tecres S.p.A.,True
Tecsana GmbH,False
Tedan Surgical Innovations Inc.,True
TEI Biosciences Inc.,False
"Tekia, Inc",True
TEKNIMED SAS,True
Tekno-Medical Optik-Chirurgie GmbH,True
The Digital Orthodontic Lab Ltd,False
Techniform Dental Laboratory Ltd,False
Technimark UK,False
Technimount E.M.S Holding Inc.,False
Technique Crown & Bridge,False
Techno Med (Pty) Ltd,False
Technoclone Herstellung von Diagnostika und Arzneimitteln GmbH,True
Technology in Motion Ltd / 3d Ortho Products Ltd,False
Technomed Europe,True
Technopath Clinical Diagnostics,False
technovent limited,False
TechTrade LLC,False
Teckel Medical S.L.,True
TECNIMED s.r.l.,False
Tecnimoem Care SL,False
Tecno Instruments (Pvt) Ltd.,False
TECNO-GAZ S.p.A.,False
TecnoBody S.p.A.,False
Tecnodent S.r.l,False
Teeth For Life (Norwich) Ltd.,False
Teethforever lab ltd,False
Teleflex Medical Sdn. Bhd.,True
TELEMEDICA SRL,False
TEN COMFORT CORPORATION,True
Tend VR Ltd,False
Tendercare Ltd,False
Terragene S A,False
TerrainHopper Ltd,False
Terrats Medical S.L.,True
Telea Electronic Engineering Srl,False
Teleatherapy Ltd,True
Teleflex Medical,True
Teleflex Medical,True
Teleflex Medical,True
Teleflex Medical Private Limited,True
Teleon Surgical B.V.,False
TELESAIR Inc,False
"Telic, S.A.U.",False
Tell Product Limited,False
Tem Innovations GmbH,False
"Terarecon, Inc",True
Teratech Corporation,True
Teratech Corporation,True
Terry New Denture Clinic,False
Terumo (Philippines) Corporation,False
Terumo BCT Ltd.,False
"Terumo BCT, Inc.",True
"Terumo Cardiovascular Costa Rica, LLC",False
Terumo Cardiovascular Systems Corporation,True
Terumo Cardiovascular Systems Corporation,True
"Terumo Clinical Supply Co., Ldt.",False
Terumo Corporation,False
Terumo Europe NV,False
Terumo Medical Corporation,True
Terumo Medical Corporation,True
"The Lab, Dental Design Studio Ltd",False
"Terumo Medical Products (Hangzhou) Co., Ltd.",False
TG Medical Sdn Bhd,False
TG's Dental Care ltd,False
TGA Mobility Limited,False
The Argen Corporation,True
The Binding Site Group Limited,False
The Blueprint Design Company Ltd,False
The Body Doctor,False
The Body Doctor Ltd,False
The Boots Company PLC,False
The Borough Dental Practice,False
The Brewer Company LLC,False
The Briars Dental Centre,False
The Bristol CADCAM Company Limited,False
The Bristol Crown Company,False
THE BRITISH ROTOTHERM COMPANY LTD,False
"The Chancellor, Masters, and Scholars of the University of Cambridge",False
The ClearOrtho Ltd,False
"The Comfort Companies, LLC",True
The Cosmetic Dental Clinic,False
The Cottage Dental Practice,False
The Cube Advanced Dental Lab,False
The Daavlin Distributing Co.,False
the Dental Academy / The Daresbury Dental Lab,False
The Dental Care Centre,False
The Dental Group,False
The Dental Lab,False
THE DENTURE PRACTICE LIMITED,False
The Denture Studio,False
The Eye Collective (West Heath) Ltd,False
The Helping Hand Company Ltd,False
"The Hilsinger Company Parent, LLC dba Bruder Healthcare",True
THE LAB PROJECT LTD,False
Terumo Penpol Private Limited,True
"TESS Co., Ltd",True
TestCard,True
TestLine Clinical Diagnostics s.r.o,False
TESU HEALTH LTD,False
TetraCAM lTD,False
Teva Digital Health (DH) (trade name: Teva  Respiratory LLC),False
Teva UK Limited,False
TG Eakin Limited,True
TH Optometry Ltd,False
TH. KAZANTZIDIS S.A. - MEDIPAC,False
Thai Nippon Rubber Industry Public Company Limited,False
"Thai Rubber Gloves Co.,Ltd",False
THALES AVS FRANCE SAS,True
THD SpA,False
The 1956 Denture Company,False
The Active Hands Company Ltd,False
"The Alger Company, Inc",False
The Anspach Effort INC.,False
The Artificial Eye Practice,False
The Berkshire Dental Laboratory Ltd,False
The Buckley Practice,False
"The Chancellor, Masters, and Scholars of the University of Cambridge",False
The Dental House,False
The dental laboratory,False
The Dental Laboratory,False
The Dental Lounge,False
The Dental Lounge Limited,False
The Dental Practice Shenfield,False
The Dental Spa,False
The Dental Suite,False
The Dental Surgery Corn Exchange,False
The Electrode Store,True
The Eye Clinic,False
The Eye Clinic Huddersfield LTD,False
The Eye Collective (Hall Green) Ltd,False
The Eye Collective (Selly Oak) Ltd,False
The Eye Collective (Wythall) Ltd,False
The Female Health Company (UK) Plc,True
"The Focal Rooms by The Bilbro & Co, Co.",False
The Fred Hollows Intraocular Lens Laboratory,False
The Green Dental Laboratory,False
The Griffen Dental Laboratory Limited,False
The Guild Practice Ltd,False
The Haemorrhoid Centre Ltd (trading as The Halo Company),False
The Headwear Company,False
The Heatpack Company Ltd,False
The Heightec Group Ltd,False
"The Hilsinger Company Parent, LLC dba Bruder Healthcare",True
The Hive Dental Laboratory,False
The HLC Denture Company ltd,False
The Hygenic Company LLC,False
The Hythe Dental Laboratory,False
"The iDiabetes Group, Tayside Health Board",False
The Insides Company Limited,False
The Institute of Clinical Science and Technology,False
The Lab Cheltenham Ltd,False
The Lindens Dental Centre,False
The Lullaby Trust,False
The Magstim Company Limited,True
The Maltings Dental Practice,False
"The Marena Group, LLC",False
The Mars Perceptrix Corporation,False
The Mid Yorkshire Hospitals NHS,False
The National Artificial Eye Service,False
The Natural Denture Clinic,False
The Newcastle upon Tyne Hospitals NHS Foundation Trust,False
THE OLD PRIORY DENTAL LABORATORY,False
The Optic Shop (Abergavenny) Ltd,False
THE OPTIC SHOP (PORTHCAWL AND CARMARTHEN) LIMITED,False
The Optoplast Actman Eyewear Company Ltd,False
The Orthodontic and Restorative Dentistry Dental Laboratory,False
The Orthodontic Lab Limited,False
The Phoenix Partnership (Leeds) Ltd,False
The Pillow With A Hole Ltd,False
The Practice @ Ltd,False
The Rotherham Foundation Trust,False
The Rotherham General Hospital NHS Foundation Trust,False
The Royal College of Anaesthetists,False
The Simple Pharma Company Limited,False
The Smile Lab Glasgow Limited,False
The Spinecorporation Ltd,True
The Standard Co Ltd,False
The Straight Tooth Company,False
The Surge International,False
The Surgical Company International B.V.,True
The Terrace Dental Centre,False
The Village Opticians,False
The Wise Collective Limited,False
The Witterings Dental Practice,False
The YES YES Company Ltd,True
Theia Eye Block,False
Thelios S.p.A.,False
Thema Optical Srl,False
Theo Manufacturing B.V.,True
Theophany Ltd,False
The O R Company Pty Ltd,True
The Old Kiln Dental Laboratory Ltd,False
the prison opticians company,False
THE QUADRANT LAB LTD,False
The Queen Victoria Hospital,False
The Real Good Dental Company Ltd,False
The Reigate Optical Rooms,False
The Retainer Lab ltd,False
The Tooth Studio Dental Laboratory,False
The Tuddenham Road Dental Surgery,False
The Ultimate Dental Laboratory Ltd,False
The University of Sheffield,False
TheOTCLab B.V.,True
Thephysiobot Limited,False
"Therabody, Inc.",False
Theraclion,True
THERAPYAUDIT Limited,False
Therenva SAS,False
Thermadent Ltd,False
ThermaSolutions LLC,False
Thermetrix Ltd,False
Thermidas Oy,True
"Thermo Electron LED GmbH, Zweigniederlassung Osterode",False
Thermo Fisher Scientific Baltics UAB,False
Thermo Fisher Scientific Oy,True
"Thermoplastic Comfort Systems, Inc.",True
"TherOx, Inc.",False
Thesis Technology Products Ltd,True
ThinkSono GmbH,True
ThinkSono Ltd,True
Thriva Limited,True
Theradiag S.A.,False
Theraflex Physio Ltd,False
Theragenics Corporation,False
Theramit Ltd,False
Theranica Bio-Electronics Ltd.,True
Theranova Protezare SRL,False
Therapanacea SAS,False
Theraplay Ltd,False
Therapy Equipment Ltd,False
Thetis Medical Ltd,False
Thiebaud SAS,False
Thinking Opticians Limited,False
THOMPSON  OPTICIANS  LTD.,False
Thornhill Research Inc.,False
Thornton & Ross Ltd,False
Thrive Orthopedics LLC,True
THT BIO-SCIENCE,False
THUASNE Deutschland GmbH,True
Thuasne SAS,False
"Tianjin LOCMEDT Technologies Co., Ltd.",False
"Tianjin Medis Medical Device Co., Ltd.",True
TIK d.o.o.,False
TIPSAN TIBBI ALETLER SAN. VE TIC. A.S.,False
Tishyas Medical Device Development Solutions Pvt Ltd,False
TiSport LLC,False
Tobii Dynavox AB,False
"Toby Orthopaedics, Inc",False
ThinOptics Inc,False
Thirdinrev Global,False
Thirona BV,False
This AG,True
Thistle Dental Laboratory,False
Thomas & Holloway Opticians Ltd,False
Thomas Patrick Clarke Ltd T/A Thomas Patrick Dental Studio,False
ThomasHilfen fur Behinderte GmbH & Co. Medico KG,False
"Thompson Surgical Instruments, Inc.",True
Thomson Screening Solutions Limited,False
Thomson Software Solutions,False
THOR Photomedicine Ltd.,False
Thora Tech GmbH,True
THORASYS Thoracic Medical Systems Inc.,True
Thoratec Corporation,False
Thoratec Switzerland GmbH,False
Thorn Ceramics Ltd,False
Thorndike Dental Practice,False
Thornton Optometry & Co,False
"THOTH(Suzhou) Medical Technology Co., LTD",False
Thought Technology Ltd.,False
Thread & Lift,True
Three Lions Limited,True
THREE LIONS LIMITED,True
Three Palm Software,True
Three Palm Software,True
Threeways Dental Laboratory,False
THRIVE THERAPEUTIC SOFTWARE LIMITED,False
Thuasne UK Ltd,False
Thurmaston Dental Practice,False
TI Medical Pvt Ltd,False
"Tianchang Jiarui Packaging Materials Co., Ltd.",False
"Tianjin Bioscience Diagnostic Technology Co., Ltd.",False
"Tianjin Fuqin Science & Technology Corp., Ltd.",False
Tianjin GoldenAll Medical Device Co.LTD,False
"Tianjin Huahong Technology Co., Ltd.",False
"Tianjin Kepler Vehicle Industry Co., Ltd",False
"Tianjin MNCHIP Technologies Co.,Ltd",False
Tianjin New Bay Bioresearch Co. Ltd,False
"Tianjin Promoting Medical Technology Co., LTD",False
"Tianjin Suowei Electronic Technology Co., Ltd.",True
"Tianjin Taikang Sunshine Technology Co., LTD",False
Tiantai Typhung Medical Supplies Co Ltd,False
Tiaset di Carresi Lorenzo,True
TIB Molbiol Syntheselabor Gmbh,False
Tickety Boo Teeth Limited,False
"TIDI Product, LLC",False
Tilco Trading PTE. LTD,False
Tillotts Pharma AG,False
TILY BLOOMS LTD,False
Tim Roebuck Optician Limited,False
Timesco Healthcare Limited,False
Timpel S.A.,True
Tinnisoothe Limited,True
Tiny Air,False
TİO MEDİKAL TIBBİ ÜRÜNLER TURİZM İNŞAAT SAN.VE TİC.LTD.ŞTİ.,False
Tioga Ltd,False
Tissuemed Limited,False
Titan Instruments,False
Titan PMR Ltd,False
TitanMed Limited,False
"TITANS MEDICARE, INC",False
TK PLUS,False
"TMJ Solutions, LLC dba TMJ Concepts",False
TML Dental Prosthetics,False
"TMRW Life Sciences, Inc",True
TNI Medical AG,True
"Togo Medikit Co., Ltd.",False
Toiletry Sales Limited,False
Tokai Medical Products,False
TOKAI UK LTD,False
Toku Eyes Pty Ltd,False
Tokuyama Dental Corporation,True
Tokyo Boeki Medisys Inc.,False
Tolt Technologies LLC,False
Tom Cutmore Dental Applications,False
Tom Wysome Ltd,False
Tomato Glasses,False
"Tonglu Kanger Medical Instruments Co., Ltd.",False
"TONGLU QIANYAN MEDTECH CO., LTD",False
Tonic London Ltd.,True
Tomcat Special Needs Innovation Ltd,False
Tomed GmbH,True
TOMEY CORPORATION,True
Toothlab Ltd,False
"Toplan Co., Ltd.",False
Topway Dental Lab,False
TOR VM Ltd,True
Tortus AI,False
TR Equipment AB,True
Tracey Technologies,True
TRACOE medical GmbH,True
Transonic Systems Inc,False
TRATE AG,True
TraumaMed Solutions Ltd.,False
Trevor Brooker and Partners,False
Trevor Wilson Dental Ceramics Ltd,False
Trew Eyecare ltd,False
Trewick Dental Laboratory.,False
TRI Dental Implants Int. AG,True
Tri-tech Forensics,False
"TRIBEST DENTAL PRODUCTS CO.,LTD",False
Tribuco Ltd,False
TRIBUN HEALTH,False
"Tricol Biomedical, Inc.",False
TRIDENT  DENTAL LABORATORIES(LANCS) LTD.,False
Tridentify AB,True
"TRIMERO DIAGNOSTICS, SL",False
Trinity Biotech (Primus Corporation dba Trinity Biotech),True
Ultimate Healthcare Limited,True
Tonica Elektronik A/S,True
TONTARRA Medizintechnik GmbH,True
Tookie Limited,False
Tooth Art Studio,False
Tooth Fairy Dental Lab Ltd,False
Tooth Fairy Healthcare LTD,False
Tooth Technician Dental Laboratory Carnoustie,False
Toothworx Dental Laboratory,False
Top Corporation,True
TOP GLOVE SDN BHD,False
Top Shelf Manufacturing LLC,False
"Top-Rank Health Care Co.,Ltd.",True
Topcon Corporation,True
Topcon Healthcare Solutions EMEA Oy,False
Topdental (Products) Ltd,False
Toplabs Prosthetics Ltd,False
"Torax Biosciences Ltd.,",False
TORAX MEDICAL INC,False
"Toray Industries, Inc.",False
"Torbay and South Devon NHS Foundation Trust, HSDU",False
Torbot Group Inc,False
"Tornier, Inc.",False
"Tornier, SAS",False
Torquay Dental Laboratory Ltd,False
Torquay VE Ltd,False
Torque digital dental studio,False
Tosoh Corporation,False
Tosoh Europe,False
Total Healthcare Innovation GmbH,False
"Touchstone International Medical Science Co., Ltd.",True
Toul Meditech AB,True
TowardPi (Shanghai) Medical Technology Ltd,False
Townsend Design,True
"TP Orthodontics, Inc.",True
TPH Medical Ltd,False
Traffi Safe Ltd,False
Trajan Scientific Australia Pty Ltd,False
Transamerican Technologies International dba TTI Medical,False
"TransEasy Medical Tech. Co., Ltd.",True
Transitions Optical Limited,True
"Translational and Clinical Research Institute, Newcastle University",False
"Translite, LLC",True
Translumina Therapeutics LLP,True
"Transmed (China) Co., Ltd.",True
"TransMedics, Inc.",True
Traverse Rescue LLC,True
TRB Chemedica AG,True
Tree Of Life Pharma Ltd / Prudentix Ltd,False
Trek Diagnostic Systems Ltd (a part of Thermo Fisher Scientific),False
Trekinetic All Terrain Ltd.,False
Trelleborg Sealing Solutions Weobley Limited,False
Trendland Medical Ltd,False
Trent Dent Product Limited,False
Trewavis Surgical Instruments Pty Ltd,False
TRIGOcare International GmbH,True
"TriMed, Inc",True
TriMedika Ltd,True
Tritium Dental laboratory,False
Trulife,True
TSSO Ltd,False
TST Rakor ve Tıbbi Aletler San. Ve Tic.Ltd.Şti.,False
Tsunami Medical SRL,False
Tubilux Pharma S.p.A.,True
"Tucuvi Care, S.L.",False
"Tuna Dis Tic, ve Paz Ltd. Sti",False
"Tung Keng Enterprise Co., Ltd.",True
Tupel Ltd.,True
TUR GmbH,True
Turbo Dental Laboratory Ltd,False
TurboMed Orthotics Inc,False
TURKLAB TIBBI MAL.SAN.VE TIC.A.S.,False
"Turner Imaging Systems, Inc",False
Turon Medtech AB,True
Turtle Engineering Ltd,False
Turtlebrace Inc,False
Tusk Dental Technologies Ltd,False
Tutogen Medical GmbH,True
"Tuylek, s.l.",True
TVC optical Ltd T/A The Vision Clinic,False
Twenty 2 Dental,False
Typenex Medical,False
TYPEONE BIOMATERIALS S.R.L,False
Tyromotion GmbH,True
Trinity Biotech Plc,True
Trinity Dental Limited,False
Trio Healthcare Ltd,True
TRION PHARMA LIMITED,False
Triple O Dental Laboratories Ltd,False
Triride SRL,False
Tristel Solutions Ltd.,True
"Trividia Health, Inc.",False
Triworks Group SRL,True
Troge Medical GmbH,True
Trokamed GmbH,True
Tronjen Medical Technology Inc.,True
TruAbutment Inc.,True
Trudell Medical International,True
True Dental Creations Ltd,False
true smile digital dental lab ltd,False
Trueform Dental Laboratory,False
TRUEinvivo Ltd,False
Trukera Medical,False
Trulife,True
Trulife Canada,False
Trulife Ireland,False
Trulife Limited,True
Trulife Limited,True
TRUSETAL VERBANDSTOFFWERK GmbH,True
Trutek Europe Ltd,False
TRx Orthopaedics Limited,False
TS Diagnostics Sdn Bhd Company,False
TSG Associates LLP,False
"TSK Laboratory, Japan",False
TSL Dental Laboratory,False
Turkuaz Sağlık Hizmetleri Medikal Temizlik Kimyasal Ürünler Sanayi ve Ticaret A.Ş.,False
Turner Dental Lab Ltd.,False
Tyber Medical LLC,False
Tyler Crown and Bridge Ltd,False
Tympa Health Technologies Ltd,False
"UAB ""VPC""",True
UAB Caerus Biotechnologies,False
UAB MEDINSTRUS,False
UAB Softneta,True
UAB TELTONIKA TELEMEDIC,True
Uberlube Inc.,False
UBGEN SRL,False
"Ubiosis Co., Ltd.",False
UBQO Limited,False
UCL Eastman Dental Institute Laboratory,False
UCLH,False
UCO-Lavec,False
UEBE Medical GmbH,True
Ufonia Limited,True
UFSK-International OSYS GmbH,True
UgenTec N.V.,False
UHS Medical Device Software Group,False
"UI Medical, LLC",True
UK Axion,False
UK Dental labs,False
UK Health Security Agency,False
ulrich GmbH & Co.KG,False
Ultimate Cleaners Industrial Limited,False
TyTek Medical,False
Tytex A/S,True
Tyto Care Ltd,True
TZ Medical Inc.,True
U-drain Ltd,False
U.S Pacific Nonwovens Industry Ltd,False
U.S. Surgitech Inc,False
U&O s.r.l,False
"UAB ""Medicinos linija""",False
UComfor Scientific Co Limited,False
Ucomfor Scientific Co. Ltd,False
UK Implant Manufacturing Co. Limited,False
UKALIGNERS LTD,False
ukdentech,False
Ulrich AG,False
ULTRALIGHT DENTAL LABORATORY,False
Ultralinq Healthcare Solutions Inc,True
Ultramed Limited,False
Ultrana GmbH,False
UltraSight Ltd.,True
Ultrasound Technologies Ltd,False
UltraVision International Limited,False
Ultrawave Limited,False
UMA ADVISORY LTD,False
Umano Medical Inc.,True
Undertilt SRL,False
UNEEG medical A/S,True
UnifAI Technology,False
Unigloves (UK) Limited,False
Unomedical A/S,True
Ultimate Occlusion Ltd,False
Ultimate Sports Engineering Limited,False
Ultra for medical products (Ultramed) Co (U.M.I.C) S.A.E.,False
"ULTRA V Co., Ltd",True
Ultradent Products Inc,False
Ultragel Medical Kft,False
"UNICON OPTICAL CO., LTD.",True
Unicos Co Ltd,False
Unident AB,False
UNION PLASTIC,True
UNIGLOVES Arzt- & Klinikbedarf Handelsgesellschaft mbH,False
Unigroup ApS,True
"Unimax Medical Products Co., Ltd.",True
"Unimax Medical Products Co., Ltd.",True
Unimax Medical Systems Inc.,False
"Unimed Medical Supplies, Inc",True
"Unimicro Medical Systems (Shenzhen) Co., Ltd.",True
Uniogen Oy,True
Union Win Industrial (China) Ltd,False
Uniplex Uk Ltd,False
Uniprox GmbH & Co. KG,False
Uniq Health Ltd,False
Uniqa Dental Laboratories,False
UNIQUE DENTURES,False
UNIQUE INTERNATIONAL S.A.S,False
UNIQUE MEDICAL SYSTEMS,False
UNIQUECOMMERCE LTD,True
UNISCAN LIMITED,False
Unisis Corporation,False
Unisur Lifecare Private Limited,False
Unisurge International Ltd,True
Unit Medic Aids Ltd,False
United Dental Laboratories,False
United Disinfectant Manufacturers AG,False
United Hayek Industries (Manufacturing) Ltd.,False
United Orthopedic Corproation,False
United Pacific Industries Pty Ltd,True
United Sports Brands - McDavid,False
"United States Endoscopy Group, Inc.",True
Universal Dental Lab.,False
UNIVERSITY  VISION.,False
University College London Hospital NHS Foundation Trust,False
University Hopsital of North Midlands NHS Trust,False
"University Hospital Birmingham NHS Foundation Trust, Department of Medical Engineering",False
University Hospital of North Midlands NHS Trust,False
University Hospitals Birmingham NHS Foundation Trust,False
University Hospitals Bristol and Weston NHS Foundation Trust,False
University Hospitals Coventry & Warwickshire NHS Trust - Sterile Services,False
"University Hospitals Coventry and Warwickshire, Maxillofacial Prosthetics Department",False
University Hospitals Dorset,False
University Hospitals Dorset NHS Foundation Trust,False
University Hospitals of Leicester,False
University Hospitals of Morecambe Bay NHS Foundation Trust,False
University Hospitals Plymouth NHS Trust,False
UNIVERSITY HOSPITALS PLYMOUTH NHS TRUST,False
University Hospitals Sussex NHS Foundation Trust (East),False
University Hospitals Sussex NHS Foundation Trust (Sterile Services Department),False
University of Bath,False
University Of Bristol,False
University of Leeds IP Limited,False
University of Liverpool,False
University of Oxford,False
University of West of England Eye Clinic,False
UNIVET LOUPES SPA,True
UNIVET S.r.l.,False
Uniz Technology LLC.,False
Unizell Medicare GmbH,True
"Unolab Manufacturing, S.L.",True
"Unitrend Co., Ltd.",False
"Unitron Hearing, a division of National Hearing Services Inc.",True
Universal Aids Ltd,False
Universal Biosensors Pty Ltd,False
University of Nottingham,False
University of Ulster (Spectacle Glazing Facility),False
"UpToDate, Inc.",False
Upton Dental Surgery,False
UroSciences B.V.,True
Urotech GmbH,True
"Urotronic, Inc.",True
URSAPHARM Arzneimittel GmbH,True
UV Smart Technologies B.V.,False
"VAIM Co., Ltd",True
Vaion Health Ltd,False
Vale Prosthetics,False
Valentine International Limited,False
Valley Dental Laboratory Ltd,False
Valley Electronics AG,False
Valli (Wakefield) Limited,False
Valli Birchwood Limited,False
Valli Chorlton Limited,False
Valli Hull Limited,False
Valli Hyde Limited,False
Valli Lockwood Limited,False
Valli Meltham Limited,False
Valli Stockport Limited,False
Valmed S.r.l.,False
Van Den Burg Products BV,False
Van Straten Medical B.V.,True
Uplivin UK Ltd.,False
Upstream Peripheral Technologies Ltd.,False
Uptake Medical B.V.,True
Urathon Europe Ltd,True
Urban Dental Design Ltd,False
"UreSil, LLC",True
Urethrotech Ltd,False
Urgo Ltd,False
"URIT Medical Electronic Co., Ltd.",False
"URIT Medical Electronic Co., Ltd.",False
UROMED Kurt Drews KG,False
UroPharma Limited,False
Uroplasty LLC,False
"US Endodontics, LLC",False
USB Medical,False
Uscom Kft.,False
Uscom Limited,True
UShare Medical Inc,True
"usMIMA, S.L.",True
Ustar Biotechnologies (Hangzhou) Ltd.,True
USTOMED INSTRUMENTE Ulrich Storz GmbH & Co. KG,True
Utah Medical Products Inc.,True
UTAK Laboratories Inc.,False
Uzinmedicare CO. Ltd.,True
V-M Orthotics Ltd,False
V-Smile | Dental Studio,False
V-Trak ltd,False
Vermund Larsen UK Limited,False
V. Guldmann A/S,True
V.G Studio,False
V.J. Hughes Limited,False
Vacsax Ltd,False
Vacu Tec Mebtechnik GmbH,False
Vaditeq Limited,False
Valeant Med Sp. z o.o.,True
Valli Slaithwaite Limited,False
Varex Imaging Corporation,True
Varex Imaging Deutschland AG,True
Varian Medical Systems inc.,False
Vascular Solutions LLC,False
"Vascular Technology, Incorporated",False
Veden Dental Labs Inc.,False
"Vedia solutions, Div of Laxmidental Export Pvt Ltd",False
Venneir Limited,False
Venner Medical (Singapore) Pte Ltd.,True
Veracyte Inc.,False
Verathon Inc.,True
Verathon Medical (Canada) ULC,True
"Versah, LLC",False
VEVMAX UK LTD,False
VH Dental Laboratory,False
VH Pharma a.s.,True
VIDIA spol. sr.o.,False
Vidiia,False
Viecura Medical Group Limited,False
ViennaLab Diagnostics GmbH,False
Vivo Dental Lab,False
Vanderwilt Techniques bv,True
Vanguard AG,False
VANILLA BLUSH LTD,False
"Vapotherm, Inc.",False
Varcoe Eyecare Limited,False
Varex Imaging Corporation,True
Varian Medical Systems Particle Therapy GmbH & Co. KG,True
"Varian Medical Systems, Austin",False
Varimed Medikal Sanayi ve Ticaret Limited Sireketi,False
Varodem S.A.,True
VARTA Microbattery GmbH,True
Vasc-Alert LLC,False
VascoMed GmbH,True
"Vascular Barcelona Devices, S.L.",True
Vascular Graft Solutions Ltd.,True
Vascular Innovations Co. Ltd,True
Vascutek Ltd,False
Vasuma Inc. AB,False
"VATECH Co., Ltd.",True
VBM Medizintechnik GmbH,True
VDW GmbH (Germany),False
Vec Medical Spain,False
VEC Medical Spain S.L.,False
VectraCor Inc.,False
Vectura Group Ltd,True
Vedalab,True
Vermilion - The Smile Experts Ltd,False
"Vedia Solutions, Division of Laxmi Dental Export Pvt Ltd.,",False
Vega Technologies Inc,True
Vela Operations Singapore Pte. Ltd.,True
Veldana Medical,False
Veleco Spółka z Ograniczoną Odpowiedzialnością,False
Velit Biopharma S.r.l.,True
Velmeni Inc.,False
Velvet Digital,False
VEMO Ltd T/a Fraser Optical,False
"Venclose, Inc",True
"Ventana Medical Systems, Inc.",False
Ventinova Medical B.V,False
Ventlab LLC.,True
Ventripoint Diagnostics Ltd.,False
Venture Healthcare Ltd,False
VentureMed Group Inc.,False
Venturis Medical Ltd,False
Venus Medtech (Hangzhou) Inc.,False
Veol Medical Technologies Pvt. Ltd.,True
Veracyte Diagnostics LLC,False
Verdent Sp. z o.o.,False
"Vericom Co., Ltd.",True
VERIFY+ (UK) Ltd,False
Verity Medical Ltd.,True
Vermax Industrial Limited,False
Vermeiren Group,False
VeroTest Sdn Bhd Company,False
Versapak Doping Control Ltd,False
Vertex-Dental B.V.,False
VertiBaX Ltd,False
Veryan Medical Ltd,True
Ves Vacuum International Company,False
Vesalio LLC,False
Vesica Urology Ltd,False
Vetreria Borgo Roma Snc,False
Veus Dental Labs,False
VH TECHNOLOGIES LTD,False
VHMED (Nantong) Co. Ltd.,False
"Via Actual-Comercio Internacional, Lda",False
"Viant Medical, LLC",True
Viasonix Ltd,True
VibroSense Dynamics AB,True
Vicair BV,False
Vicon Motion Systems Ltd,False
Victoria Gore Optometrist,False
Victory Dental Laboratory,False
VIDA S.R.L.,False
Video Interventionnelle Medical Scientifique (VIMS),False
Videomed S.r.l.,False
Vikta Ltd,False
Villa Sistemi Medicali SpA,False
Vimap Technologies,False
"Vincent Medical Manufacturing Co., Ltd.",False
"View-M Technology Co., Ltd.",False
"Vieworks Co., Ltd.",True
Vigeo S.R.L,False
"VIGILANT BIOSCIENCES, INC",True
Vigmed AB,False
viO HealthTech Limited,False
"VIOL Co., Ltd.",True
Viomedex Limited,False
Viora Ltd,True
VIOSER S.A. PARENTERAL SOLUTIONS INDUSTRY,False
Vira Health,False
Viramed Biotech AG,False
"Vircell, S.L.",True
Virility Medical Ltd.,True
Virtualis,True
Visage Dental Laboratory,False
Visage Orthodontics Ltd T/A The Priestgate Clinic,False
Visco Technology Sdn. Bhd.,True
"Viscot Medical, LLC",False
"Visgeneer Inc.,",False
Visia Imaging SRL,False
VISIA Lab S.r.l.,False
Visiana,False
Visiba Group AB,True
Vision Dental Ceramics Ltd,False
Vision Dental Laboratory Ltd,False
Vision Express (UK) Limited,False
Vision for Life Ltd t/a Forbes Opticians,False
Vision RT Limited,False
Vincent Rehab Devices Company Limited,True
Virion\Serion GmbH,False
Virtual Ports Ltd.,True
Vision (In Practice Systems) Ltd,False
"Vision Associates of Rochester, Inc.",True
Visionsense Ltd.,True
Vison Lab (Ormskirk) Ltd,False
Vista Medical Ltd.,True
Vistapath,False
Visufarma S.p.A.,False
"VisuScience Meditech Co., Ltd.",False
Vita Research Srl,False
VITA Zahnfabrik H. Rauter GmbH & Co. KG,False
Vitacon,False
"Vitaimed Instrument Co.,Ltd.",False
Vital Ceramics,False
Vital Healthcare SDN. BHD.,True
Vital Images A/S,False
Vitame Ltd,False
Vitaware Ltd,False
Vitio Medical S.L.,False
Vito Health Pty Ltd,False
VitreQ B.V.,True
Vitrex Medical a/s,True
Vitrolife A/S,False
Vitrolife GmbH,True
Vitrolife Sweden AB,True
VITROMED GmbH Jena,False
Vision Rx Lab Private Limited,True
Visionary Intelligence Ltd.,True
"Visioneering Technologies, Inc.",True
Visionflex Pty Ltd,True
Vital Images Inc.,False
Vital Signs Solutions,True
"VitalCare Nanjing Co,.Ltd.",False
Vitalcare Trading (UK) Limited,False
"VitalConnect, Inc.",True
VitalHub UK Limited,False
VITALI,False
"Vitalitec International, Inc. d/b/a Peters Surgical USA",False
Vitalograph (Ireland) Ltd,True
VitalScientific,False
VitalScientific B.V.,False
Vitamate Ltd,False
Vitatron Holding B.V.,False
Vitrosorb AB,False
Vitruvian Cosmetic Dentistry LTD,False
Vitsa Dental Laboratory,False
"VivaChek Biotech (Hangzhou) Co., Ltd.",True
Vivadent lab,False
Vivago Oy,True
"VivaLNK, Inc.",False
Viveca Biomed Ltd,False
Vivesse Ltd,False
ViVest Medical Technology Co. Ltd,False
Vitrosens Biyoteknoloji A.S.,False
"Viz.ai, Inc.",False
VQ OrthoCare,False
Vygon GmbH & Co.KG,False
Wagner & Guder Medical GmbH,True
"Waismed, Ltd.",False
Walk-A-Cise Ltd,False
Wallaby Medical,True
Wallac Oy,False
Wallasey Orthodontic Practice,False
Walrus NZ Ltd,False
Walsall Manor Hospital HSDU,False
Walton Dental Arts Limited,False
Walton Dental Lab Ltd,False
Walz Elektronik GmbH,True
Wapro – Holland B.V.,False
Ward & Snape ltd,False
WARD 24/7 ApS,False
Wardray Premise Ltd.,True
WarriorNP,False
Warwick SASCo Ltd,False
Wasi Hut Limited,False
WASSENBURG LIMITED,False
Water Pik Inc,False
Water-Jel Technologies LLC,False
Waterhaul Ltd,False
waterlooville dental laboratory ltd,False
Waters Corporation,False
Vivo Surgical Private Limited,False
Vivosonic Inc,False
Vivostat A/S,True
VLVbio AB,True
VOCO GmbH,True
Volcano Corporation- San Diego,False
Volcke Aerosol Italy S.r.l.,False
Volk Optical Inc.,True
Volpara Health Technologies Limited,True
Vorotek Pty Ltd,True
Vortex Surgical Inc,False
Vostra GmbH,False
Voxel3Di Ltd,False
VPIX Medical  Inc,True
VSL Dental Limited,False
Vsr dental laboratory,False
VSY Biotechnology GmbH,True
VUNO INC,True
VWR International BV,True
VWR International SAS,False
"Vyaire Medical, Inc.,",False
Vycor Medical Inc.,True
Vydence Medical Indústria e Comercio Ltda.,False
Vygon,True
Vygon (UK) Ltd,False
Vygon Italia srl,True
W.A. Instruments,False
"W.H.P.M. Bioresearch & Technology Co., Ltd.",False
"W.L. Gore & Associates, Inc.",False
W.O.M. World of Medicine Gmbh,False
W.Pelz GmbH & Co. KG,False
W&H Dentalwerk Burmoos GmbH,False
W&H Sterilization Srl,True
WACO BIOMEDIKAL VE LABORATUVAR SANAYI TICARET LIMITED SIRKETI,False
Wade Dental Laboratories Ltd,False
"Waggoner Color Vision Testing, LLC",False
WAK-Chemie Medical GmbH,True
Wake Up International B.V.,False
Waking Beauty Ltd,False
Waldeck GmbH & Co. KG,False
Waldemar Knittel Glasbearbeitungs GmbH,True
Waldemar Link Gmbh & Co KG,False
Waldmann GmbH,False
"Walgreen Health Solutions, LLC",False
"Walk Vascular, LLC",False
Waterside Dental Laboratory Limited,False
Wave Dental Laboratory,False
WaveLight GmbH,False
Wayside Healthcare Ltd,False
Weaver and Company,False
Webb Medical LLC,False
WEBEE Srl,True
Weber Hospital Systems b.v.,False
WECARE SURGERY LIMITED,False
Wegner Dental Laboratory,False
Weidemeyer Vertriebsgesellschaft fur Medizinbedarf mbH,False
Weigao Medical International Co Ltd,False
"Weihai Dishang Medical Technology Co., Ltd",False
"Weihai Weigao Blood Collection Supplies Co, Ltd",False
WeiKeTuo  Supply  (Shenzhen)  Co. Limited,False
WEINERT Fiber Optics GmbH,True
WEINMANN Emergency Medical Technology GmbH + Co.KG,False
Welcare Industries SpA,False
Welcare Research S.r.l.,False
"Welch Allyn, Inc.",False
Welfare Medical Ltd,False
Welford Manufacturing Sdn. Bhd,False
"Welkong Sports Industrial Co., Ltd",False
"Well care (Wuhan) medical technology Co., Ltd.",True
"Well Lead Medical Co., Ltd.",True
Well-Life Healthcare Ltd.,True
Welland Medical Ltd,False
Wellell Inc,True
WeLLgo Medical Products GmbH,True
Welling  Dental  Laboratory,False
Welling Corner Dental Practice,False
"Wellmed Dental Medical Supply Co., Ltd",False
Wellmind Health Limited,False
Wellness Nordic A/S,True
Wells Dental Laboratory,False
Wells Orthodontics,False
Wellspect HealthCare,False
Wellysis Corp.,True
Welwyn Garden Ltd,False
Welwyn GC V.E. Limited,False
Welzo Ltd.,False
WEM Equipamentos Eletrônicos Ltda.,True
WEMBLEY MEDICAL FACTORY JOINT STOCK COMPANY,False
Wendy Taylor Medeiros,False
Wensleydale Dental Laboratory,False
Wensum Dental Laboratory Limited,False
"Wenzhou Bokang Instruments Co., Ltd",False
Wenzhou ChuangYingHong International Trade Co Ltd.,True
"WENZHOU DONGTIAN GLASSES MANUFACTURE CO.,LTD",False
"WENZHOU EYEKEPPER TECHNOLOGY CO., LTD",False
WENZHOU EYEWORKS IMP & EXP CO LTD,False
"WENZHOU HIVISION EYEWEAR CO.,LTD",True
WENZHOU JOYSEE EYEWEAR COMPANY LTD,True
"Wenzhou Kangju Medical Instrument Co., Ltd",True
"WENZHOU MINGSHIDA LIGHT INDUSTRIAL PRODUCTS CO.,LTD.",True
"WENZHOU MODERN WESHARE INTERNATIONAL BUSINESS CO., LTD.",False
WENZHOU NEW STANDING EYEWEAR CO LTD,False
"Wenzhou Ouhai Wutian Dashiye Glasses Co., Ltd",False
"WENZHOU POWER INTERNATIONAL CO., LTD",True
"Wenzhou Rainbow Optical Co., Ltd.",True
"Wenzhou SCICO Medical Corporation Co., Ltd",False
"WENZHOU SUNRISE INDUSTRIAL AND TRADING CO., LTD",False
"WENZHOU TIDE-OPTICAL CO., LTD",True
"WENZHOU WONDERFUL EYEWEAR CO., LTD.",False
Wenzhou Yosun Medical Technology Co. Ltd,False
"Wenzhou Youge Eyewear Co., Ltd",False
Weqas Quality Laboratory,False
Werrington Dental Laboratory Ltd,False
Wescott Medical Ltd,False
Wessex Dental Laboratory Limited,False
Wessex Denture Studio,False
West Bridgford VE Limited,False
West End Dental Technologies Limited,False
West Hall Aesthetics,False
"West Pharma. Services IL, Ltd.",True
"West Pharmaceutical Services AZ, Inc.",True
West Suffolk NHS Foundation trust,False
Westcountry Dental Crafts.,False
westend dental laboratory (morecambe),False
Westfield Medical Limited,False
wilcare wales ltd,False
Westmed Inc.,False
Weston Dental Laboratory,False
Westwood Cross VE Limited,False
Westwood Laboratory Limited,False
Wetling EU ApS,True
Wexler Surgical Inc,False
Weyer GmbH,True
Weymouth VE Ltd,False
Weyshott Dental Laboratory,False
Wheaton Brace Co,False
Wheelshare Ltd,False
Whickham Dental Practice,False
"WHILL, Inc.",False
Whip Mix Corporation,False
White House Dental,False
Whitefield Precision Dentistry,False
Whiteoak Enterprises Limited,False
Whitepeaks Dental Solutions GmbH,False
WHITEsmile GmbH,True
WHW Plastics Ltd,True
Wickersley Eye Clinic,False
Wickford Dental Laboratory,False
WIDE Corporation,False
Widex A/S,True
Widnes Dental Laboratory,False
Widnes VE Ltd,False
Widney Lab Limited,False
Wiener Laboratorios S.A.I.C,False
Wiewiorka Ltd T/A Park Dental Company,False
Wigram & Ware Ltd,False
WILAmed GmbH,True
Wild Optics Limited,False
Wilhelm Julius Teufel GmbH,True
WILL-PHARMA B.V.,False
Willerby Dental Care Ltd,False
Willetts & Doig Ltd,False
William A. Cook Australia Pty. Ltd.,True
William Cook Europe ApS,True
WILLIAM GRAHAM FINDLAY,False
Williams Dental Laboratories Ltd,False
Williams Medical Supplies Ltd,False
Williamson Dental Limited,False
Willingsford Ltd.,False
Willy Rusch,False
Wilmslow VE Limited,False
Wilshaw Dental Laboratory Ltd,False
"Wilson Instruments (SHA) Co., Ltd.",True
Wilson-Cook Medical Inc.,False
Wilton House Dental Surgery,False
Wilton Optical ltd,False
Wimbledon orthodontic laboratories limited,False
Wimborne Dental Laboratory,False
WiMedical GmbH,False
Windsor Centre For Advanced Dentistry,False
Wingderm Electro-Optics Ltd,True
Winkler Elastik Inh. Hilda Winkler,False
Winn dental laboratory (Stocksfield),False
Winncare,False
Winncare PAC Ltd.,True
"Winner Medical Co., Ltd.",True
Winnoz Technology Inc,False
Winter Opticians Ltd,False
Wipak Oy,True
Wipro GE Healthcare Private Ltd,True
Wipro GE Healthcare Private Ltd,True
Wirewright Ltd,False
Wirral University teaching Hospital NHS Trust,False
WISAP Medical Technologies GmBH,False
Wisdom Toothbrushes Ltd,False
Wise Dental Limited,False
WISE Srl,False
Wismed CC,True
Wissner-Bosserhof GmbH,False
Withings,True
Witney Dental Practice,False
Wivenhoe Dental Laboratory,False
WK Dental Ceramics Ltd,False
Woehlk Contactlinsen GmbH,False
Woking VE Ltd,False
Wolds Optical LTd,False
WOLF-Medizintechnik GmbH,True
Wolfeyewear Ltd,False
Wolffsohn Research,False
WOLTURNUS A/S,True
Wolverson X-Ray Ltd,False
WomanCare Global,False
Womed SAS,True
"Woo Young Medical Co., Ltd",True
Woodford Dental Services & Woodford Prosthetics Studio,False
Woods Dental,False
Woods Orthotics Ltd,False
"WOORHI MECHATRONICS Co., Ltd",True
World Class Technology Corporation,True
World Foods Brand Management Ltd,False
"Worldwide Innovations & Technologies, Inc.",False
Worthing VE Ltd,False
WoundEx Limited,False
WoundMatrix Inc,False
"Woven Orthopedic Technologies, LLC",False
WR Medical Electronics Co.,True
Wrangler Instruments,False
Wrig Nanosystems Private Limited,False
Wright Health Group Ltd,True
"Wright Medical Technology, Inc.",True
Wrightington Wigan and Leigh Teaching Hospitals NHS Foundation Trust SSDU,False
WRP Asia Pacific Sdn Bhd,False
WS SMILESTUDIO LTD,False
WSAUD A/S,False
WSM Optical Limited,False
WSR Medical Solutions Limited,False
"WU'S Tech (Vietnam) Co., Ltd.",False
"WU’S Tech Co., Ltd.",True
"Wuhan Ammunition Life-tech Co.,Ltd.",False
"Wuhan Gigaa Optronics Technology Co., Ltd.",False
"Wuhan Huashida Protective Products Co.,Ltd",False
"Wuhan J.H. Bio-Tech Co., Ltd.",True
"Wuhan Life Origin Biotech Joint Stock Co., Ltd.",True
"Wuhan MGI Tech Co., Ltd.",False
"Wuhan Pakcare Bio-technology Co., Ltd.",False
"Wuhan Pioon Technology Co., Ltd.",True
"Wuhan Raytex Protection Co., Ltd.",True
"Wuhan Servicebio Technology Co., LTD",True
"WUHAN TOPMED TRADING CO., LTD",False
"Wuhan UNscience Biotechnology Co., Ltd",False
"WuHan Youkey Bio-Medical Electronics Co., Ltd",True
"Wuhan Zoncare Bio-medical Electronics Co., Ltd.",False
"Wuhan Zoncare Bio-medical Electronics Co., Ltd.",False
"Wuhan Zonsen Medical Products Co., Ltd.",False
"Wujiang City Cloud & Dragon Medical Device Co., Ltd.",False
"Wujiang City Shenlong Medical Health Product Co., Ltd.",True
"Wujiang Kangxin Surgical Dressings Co.,Ltd.",True
WULFF,False
"Wuxi Apex Medical  Co., Ltd.",False
"Wuxi BioHermes Bio & Medical Technology Co., Ltd.",True
"Wuxi Biomedical Technology Co., Ltd.",False
"Wuxi EA Bio-Tech Co., Ltd.",False
Wuxi EA Medical Instruments Technologies Limited.,True
"WUXI EMSRUN TECHNOLOGY CO., LTD",True
"Wuxi Exanovo Medical Instrument Co., Ltd.",True
"Wuxi Hisky Medical Technologies Co., Ltd.",True
"Wuxi Jiajian Medical Instrument Co., Ltd.",True
"Wuxi Jike Electronics Co., Ltd.",False
"Wuxi Kaishun Medical Device Manufacturing Co., Ltd.",True
"Wuxi Kangqiang Industrial Equipment Co., Ltd.",False
"Wuxi NEST Biotechnology Co., Ltd",False
"Wuxi Opulen Technology Co.,Ltd.",True
"Wuxi Techstar Technology Co.,Ltd",True
Wuxi Vision Pro LTD,True
"Wuxi Wemade Healthcare Products Co., Ltd",True
Wuzhou Aokace Technology Co Ltd,False
Wycombe Dental centre,False
Wyke Dental Laboratory,False
WYSA,False
Wyvern Dental Castings Ltd.,False
Wyvern Medical Ltd,False
X L CROWN & BRIDGE LABORATORY,False
X-CEN-TEK GmbH & Co.KG,True
"X-Nav Technologies, LLC",False
X-os S.A.,False
X-System Ltd,False
X-Tech Medical Ltd,False
X6 Innovations SAS,False
Xavant Technology (Pty) Ltd,True
Xcem Ltd.,False
Xen Smiles Limited,False
Xenios AG,True
XENODERM SRL,False
XEOS Medical,True
Xeridiem Medical Devices (A Spectrum Plastics Group Company),True
"Xi'an Friendship Medical Electronics Co., Ltd (Friendship Medical)",False
Xi'an Furuize Biotechnology Co. Ltd,False
"Xiamen Ants Bro Technology Co., Ltd.",False
Xiamen Atlantis Mfc Co. Ltd.,False
"Xiamen Biotime Biotechnology Co., Ltd",True
"Xiamen Boson Biotech Co., Ltd.",True
"Xiamen Compower Medical Tech. Co., Ltd.",True
"Xiamen Hopegen Medical Technology Co., Ltd.",False
Xiamen J Brace Medical Equipment Co ltd,False
"Xiamen Probtain Medical Technology Co., Ltd",False
"Xiamen Senyang Co., Ltd.",False
"Xiamen Wiz Biotech Co., Ltd.",True
"Xiamen World Gear Sports Goods Co., Ltd",True
"Xiang Fa Li Technology (Xiamen) Co., Ltd.",False
"Xiangyang rina kang medical equipment Co., ltd",False
Xianning Full Guard Medical Products Co Ltd,False
"Xianning Full Guard Medical Products Co., Ltd",False
"Xiantao Deming Healthcare Products Co., Ltd",True
"XIANTAO MAOSHENG PLASTIC PRODUCTS CO., LTD",True
"Xiantao Rayxin Medical Products Co., Ltd.",False
"Xiantao Tongda Non-woven Products Co., Ltd.",True
"Xiantao Xingrong Protective Products Co., Ltd.",False
Xiantao Yongli Medical Products Co. Ltd,False
"Xiantao Yucheng Nonwoven Products Co., Ltd",True
"Xiantao Yunxiang Protective Products CO., LTD",False
"Xiantao Zhongtai Protective Products Co., Ltd",True
Xilloc Medical INT. B.V.,False
Xim Limited,False
"Xingtai Great Import and Export Co., Ltd.",False
"Xingyu Medical Tech Co.,Ltd",True
"Xinle Huabao Medical Products Co., Ltd",True
Xion GmbH,True
Xiros Limited,True
XO CARE A/S,True
Xodus Medical Inc.,True
Xograph Healthcare limited,False
"Xoran Technologies, LLC",False
Xplora USA LLC dba Six Month Smiles,False
Xr Mouthguards,False
XR Therapeutics Ltd,False
XS DENTAL LABORATORY,False
XSENSOR Technology Corporation,False
"XSTO CO., LTD.",True
Xstrahl Limited,False
"Xuchang Zhende Surgical Dressing Co., Ltd.",True
"Xuchang Zhengde Environstar Medical Products Co., Ltd.",True
XUND Solutions GmbH,False
"Xuzhou Heabens Medical Technology Co., Ltd.",False
"Xuzhou Kaixin Electronic Instrument Co., Ltd.",True
"Xuzhou Kernel Medical Equipment Co.,Ltd",False
"Xuzhou Yongkang Electronic Science Technology Co., Ltd",True
"Xuzhou Yongkang Electronic Technology Co., Ltd",False
XVIVO B.V.,False
XVIVO Perfusion AB,True
"Y.M.K. International Co., Ltd.",False
"Ya Horng Electronic Co., Ltd",False
"Yaan Device Co., Ltd.",True
Yamagata Casio Co Ltd,False
"YAMAHACHI DENTAL MFG., CO.",False
"YAMAKIN CO., LTD.",False
Yancheng Tiarun Medical Instrument Factory,False
"Yancheng Trancom First Aid Supplies Industrial Co., Ltd",False
"Yangzhou Changqingshu Sports Goods Co., Ltd.",False
"Yangzhou Fartley Medical Instrument Technology Co., Ltd.",True
"Yangzhou Hongwei Sports Goods Co., Ltd.",False
"Yangzhou Medline Industry Co., Ltd.",False
"Yangzhou Qiangjing Sports Products Co., Ltd.",False
"YANGZHOU SARAGUARD MEDICAL SUPPLIES CO., LTD",False
"Yangzhou Star Oral Care Products Co.,Ltd",True
"YANGZHOU SUXIANG MEDICAL INSTRUMENT CO., LTD",False
"Yangzhou Weiba Sports Goods Co., Ltd.",False
YASCO ENTERPRISE COPR.,False
Yasee Biomedical Inc.,False
"Yasui Co., Ltd.",False
YD Diagnostics CORP.,True
YDM Corporation,True
Yeovil VE Ltd,False
"Yestar (Guangxi) Medical System Co., Ltd.",True
Yilmaz Medikal,False
Yingkou Henyi Flow Control Inc,True
Yingtai Suzhou Medical Technology Co Ltd,False
"Yiwu Ori-Power Medtech Co., Ltd.",True
"Yiwu Xutai Outdoor Camping Products Co., Ltd.",False
YNR Instruments Ltd,False
"YONGKANG BEIQIN INDUSTRY&TRADE CO.,LTD",False
"Yongkang Hengyi Vehicle Co., Ltd",False
"Yongkang Ruihe Metal Products Co., LTD",False
YongKang Sinotech Import & Export Co. Ltd,False
"YONGKANG YILE VEHICLE CO., LTD",False
"Yongkang Youchi technology Co., LTD",False
Yoovy Ltd,False
"YooYoung Pharmaceutical Co., Ltd",True
Yorkshire Dental Services,False
YorkTest Laboratories Ltd,False
YouDiagnose Limited,False
YouMedical BV,False
Young Dental Manufacturing Co 1 LLC,False
Young Innovations Inc,False
Young Microbrush LLC dba Microbrush International,False
Young Microbrush LLC dba Microbrush International',False
Younger Mfg. Co.,False
Your.MD Ltd.,False
"YourBio Health, Inc.",False
YOURGENE HEALTH UK LTD,False
Yourmedpack Limited,False
YourRad AB,True
Ypsomed AG,True
YS LAB,False
YTY Industry Sdn Bhd,True
YUCEL MEDIKAL,False
YUHUAN CITY SHENGBO MOULD MANUFACTURING CO LTD,False
"Yukon Medical, LLC",True
"Yukun (Beijing) Technology Co., Ltd.",True
Yung Sheng Optical Co. Ltd.,False
"Yung Sheng Optical Co., Ltd",True
"Yunnan Huazhiyuan Medical Technology Co., Ltd.",False
"Yurim Medical Co., Ltd",True
"Yurob Rehabilitation Medical Co., Ltd",False
"Yushin Medical Co., Ltd",True
"Yutong (Zhejiang) Medical Technology Co., Ltd",False
"Yuyao Guangjing Medical Instrument Co., Ltd.",False
"Yuyao Hairui Medical Devices Co., Ltd",False
Yuyeang Industrial Company Limited,False
YUYU Designs Ltd,False
Yvsolab NV,True
Z-Medical GmbH + Co. KG,True
Zack Eye Clinic Ltd,False
ZACROS Corporation,False
ZADI TIBBI GERECLER SAN VE TIC A.S,False
ZAHONERO S.L.U.,False
"Zakład Techniki Medycznej ""TECH-MED"" Sp. z o.o.",True
Zamar Medical d.o.o,False
"Zap Surgical Systems, Inc.",True
ZAS Eyecare Limited,False
Zasber International,False
Zeal Lifestyle Ltd,False
Zebra A/S,False
Zeltiq Aesthetics Inc,False
Zemurg,False
Zenicor Medical Systems AB,True
Zenith Dental Laboratory Ltd,False
Zenith Digital Dental Lab,False
Zepf Medical Instruments Gmbh,True
Zeptometrix,False
Zero-Cast Ltd,False
"Zerone Co., Ltd",True
"Zest Anchors, LLC",True
Zeta S.r.l.,False
Zeteon Limited,False
ZETESMED Ltd  t/a BUTTERFLY Dental,False
Zethon Ltd,True
Zetta Genomics LTD,False
Zetta25 AG,False
"Zeus Scientific, Inc.",False
Zevex Inc (DBA MOOG Medical Devices),False
Zfx GmbH,True
"Zhangjiagang Dayu Rubber Products Co., Ltd",True
"ZHANGJIAGANG MEDI MEDICAL EQUIPMENT CO., LTD",True
"ZHANGJIAGANG XIEHE MEDICAL APPARATUS & INSTRUMENTS CO., LTD",False
"Zhanjiang Star Enterprise Co., Ltd",True
"ZHEJIANG B.M. INDUSTRIAL CO., LTD.",True
"ZHEJIANG BANGHAONING MEDICAL SUPPLIES CO., LTD",False
"Zhejiang Barty Medical Technology Co., Ltd.",True
"Zhejiang Biorear Biotechnology Co., Ltd.",False
Zhejiang Changdi Medical Co.Ltd,False
"Zhejiang Chuangxiang Medical Technology Co., LTD.",True
Zhejiang POCTech Co. LTD,False
Zhejiang Fomos Medical Technology Co. Ltd,False
"Zhejiang Geyi Medical Instrument Co., Ltd.",False
"Zhejiang Goosetec Co.,Ltd",False
"Zhejiang Healnoc Technology CO., LTD",True
"Zhejiang Hfizer Medical Equipment CO., LTD",False
"Zhejiang Hongyu Medical Commodity Co., Ltd",False
"Zhejiang Huafu Medical Equipment Co., Ltd",False
"Zhejiang Innuovo Rehabilitation Devices Co., Ltd",False
"ZheJiang J&J Mobility Co., Ltd",True
"Zhejiang Jingjia Medical Technology Co., Ltd.",True
"Zhejiang Kindly Medical Devices Co., Ltd.",True
Zhejiang Lanhine Medical Products Ltd.,True
"Zhejiang Longde Pharmaceutical Co., Ltd.",False
"Zhejiang Longmed Medical Technology Co., Ltd",False
"Zhejiang Longterm Medical Technology Co., Ltd.",True
"Zhejiang Maizi Hosiery Technology Co,. Ltd",False
Zhejiang Mediunion Healthcare Group Co. Ltd.,False
Zhejiang Medstar Technology Co Ltd,False
"Zhejiang Medstar Technology Co., Ltd.",True
"ZHEJIANG NYSIN MEDICAL CO., LTD",False
"Zhejiang Ori-power Medtech Co., Ltd.",False
Zhejiang Orient Gene Biotech Co. Ltd,False
"Zhejiang PushKang Biotechnology Co., Ltd.",False
"Zhejiang Qianxi Vehicle Co., Ltd.",False
"Zhejiang Rehan Medical Manufacturing Co., Ltd.",True
"Zhejiang Richall Medical Technology Co., Ltd.",True
"ZHEJIANG RUNLAB TECHNOLOGY CO., LTD.",True
"Zhejiang Runqiang Medical Instruments Co., Ltd.",False
"Zhejiang Shuyou Surgical Instrument Co., Ltd.",True
"Zhejiang Tongda Electric Appliance Co., Ltd",False
"ZHEJIANG TONGDA OPTICAL CO.,LTD.",True
"ZHEJIANG TOPWE TOOLS MANUFACTURING CO., LTD",False
Zhejiang UE Medical Corp.,False
"Zhejiang YiGao Medical Technology Co., Ltd.",False
"Zhejiang Yikang Medical Technology Co. , Ltd.",False
"Zhejiang Yinchili Medical Technology Co., Ltd.",True
Zhejiang Zhonglei Medical Technology Co. Ltd,False
"Zhejiang Zhuoyi Industrial & Trading Co.,Ltd",True
"Zhende Medical Co., Ltd.",False
"ZHENGZHOU BESCO MEDICAL CO., LTD",False
"Zhengzhou Fortune Bioscience Co., Ltd.",False
"Zhengzhou Huaer Electro-Optics Technology Co., Ltd.",False
Zhengzhou PZ Laser Slim Technology Co Limited,False
"ZIMMER U.S., Inc. Connected Health",False
"Zhengzhou PZ Laser Slim Technology Co., Ltd",True
"Zhenjiang Assure Medical Equipment Co.,Ltd.",False
"Zhenjiang Rapid Rehab & Instrument Co., Ltd.",False
"Zhenjiang U-Nurse Medical Equipment Co., Ltd",False
Zhermack SpA (Italy),False
"ZhiDeMingChuang Biotechnology (Wuxi) Co., Ltd.",False
"Zhonghong Pulin Medical Products Co., Ltd.",False
"Zhongshan Aolike Medical Equipment Technology Co., Ltd.",True
"Zhongshan Bliss Medical Instrument Co., Ltd.",True
"Zhongshan City GENTRY Hardware Products Co., Ltd",True
"Zhongshan First Medical Equipment Co., Ltd.",False
"Zhongshan First Medical Equipment Co., Ltd.",False
"Zhongshan Jinli Electronic Weighing Equipment Co., Ltd.",True
"ZHONGSHAN QUNN MEDICAL EQUIPMENT CO., LTD",False
"Zhongshan World Medical Insturments Co., Ltd.",False
"Zhongxiu Science and Technology Co., Ltd.",False
"Zhuhai Baso Gene Technology Co., Ltd.",False
"Zhuhai DL BioTech Co., Ltd",False
"Zhuhai DR Medical Instruments Co., Ltd",True
"Zhuhai Ton-Bridge Medical Tech. Co., Ltd.",False
Zinexts Life Science Corp.,True
"Zhuhai Vision Medical Technology Co., Ltd.",True
Zhuji Zhiwei Information and Technology Ltd.,True
"Zhuolu Jontelaser Manufacturing Technology Co., Ltd.",False
"Zibo Blue Sail Health Technology Co., Ltd.",True
"Zibo Blue Sail Innovation Co., Ltd.",False
"Zibo Blue Sail Protective Products Co., Ltd.",False
Zibo Qiaosend Medical Articles Co Ltd,False
"Zibo Qichuang Medical Products Co., Ltd",True
"Zibo Sunrise Medical Co., Ltd",True
Ziehm Imaging GmbH,True
"Ziehm-Orthoscan, Inc.",False
"ZIEN Medical Technologies, Inc",False
"ZIEN Medical Technologies, Inc",False
"Zimmer Biomet Spine, Inc.",True
Zimmer CAS,True
Zimmer Dental Inc,False
Zimmer GmbH,False
Zimmer Inc.,False
Zimmer Knee Creations,False
Zimmer MedizinSysteme GmbH,True
Zimmer Surgical,False
Zimmer Surgical SA,False
Zimmer Switzerland Manufacturing GmbH,False
"Zimmer Trabecular Metal Technology, Inc",False
ZIP Diagnostics Pty Ltd,True
Zirkonzahn srl,True
Ziwig,True
"Ziyang Freqty Medical Equipment Co., Ltd.",True
ZKD Dental Laboratory,False
ZL Microdent-Attachment GmbH & Co. KG,False
ZMI Electronics Ltd,False
"ZOGEAR Medical Co., Ltd.",True
"ZOLL Circulation, Inc",False
ZOLL Manufacturing Corporation,True
ZOLL Medical Corporation,False
ZOLL Medical Israel Ltd.,True
ZOLL Medical UK Ltd,False
Zoobiotic Ltd T/A BioMonde,False
ZRT Laboratory,False
Zuccari Srl,False
Zucchetti Centro Sistemi SpA,False
Zuche Pharmaceuticals Pvt. Ltd.,False
Zumax Medical Co Ltd,False
Zyagnum AG,False
Zybio Inc,True
Zych Ceramics Dental Laboratory,False
"Zylox-Tonbridge Medical Technology Co., Ltd.",False
Zymo Research Corporation,True
ZyMot Fertility Inc.,True
"Zyris, Inc.",True
ZytoVision GmbH,True
